stack,position,hand,allin,raise,call,fold,boundary,source_frame
4,UTG,AA,100,0,0,0,false,frame_000.00.png
4,UTG,AKs,100,0,0,0,false,frame_000.00.png
4,UTG,AQs,100,0,0,0,false,frame_000.00.png
4,UTG,AJs,100,0,0,0,false,frame_000.00.png
4,UTG,ATs,100,0,0,0,false,frame_000.00.png
4,UTG,A9s,100,0,0,0,false,frame_000.00.png
4,UTG,A8s,100,0,0,0,false,frame_000.00.png
4,UTG,A7s,100,0,0,0,false,frame_000.00.png
4,UTG,A6s,100,0,0,0,false,frame_000.00.png
4,UTG,A5s,100,0,0,0,false,frame_000.00.png
4,UTG,A4s,100,0,0,0,false,frame_000.00.png
4,UTG,A3s,100,0,0,0,false,frame_000.00.png
4,UTG,A2s,100,0,0,0,false,frame_000.00.png
4,UTG,AKo,100,0,0,0,false,frame_000.00.png
4,UTG,KK,100,0,0,0,false,frame_000.00.png
4,UTG,KQs,100,0,0,0,false,frame_000.00.png
4,UTG,KJs,100,0,0,0,false,frame_000.00.png
4,UTG,KTs,100,0,0,0,false,frame_000.00.png
4,UTG,K9s,100,0,0,0,false,frame_000.00.png
4,UTG,K8s,100,0,0,0,false,frame_000.00.png
4,UTG,K7s,100,0,0,0,false,frame_000.00.png
4,UTG,K6s,100,0,0,0,false,frame_000.00.png
4,UTG,K5s,76,0,0,24,false,frame_000.00.png
4,UTG,K4s,0,0,0,100,false,frame_000.00.png
4,UTG,K3s,0,0,0,100,false,frame_000.00.png
4,UTG,K2s,0,0,0,100,false,frame_000.00.png
4,UTG,AQo,100,0,0,0,false,frame_000.00.png
4,UTG,KQo,100,0,0,0,false,frame_000.00.png
4,UTG,QQ,100,0,0,0,false,frame_000.00.png
4,UTG,QJs,100,0,0,0,false,frame_000.00.png
4,UTG,QTs,100,0,0,0,false,frame_000.00.png
4,UTG,Q9s,100,0,0,0,false,frame_000.00.png
4,UTG,Q8s,100,0,0,0,false,frame_000.00.png
4,UTG,Q7s,0,0,0,100,false,frame_000.00.png
4,UTG,Q6s,0,0,0,100,false,frame_000.00.png
4,UTG,Q5s,0,0,0,100,false,frame_000.00.png
4,UTG,Q4s,0,0,0,100,false,frame_000.00.png
4,UTG,Q3s,0,0,0,100,false,frame_000.00.png
4,UTG,Q2s,0,0,0,100,false,frame_000.00.png
4,UTG,AJo,100,0,0,0,false,frame_000.00.png
4,UTG,KJo,100,0,0,0,false,frame_000.00.png
4,UTG,QJo,100,0,0,0,false,frame_000.00.png
4,UTG,JJ,100,0,0,0,false,frame_000.00.png
4,UTG,JTs,100,0,0,0,false,frame_000.00.png
4,UTG,J9s,100,0,0,0,false,frame_000.00.png
4,UTG,J8s,0,0,0,100,false,frame_000.00.png
4,UTG,J7s,0,0,0,100,false,frame_000.00.png
4,UTG,J6s,0,0,0,100,false,frame_000.00.png
4,UTG,J5s,0,0,0,100,false,frame_000.00.png
4,UTG,J4s,0,0,0,100,false,frame_000.00.png
4,UTG,J3s,0,0,0,100,false,frame_000.00.png
4,UTG,J2s,0,0,0,100,false,frame_000.00.png
4,UTG,ATo,100,0,0,0,false,frame_000.00.png
4,UTG,KTo,100,0,0,0,false,frame_000.00.png
4,UTG,QTo,100,0,0,0,false,frame_000.00.png
4,UTG,JTo,100,0,0,0,false,frame_000.00.png
4,UTG,TT,100,0,0,0,false,frame_000.00.png
4,UTG,T9s,100,0,0,0,false,frame_000.00.png
4,UTG,T8s,0,0,0,100,false,frame_000.00.png
4,UTG,T7s,0,0,0,100,false,frame_000.00.png
4,UTG,T6s,0,0,0,100,false,frame_000.00.png
4,UTG,T5s,0,0,0,100,false,frame_000.00.png
4,UTG,T4s,0,0,0,100,false,frame_000.00.png
4,UTG,T3s,0,0,0,100,false,frame_000.00.png
4,UTG,T2s,0,0,0,100,false,frame_000.00.png
4,UTG,A9o,100,0,0,0,false,frame_000.00.png
4,UTG,K9o,0,0,0,100,false,frame_000.00.png
4,UTG,Q9o,0,0,0,100,false,frame_000.00.png
4,UTG,J9o,0,0,0,100,false,frame_000.00.png
4,UTG,T9o,0,0,0,100,false,frame_000.00.png
4,UTG,99,100,0,0,0,false,frame_000.00.png
4,UTG,98s,82,0,0,18,false,frame_000.00.png
4,UTG,97s,0,0,0,100,false,frame_000.00.png
4,UTG,96s,0,0,0,100,false,frame_000.00.png
4,UTG,95s,0,0,0,100,false,frame_000.00.png
4,UTG,94s,0,0,0,100,false,frame_000.00.png
4,UTG,93s,0,0,0,100,false,frame_000.00.png
4,UTG,92s,0,0,0,100,false,frame_000.00.png
4,UTG,A8o,100,0,0,0,false,frame_000.00.png
4,UTG,K8o,0,0,0,100,false,frame_000.00.png
4,UTG,Q8o,0,0,0,100,false,frame_000.00.png
4,UTG,J8o,0,0,0,100,false,frame_000.00.png
4,UTG,T8o,0,0,0,100,false,frame_000.00.png
4,UTG,98o,0,0,0,100,false,frame_000.00.png
4,UTG,88,100,0,0,0,false,frame_000.00.png
4,UTG,87s,0,0,0,100,false,frame_000.00.png
4,UTG,86s,0,0,0,100,false,frame_000.00.png
4,UTG,85s,0,0,0,100,false,frame_000.00.png
4,UTG,84s,0,0,0,100,false,frame_000.00.png
4,UTG,83s,0,0,0,100,false,frame_000.00.png
4,UTG,82s,0,0,0,100,false,frame_000.00.png
4,UTG,A7o,100,0,0,0,false,frame_000.00.png
4,UTG,K7o,0,0,0,100,false,frame_000.00.png
4,UTG,Q7o,0,0,0,100,false,frame_000.00.png
4,UTG,J7o,0,0,0,100,false,frame_000.00.png
4,UTG,T7o,0,0,0,100,false,frame_000.00.png
4,UTG,97o,0,0,0,100,false,frame_000.00.png
4,UTG,87o,0,0,0,100,false,frame_000.00.png
4,UTG,77,100,0,0,0,false,frame_000.00.png
4,UTG,76s,0,0,0,100,false,frame_000.00.png
4,UTG,75s,0,0,0,100,false,frame_000.00.png
4,UTG,74s,0,0,0,100,false,frame_000.00.png
4,UTG,73s,0,0,0,100,false,frame_000.00.png
4,UTG,72s,0,0,0,100,false,frame_000.00.png
4,UTG,A6o,100,0,0,0,false,frame_000.00.png
4,UTG,K6o,0,0,0,100,false,frame_000.00.png
4,UTG,Q6o,0,0,0,100,false,frame_000.00.png
4,UTG,J6o,0,0,0,100,false,frame_000.00.png
4,UTG,T6o,0,0,0,100,false,frame_000.00.png
4,UTG,96o,0,0,0,100,false,frame_000.00.png
4,UTG,86o,0,0,0,100,false,frame_000.00.png
4,UTG,76o,0,0,0,100,false,frame_000.00.png
4,UTG,66,100,0,0,0,false,frame_000.00.png
4,UTG,65s,0,0,0,100,false,frame_000.00.png
4,UTG,64s,0,0,0,100,false,frame_000.00.png
4,UTG,63s,0,0,0,100,false,frame_000.00.png
4,UTG,62s,0,0,0,100,false,frame_000.00.png
4,UTG,A5o,100,0,0,0,false,frame_000.00.png
4,UTG,K5o,0,0,0,100,false,frame_000.00.png
4,UTG,Q5o,0,0,0,100,false,frame_000.00.png
4,UTG,J5o,0,0,0,100,false,frame_000.00.png
4,UTG,T5o,0,0,0,100,false,frame_000.00.png
4,UTG,95o,0,0,0,100,false,frame_000.00.png
4,UTG,85o,0,0,0,100,false,frame_000.00.png
4,UTG,75o,0,0,0,100,false,frame_000.00.png
4,UTG,65o,0,0,0,100,false,frame_000.00.png
4,UTG,55,100,0,0,0,false,frame_000.00.png
4,UTG,54s,0,0,0,100,false,frame_000.00.png
4,UTG,53s,0,0,0,100,false,frame_000.00.png
4,UTG,52s,0,0,0,100,false,frame_000.00.png
4,UTG,A4o,100,0,0,0,false,frame_000.00.png
4,UTG,K4o,0,0,0,100,false,frame_000.00.png
4,UTG,Q4o,0,0,0,100,false,frame_000.00.png
4,UTG,J4o,0,0,0,100,false,frame_000.00.png
4,UTG,T4o,0,0,0,100,false,frame_000.00.png
4,UTG,94o,0,0,0,100,false,frame_000.00.png
4,UTG,84o,0,0,0,100,false,frame_000.00.png
4,UTG,74o,0,0,0,100,false,frame_000.00.png
4,UTG,64o,0,0,0,100,false,frame_000.00.png
4,UTG,54o,0,0,0,100,false,frame_000.00.png
4,UTG,44,100,0,0,0,false,frame_000.00.png
4,UTG,43s,0,0,0,100,false,frame_000.00.png
4,UTG,42s,0,0,0,100,false,frame_000.00.png
4,UTG,A3o,0,0,0,100,false,frame_000.00.png
4,UTG,K3o,0,0,0,100,false,frame_000.00.png
4,UTG,Q3o,0,0,0,100,false,frame_000.00.png
4,UTG,J3o,0,0,0,100,false,frame_000.00.png
4,UTG,T3o,0,0,0,100,false,frame_000.00.png
4,UTG,93o,0,0,0,100,false,frame_000.00.png
4,UTG,83o,0,0,0,100,false,frame_000.00.png
4,UTG,73o,0,0,0,100,false,frame_000.00.png
4,UTG,63o,0,0,0,100,false,frame_000.00.png
4,UTG,53o,0,0,0,100,false,frame_000.00.png
4,UTG,43o,0,0,0,100,false,frame_000.00.png
4,UTG,33,100,0,0,0,false,frame_000.00.png
4,UTG,32s,0,0,0,100,false,frame_000.00.png
4,UTG,A2o,0,0,0,100,false,frame_000.00.png
4,UTG,K2o,0,0,0,100,false,frame_000.00.png
4,UTG,Q2o,0,0,0,100,false,frame_000.00.png
4,UTG,J2o,0,0,0,100,false,frame_000.00.png
4,UTG,T2o,0,0,0,100,false,frame_000.00.png
4,UTG,92o,0,0,0,100,false,frame_000.00.png
4,UTG,82o,0,0,0,100,false,frame_000.00.png
4,UTG,72o,0,0,0,100,false,frame_000.00.png
4,UTG,62o,0,0,0,100,false,frame_000.00.png
4,UTG,52o,0,0,0,100,false,frame_000.00.png
4,UTG,42o,0,0,0,100,false,frame_000.00.png
4,UTG,32o,0,0,0,100,false,frame_000.00.png
4,UTG,22,0,0,0,100,false,frame_000.00.png
4,UTG1,AA,100,0,0,0,false,frame_003.00.png
4,UTG1,AKs,100,0,0,0,false,frame_003.00.png
4,UTG1,AQs,100,0,0,0,false,frame_003.00.png
4,UTG1,AJs,100,0,0,0,false,frame_003.00.png
4,UTG1,ATs,100,0,0,0,false,frame_003.00.png
4,UTG1,A9s,100,0,0,0,false,frame_003.00.png
4,UTG1,A8s,100,0,0,0,false,frame_003.00.png
4,UTG1,A7s,100,0,0,0,false,frame_003.00.png
4,UTG1,A6s,100,0,0,0,false,frame_003.00.png
4,UTG1,A5s,100,0,0,0,false,frame_003.00.png
4,UTG1,A4s,100,0,0,0,false,frame_003.00.png
4,UTG1,A3s,100,0,0,0,false,frame_003.00.png
4,UTG1,A2s,100,0,0,0,false,frame_003.00.png
4,UTG1,AKo,100,0,0,0,false,frame_003.00.png
4,UTG1,KK,100,0,0,0,false,frame_003.00.png
4,UTG1,KQs,100,0,0,0,false,frame_003.00.png
4,UTG1,KJs,100,0,0,0,false,frame_003.00.png
4,UTG1,KTs,100,0,0,0,false,frame_003.00.png
4,UTG1,K9s,100,0,0,0,false,frame_003.00.png
4,UTG1,K8s,100,0,0,0,false,frame_003.00.png
4,UTG1,K7s,100,0,0,0,false,frame_003.00.png
4,UTG1,K6s,100,0,0,0,false,frame_003.00.png
4,UTG1,K5s,100,0,0,0,false,frame_003.00.png
4,UTG1,K4s,0,0,0,100,false,frame_003.00.png
4,UTG1,K3s,0,0,0,100,false,frame_003.00.png
4,UTG1,K2s,0,0,0,100,false,frame_003.00.png
4,UTG1,AQo,100,0,0,0,false,frame_003.00.png
4,UTG1,KQo,100,0,0,0,false,frame_003.00.png
4,UTG1,QQ,100,0,0,0,false,frame_003.00.png
4,UTG1,QJs,100,0,0,0,false,frame_003.00.png
4,UTG1,QTs,100,0,0,0,false,frame_003.00.png
4,UTG1,Q9s,100,0,0,0,false,frame_003.00.png
4,UTG1,Q8s,100,0,0,0,false,frame_003.00.png
4,UTG1,Q7s,0,0,0,100,false,frame_003.00.png
4,UTG1,Q6s,0,0,0,100,false,frame_003.00.png
4,UTG1,Q5s,0,0,0,100,false,frame_003.00.png
4,UTG1,Q4s,0,0,0,100,false,frame_003.00.png
4,UTG1,Q3s,0,0,0,100,false,frame_003.00.png
4,UTG1,Q2s,0,0,0,100,false,frame_003.00.png
4,UTG1,AJo,100,0,0,0,false,frame_003.00.png
4,UTG1,KJo,100,0,0,0,false,frame_003.00.png
4,UTG1,QJo,100,0,0,0,false,frame_003.00.png
4,UTG1,JJ,100,0,0,0,false,frame_003.00.png
4,UTG1,JTs,100,0,0,0,false,frame_003.00.png
4,UTG1,J9s,100,0,0,0,false,frame_003.00.png
4,UTG1,J8s,100,0,0,0,false,frame_003.00.png
4,UTG1,J7s,0,0,0,100,false,frame_003.00.png
4,UTG1,J6s,0,0,0,100,false,frame_003.00.png
4,UTG1,J5s,0,0,0,100,false,frame_003.00.png
4,UTG1,J4s,0,0,0,100,false,frame_003.00.png
4,UTG1,J3s,0,0,0,100,false,frame_003.00.png
4,UTG1,J2s,0,0,0,100,false,frame_003.00.png
4,UTG1,ATo,100,0,0,0,false,frame_003.00.png
4,UTG1,KTo,100,0,0,0,false,frame_003.00.png
4,UTG1,QTo,100,0,0,0,false,frame_003.00.png
4,UTG1,JTo,100,0,0,0,false,frame_003.00.png
4,UTG1,TT,100,0,0,0,false,frame_003.00.png
4,UTG1,T9s,100,0,0,0,false,frame_003.00.png
4,UTG1,T8s,100,0,0,0,false,frame_003.00.png
4,UTG1,T7s,0,0,0,100,false,frame_003.00.png
4,UTG1,T6s,0,0,0,100,false,frame_003.00.png
4,UTG1,T5s,0,0,0,100,false,frame_003.00.png
4,UTG1,T4s,0,0,0,100,false,frame_003.00.png
4,UTG1,T3s,0,0,0,100,false,frame_003.00.png
4,UTG1,T2s,0,0,0,100,false,frame_003.00.png
4,UTG1,A9o,100,0,0,0,false,frame_003.00.png
4,UTG1,K9o,100,0,0,0,false,frame_003.00.png
4,UTG1,Q9o,0,0,0,100,false,frame_003.00.png
4,UTG1,J9o,0,0,0,100,false,frame_003.00.png
4,UTG1,T9o,0,0,0,100,false,frame_003.00.png
4,UTG1,99,100,0,0,0,false,frame_003.00.png
4,UTG1,98s,100,0,0,0,false,frame_003.00.png
4,UTG1,97s,0,0,0,100,false,frame_003.00.png
4,UTG1,96s,0,0,0,100,false,frame_003.00.png
4,UTG1,95s,0,0,0,100,false,frame_003.00.png
4,UTG1,94s,0,0,0,100,false,frame_003.00.png
4,UTG1,93s,0,0,0,100,false,frame_003.00.png
4,UTG1,92s,0,0,0,100,false,frame_003.00.png
4,UTG1,A8o,100,0,0,0,false,frame_003.00.png
4,UTG1,K8o,0,0,0,100,false,frame_003.00.png
4,UTG1,Q8o,0,0,0,100,false,frame_003.00.png
4,UTG1,J8o,0,0,0,100,false,frame_003.00.png
4,UTG1,T8o,0,0,0,100,false,frame_003.00.png
4,UTG1,98o,0,0,0,100,false,frame_003.00.png
4,UTG1,88,100,0,0,0,false,frame_003.00.png
4,UTG1,87s,0,0,0,100,false,frame_003.00.png
4,UTG1,86s,0,0,0,100,false,frame_003.00.png
4,UTG1,85s,0,0,0,100,false,frame_003.00.png
4,UTG1,84s,0,0,0,100,false,frame_003.00.png
4,UTG1,83s,0,0,0,100,false,frame_003.00.png
4,UTG1,82s,0,0,0,100,false,frame_003.00.png
4,UTG1,A7o,100,0,0,0,false,frame_003.00.png
4,UTG1,K7o,0,0,0,100,false,frame_003.00.png
4,UTG1,Q7o,0,0,0,100,false,frame_003.00.png
4,UTG1,J7o,0,0,0,100,false,frame_003.00.png
4,UTG1,T7o,0,0,0,100,false,frame_003.00.png
4,UTG1,97o,0,0,0,100,false,frame_003.00.png
4,UTG1,87o,0,0,0,100,false,frame_003.00.png
4,UTG1,77,100,0,0,0,false,frame_003.00.png
4,UTG1,76s,0,0,0,100,false,frame_003.00.png
4,UTG1,75s,0,0,0,100,false,frame_003.00.png
4,UTG1,74s,0,0,0,100,false,frame_003.00.png
4,UTG1,73s,0,0,0,100,false,frame_003.00.png
4,UTG1,72s,0,0,0,100,false,frame_003.00.png
4,UTG1,A6o,100,0,0,0,false,frame_003.00.png
4,UTG1,K6o,0,0,0,100,false,frame_003.00.png
4,UTG1,Q6o,0,0,0,100,false,frame_003.00.png
4,UTG1,J6o,0,0,0,100,false,frame_003.00.png
4,UTG1,T6o,0,0,0,100,false,frame_003.00.png
4,UTG1,96o,0,0,0,100,false,frame_003.00.png
4,UTG1,86o,0,0,0,100,false,frame_003.00.png
4,UTG1,76o,0,0,0,100,false,frame_003.00.png
4,UTG1,66,100,0,0,0,false,frame_003.00.png
4,UTG1,65s,0,0,0,100,false,frame_003.00.png
4,UTG1,64s,0,0,0,100,false,frame_003.00.png
4,UTG1,63s,0,0,0,100,false,frame_003.00.png
4,UTG1,62s,0,0,0,100,false,frame_003.00.png
4,UTG1,A5o,100,0,0,0,false,frame_003.00.png
4,UTG1,K5o,0,0,0,100,false,frame_003.00.png
4,UTG1,Q5o,0,0,0,100,false,frame_003.00.png
4,UTG1,J5o,0,0,0,100,false,frame_003.00.png
4,UTG1,T5o,0,0,0,100,false,frame_003.00.png
4,UTG1,95o,0,0,0,100,false,frame_003.00.png
4,UTG1,85o,0,0,0,100,false,frame_003.00.png
4,UTG1,75o,0,0,0,100,false,frame_003.00.png
4,UTG1,65o,0,0,0,100,false,frame_003.00.png
4,UTG1,55,100,0,0,0,false,frame_003.00.png
4,UTG1,54s,0,0,0,100,false,frame_003.00.png
4,UTG1,53s,0,0,0,100,false,frame_003.00.png
4,UTG1,52s,0,0,0,100,false,frame_003.00.png
4,UTG1,A4o,100,0,0,0,false,frame_003.00.png
4,UTG1,K4o,0,0,0,100,false,frame_003.00.png
4,UTG1,Q4o,0,0,0,100,false,frame_003.00.png
4,UTG1,J4o,0,0,0,100,false,frame_003.00.png
4,UTG1,T4o,0,0,0,100,false,frame_003.00.png
4,UTG1,94o,0,0,0,100,false,frame_003.00.png
4,UTG1,84o,0,0,0,100,false,frame_003.00.png
4,UTG1,74o,0,0,0,100,false,frame_003.00.png
4,UTG1,64o,0,0,0,100,false,frame_003.00.png
4,UTG1,54o,0,0,0,100,false,frame_003.00.png
4,UTG1,44,100,0,0,0,false,frame_003.00.png
4,UTG1,43s,0,0,0,100,false,frame_003.00.png
4,UTG1,42s,0,0,0,100,false,frame_003.00.png
4,UTG1,A3o,100,0,0,0,false,frame_003.00.png
4,UTG1,K3o,0,0,0,100,false,frame_003.00.png
4,UTG1,Q3o,0,0,0,100,false,frame_003.00.png
4,UTG1,J3o,0,0,0,100,false,frame_003.00.png
4,UTG1,T3o,0,0,0,100,false,frame_003.00.png
4,UTG1,93o,0,0,0,100,false,frame_003.00.png
4,UTG1,83o,0,0,0,100,false,frame_003.00.png
4,UTG1,73o,0,0,0,100,false,frame_003.00.png
4,UTG1,63o,0,0,0,100,false,frame_003.00.png
4,UTG1,53o,0,0,0,100,false,frame_003.00.png
4,UTG1,43o,0,0,0,100,false,frame_003.00.png
4,UTG1,33,100,0,0,0,false,frame_003.00.png
4,UTG1,32s,0,0,0,100,false,frame_003.00.png
4,UTG1,A2o,0,0,0,100,false,frame_003.00.png
4,UTG1,K2o,0,0,0,100,false,frame_003.00.png
4,UTG1,Q2o,0,0,0,100,false,frame_003.00.png
4,UTG1,J2o,0,0,0,100,false,frame_003.00.png
4,UTG1,T2o,0,0,0,100,false,frame_003.00.png
4,UTG1,92o,0,0,0,100,false,frame_003.00.png
4,UTG1,82o,0,0,0,100,false,frame_003.00.png
4,UTG1,72o,0,0,0,100,false,frame_003.00.png
4,UTG1,62o,0,0,0,100,false,frame_003.00.png
4,UTG1,52o,0,0,0,100,false,frame_003.00.png
4,UTG1,42o,0,0,0,100,false,frame_003.00.png
4,UTG1,32o,0,0,0,100,false,frame_003.00.png
4,UTG1,22,0,0,0,100,false,frame_003.00.png
4,LJ,AA,100,0,0,0,false,frame_004.00.png
4,LJ,AKs,100,0,0,0,false,frame_004.00.png
4,LJ,AQs,100,0,0,0,false,frame_004.00.png
4,LJ,AJs,100,0,0,0,false,frame_004.00.png
4,LJ,ATs,100,0,0,0,false,frame_004.00.png
4,LJ,A9s,100,0,0,0,false,frame_004.00.png
4,LJ,A8s,100,0,0,0,false,frame_004.00.png
4,LJ,A7s,100,0,0,0,false,frame_004.00.png
4,LJ,A6s,100,0,0,0,false,frame_004.00.png
4,LJ,A5s,100,0,0,0,false,frame_004.00.png
4,LJ,A4s,100,0,0,0,false,frame_004.00.png
4,LJ,A3s,100,0,0,0,false,frame_004.00.png
4,LJ,A2s,100,0,0,0,false,frame_004.00.png
4,LJ,AKo,100,0,0,0,false,frame_004.00.png
4,LJ,KK,100,0,0,0,false,frame_004.00.png
4,LJ,KQs,100,0,0,0,false,frame_004.00.png
4,LJ,KJs,100,0,0,0,false,frame_004.00.png
4,LJ,KTs,100,0,0,0,false,frame_004.00.png
4,LJ,K9s,100,0,0,0,false,frame_004.00.png
4,LJ,K8s,100,0,0,0,false,frame_004.00.png
4,LJ,K7s,100,0,0,0,false,frame_004.00.png
4,LJ,K6s,100,0,0,0,false,frame_004.00.png
4,LJ,K5s,100,0,0,0,false,frame_004.00.png
4,LJ,K4s,0,0,0,100,false,frame_004.00.png
4,LJ,K3s,0,0,0,100,false,frame_004.00.png
4,LJ,K2s,0,0,0,100,false,frame_004.00.png
4,LJ,AQo,100,0,0,0,false,frame_004.00.png
4,LJ,KQo,100,0,0,0,false,frame_004.00.png
4,LJ,QQ,100,0,0,0,false,frame_004.00.png
4,LJ,QJs,100,0,0,0,false,frame_004.00.png
4,LJ,QTs,100,0,0,0,false,frame_004.00.png
4,LJ,Q9s,100,0,0,0,false,frame_004.00.png
4,LJ,Q8s,100,0,0,0,false,frame_004.00.png
4,LJ,Q7s,0,0,0,100,false,frame_004.00.png
4,LJ,Q6s,0,0,0,100,false,frame_004.00.png
4,LJ,Q5s,0,0,0,100,false,frame_004.00.png
4,LJ,Q4s,0,0,0,100,false,frame_004.00.png
4,LJ,Q3s,0,0,0,100,false,frame_004.00.png
4,LJ,Q2s,0,0,0,100,false,frame_004.00.png
4,LJ,AJo,100,0,0,0,false,frame_004.00.png
4,LJ,KJo,100,0,0,0,false,frame_004.00.png
4,LJ,QJo,100,0,0,0,false,frame_004.00.png
4,LJ,JJ,100,0,0,0,false,frame_004.00.png
4,LJ,JTs,100,0,0,0,false,frame_004.00.png
4,LJ,J9s,100,0,0,0,false,frame_004.00.png
4,LJ,J8s,100,0,0,0,false,frame_004.00.png
4,LJ,J7s,0,0,0,100,false,frame_004.00.png
4,LJ,J6s,0,0,0,100,false,frame_004.00.png
4,LJ,J5s,0,0,0,100,false,frame_004.00.png
4,LJ,J4s,0,0,0,100,false,frame_004.00.png
4,LJ,J3s,0,0,0,100,false,frame_004.00.png
4,LJ,J2s,0,0,0,100,false,frame_004.00.png
4,LJ,ATo,100,0,0,0,false,frame_004.00.png
4,LJ,KTo,100,0,0,0,false,frame_004.00.png
4,LJ,QTo,100,0,0,0,false,frame_004.00.png
4,LJ,JTo,100,0,0,0,false,frame_004.00.png
4,LJ,TT,100,0,0,0,false,frame_004.00.png
4,LJ,T9s,100,0,0,0,false,frame_004.00.png
4,LJ,T8s,100,0,0,0,false,frame_004.00.png
4,LJ,T7s,0,0,0,100,false,frame_004.00.png
4,LJ,T6s,0,0,0,100,false,frame_004.00.png
4,LJ,T5s,0,0,0,100,false,frame_004.00.png
4,LJ,T4s,0,0,0,100,false,frame_004.00.png
4,LJ,T3s,0,0,0,100,false,frame_004.00.png
4,LJ,T2s,0,0,0,100,false,frame_004.00.png
4,LJ,A9o,100,0,0,0,false,frame_004.00.png
4,LJ,K9o,100,0,0,0,false,frame_004.00.png
4,LJ,Q9o,0,0,0,100,false,frame_004.00.png
4,LJ,J9o,0,0,0,100,false,frame_004.00.png
4,LJ,T9o,0,0,0,100,false,frame_004.00.png
4,LJ,99,100,0,0,0,false,frame_004.00.png
4,LJ,98s,100,0,0,0,false,frame_004.00.png
4,LJ,97s,0,0,0,100,false,frame_004.00.png
4,LJ,96s,0,0,0,100,false,frame_004.00.png
4,LJ,95s,0,0,0,100,false,frame_004.00.png
4,LJ,94s,0,0,0,100,false,frame_004.00.png
4,LJ,93s,0,0,0,100,false,frame_004.00.png
4,LJ,92s,0,0,0,100,false,frame_004.00.png
4,LJ,A8o,100,0,0,0,false,frame_004.00.png
4,LJ,K8o,0,0,0,100,false,frame_004.00.png
4,LJ,Q8o,0,0,0,100,false,frame_004.00.png
4,LJ,J8o,0,0,0,100,false,frame_004.00.png
4,LJ,T8o,0,0,0,100,false,frame_004.00.png
4,LJ,98o,0,0,0,100,false,frame_004.00.png
4,LJ,88,100,0,0,0,false,frame_004.00.png
4,LJ,87s,0,0,0,100,false,frame_004.00.png
4,LJ,86s,0,0,0,100,false,frame_004.00.png
4,LJ,85s,0,0,0,100,false,frame_004.00.png
4,LJ,84s,0,0,0,100,false,frame_004.00.png
4,LJ,83s,0,0,0,100,false,frame_004.00.png
4,LJ,82s,0,0,0,100,false,frame_004.00.png
4,LJ,A7o,100,0,0,0,false,frame_004.00.png
4,LJ,K7o,0,0,0,100,false,frame_004.00.png
4,LJ,Q7o,0,0,0,100,false,frame_004.00.png
4,LJ,J7o,0,0,0,100,false,frame_004.00.png
4,LJ,T7o,0,0,0,100,false,frame_004.00.png
4,LJ,97o,0,0,0,100,false,frame_004.00.png
4,LJ,87o,0,0,0,100,false,frame_004.00.png
4,LJ,77,100,0,0,0,false,frame_004.00.png
4,LJ,76s,0,0,0,100,false,frame_004.00.png
4,LJ,75s,0,0,0,100,false,frame_004.00.png
4,LJ,74s,0,0,0,100,false,frame_004.00.png
4,LJ,73s,0,0,0,100,false,frame_004.00.png
4,LJ,72s,0,0,0,100,false,frame_004.00.png
4,LJ,A6o,100,0,0,0,false,frame_004.00.png
4,LJ,K6o,0,0,0,100,false,frame_004.00.png
4,LJ,Q6o,0,0,0,100,false,frame_004.00.png
4,LJ,J6o,0,0,0,100,false,frame_004.00.png
4,LJ,T6o,0,0,0,100,false,frame_004.00.png
4,LJ,96o,0,0,0,100,false,frame_004.00.png
4,LJ,86o,0,0,0,100,false,frame_004.00.png
4,LJ,76o,0,0,0,100,false,frame_004.00.png
4,LJ,66,100,0,0,0,false,frame_004.00.png
4,LJ,65s,0,0,0,100,false,frame_004.00.png
4,LJ,64s,0,0,0,100,false,frame_004.00.png
4,LJ,63s,0,0,0,100,false,frame_004.00.png
4,LJ,62s,0,0,0,100,false,frame_004.00.png
4,LJ,A5o,100,0,0,0,false,frame_004.00.png
4,LJ,K5o,0,0,0,100,false,frame_004.00.png
4,LJ,Q5o,0,0,0,100,false,frame_004.00.png
4,LJ,J5o,0,0,0,100,false,frame_004.00.png
4,LJ,T5o,0,0,0,100,false,frame_004.00.png
4,LJ,95o,0,0,0,100,false,frame_004.00.png
4,LJ,85o,0,0,0,100,false,frame_004.00.png
4,LJ,75o,0,0,0,100,false,frame_004.00.png
4,LJ,65o,0,0,0,100,false,frame_004.00.png
4,LJ,55,100,0,0,0,false,frame_004.00.png
4,LJ,54s,0,0,0,100,false,frame_004.00.png
4,LJ,53s,0,0,0,100,false,frame_004.00.png
4,LJ,52s,0,0,0,100,false,frame_004.00.png
4,LJ,A4o,100,0,0,0,false,frame_004.00.png
4,LJ,K4o,0,0,0,100,false,frame_004.00.png
4,LJ,Q4o,0,0,0,100,false,frame_004.00.png
4,LJ,J4o,0,0,0,100,false,frame_004.00.png
4,LJ,T4o,0,0,0,100,false,frame_004.00.png
4,LJ,94o,0,0,0,100,false,frame_004.00.png
4,LJ,84o,0,0,0,100,false,frame_004.00.png
4,LJ,74o,0,0,0,100,false,frame_004.00.png
4,LJ,64o,0,0,0,100,false,frame_004.00.png
4,LJ,54o,0,0,0,100,false,frame_004.00.png
4,LJ,44,100,0,0,0,false,frame_004.00.png
4,LJ,43s,0,0,0,100,false,frame_004.00.png
4,LJ,42s,0,0,0,100,false,frame_004.00.png
4,LJ,A3o,100,0,0,0,false,frame_004.00.png
4,LJ,K3o,0,0,0,100,false,frame_004.00.png
4,LJ,Q3o,0,0,0,100,false,frame_004.00.png
4,LJ,J3o,0,0,0,100,false,frame_004.00.png
4,LJ,T3o,0,0,0,100,false,frame_004.00.png
4,LJ,93o,0,0,0,100,false,frame_004.00.png
4,LJ,83o,0,0,0,100,false,frame_004.00.png
4,LJ,73o,0,0,0,100,false,frame_004.00.png
4,LJ,63o,0,0,0,100,false,frame_004.00.png
4,LJ,53o,0,0,0,100,false,frame_004.00.png
4,LJ,43o,0,0,0,100,false,frame_004.00.png
4,LJ,33,100,0,0,0,false,frame_004.00.png
4,LJ,32s,0,0,0,100,false,frame_004.00.png
4,LJ,A2o,0,0,0,100,false,frame_004.00.png
4,LJ,K2o,0,0,0,100,false,frame_004.00.png
4,LJ,Q2o,0,0,0,100,false,frame_004.00.png
4,LJ,J2o,0,0,0,100,false,frame_004.00.png
4,LJ,T2o,0,0,0,100,false,frame_004.00.png
4,LJ,92o,0,0,0,100,false,frame_004.00.png
4,LJ,82o,0,0,0,100,false,frame_004.00.png
4,LJ,72o,0,0,0,100,false,frame_004.00.png
4,LJ,62o,0,0,0,100,false,frame_004.00.png
4,LJ,52o,0,0,0,100,false,frame_004.00.png
4,LJ,42o,0,0,0,100,false,frame_004.00.png
4,LJ,32o,0,0,0,100,false,frame_004.00.png
4,LJ,22,0,0,0,100,false,frame_004.00.png
4,HJ,AA,100,0,0,0,false,frame_005.00.png
4,HJ,AKs,100,0,0,0,false,frame_005.00.png
4,HJ,AQs,100,0,0,0,false,frame_005.00.png
4,HJ,AJs,100,0,0,0,false,frame_005.00.png
4,HJ,ATs,100,0,0,0,false,frame_005.00.png
4,HJ,A9s,100,0,0,0,false,frame_005.00.png
4,HJ,A8s,100,0,0,0,false,frame_005.00.png
4,HJ,A7s,100,0,0,0,false,frame_005.00.png
4,HJ,A6s,100,0,0,0,false,frame_005.00.png
4,HJ,A5s,100,0,0,0,false,frame_005.00.png
4,HJ,A4s,100,0,0,0,false,frame_005.00.png
4,HJ,A3s,100,0,0,0,false,frame_005.00.png
4,HJ,A2s,100,0,0,0,false,frame_005.00.png
4,HJ,AKo,100,0,0,0,false,frame_005.00.png
4,HJ,KK,100,0,0,0,false,frame_005.00.png
4,HJ,KQs,100,0,0,0,false,frame_005.00.png
4,HJ,KJs,100,0,0,0,false,frame_005.00.png
4,HJ,KTs,100,0,0,0,false,frame_005.00.png
4,HJ,K9s,100,0,0,0,false,frame_005.00.png
4,HJ,K8s,100,0,0,0,false,frame_005.00.png
4,HJ,K7s,100,0,0,0,false,frame_005.00.png
4,HJ,K6s,100,0,0,0,false,frame_005.00.png
4,HJ,K5s,100,0,0,0,false,frame_005.00.png
4,HJ,K4s,100,0,0,0,false,frame_005.00.png
4,HJ,K3s,100,0,0,0,false,frame_005.00.png
4,HJ,K2s,0,0,0,100,false,frame_005.00.png
4,HJ,AQo,100,0,0,0,false,frame_005.00.png
4,HJ,KQo,100,0,0,0,false,frame_005.00.png
4,HJ,QQ,100,0,0,0,false,frame_005.00.png
4,HJ,QJs,100,0,0,0,false,frame_005.00.png
4,HJ,QTs,100,0,0,0,false,frame_005.00.png
4,HJ,Q9s,100,0,0,0,false,frame_005.00.png
4,HJ,Q8s,100,0,0,0,false,frame_005.00.png
4,HJ,Q7s,0,0,0,100,false,frame_005.00.png
4,HJ,Q6s,0,0,0,100,false,frame_005.00.png
4,HJ,Q5s,0,0,0,100,false,frame_005.00.png
4,HJ,Q4s,0,0,0,100,false,frame_005.00.png
4,HJ,Q3s,0,0,0,100,false,frame_005.00.png
4,HJ,Q2s,0,0,0,100,false,frame_005.00.png
4,HJ,AJo,100,0,0,0,false,frame_005.00.png
4,HJ,KJo,100,0,0,0,false,frame_005.00.png
4,HJ,QJo,100,0,0,0,false,frame_005.00.png
4,HJ,JJ,100,0,0,0,false,frame_005.00.png
4,HJ,JTs,100,0,0,0,false,frame_005.00.png
4,HJ,J9s,100,0,0,0,false,frame_005.00.png
4,HJ,J8s,100,0,0,0,false,frame_005.00.png
4,HJ,J7s,0,0,0,100,false,frame_005.00.png
4,HJ,J6s,0,0,0,100,false,frame_005.00.png
4,HJ,J5s,0,0,0,100,false,frame_005.00.png
4,HJ,J4s,0,0,0,100,false,frame_005.00.png
4,HJ,J3s,0,0,0,100,false,frame_005.00.png
4,HJ,J2s,0,0,0,100,false,frame_005.00.png
4,HJ,ATo,100,0,0,0,false,frame_005.00.png
4,HJ,KTo,100,0,0,0,false,frame_005.00.png
4,HJ,QTo,100,0,0,0,false,frame_005.00.png
4,HJ,JTo,100,0,0,0,false,frame_005.00.png
4,HJ,TT,100,0,0,0,false,frame_005.00.png
4,HJ,T9s,100,0,0,0,false,frame_005.00.png
4,HJ,T8s,100,0,0,0,false,frame_005.00.png
4,HJ,T7s,0,0,0,100,false,frame_005.00.png
4,HJ,T6s,0,0,0,100,false,frame_005.00.png
4,HJ,T5s,0,0,0,100,false,frame_005.00.png
4,HJ,T4s,0,0,0,100,false,frame_005.00.png
4,HJ,T3s,0,0,0,100,false,frame_005.00.png
4,HJ,T2s,0,0,0,100,false,frame_005.00.png
4,HJ,A9o,100,0,0,0,false,frame_005.00.png
4,HJ,K9o,100,0,0,0,false,frame_005.00.png
4,HJ,Q9o,0,0,0,100,false,frame_005.00.png
4,HJ,J9o,0,0,0,100,false,frame_005.00.png
4,HJ,T9o,0,0,0,100,false,frame_005.00.png
4,HJ,99,100,0,0,0,false,frame_005.00.png
4,HJ,98s,100,0,0,0,false,frame_005.00.png
4,HJ,97s,0,0,0,100,false,frame_005.00.png
4,HJ,96s,0,0,0,100,false,frame_005.00.png
4,HJ,95s,0,0,0,100,false,frame_005.00.png
4,HJ,94s,0,0,0,100,false,frame_005.00.png
4,HJ,93s,0,0,0,100,false,frame_005.00.png
4,HJ,92s,0,0,0,100,false,frame_005.00.png
4,HJ,A8o,100,0,0,0,false,frame_005.00.png
4,HJ,K8o,0,0,0,100,false,frame_005.00.png
4,HJ,Q8o,0,0,0,100,false,frame_005.00.png
4,HJ,J8o,0,0,0,100,false,frame_005.00.png
4,HJ,T8o,0,0,0,100,false,frame_005.00.png
4,HJ,98o,0,0,0,100,false,frame_005.00.png
4,HJ,88,100,0,0,0,false,frame_005.00.png
4,HJ,87s,0,0,0,100,false,frame_005.00.png
4,HJ,86s,0,0,0,100,false,frame_005.00.png
4,HJ,85s,0,0,0,100,false,frame_005.00.png
4,HJ,84s,0,0,0,100,false,frame_005.00.png
4,HJ,83s,0,0,0,100,false,frame_005.00.png
4,HJ,82s,0,0,0,100,false,frame_005.00.png
4,HJ,A7o,100,0,0,0,false,frame_005.00.png
4,HJ,K7o,0,0,0,100,false,frame_005.00.png
4,HJ,Q7o,0,0,0,100,false,frame_005.00.png
4,HJ,J7o,0,0,0,100,false,frame_005.00.png
4,HJ,T7o,0,0,0,100,false,frame_005.00.png
4,HJ,97o,0,0,0,100,false,frame_005.00.png
4,HJ,87o,0,0,0,100,false,frame_005.00.png
4,HJ,77,100,0,0,0,false,frame_005.00.png
4,HJ,76s,0,0,0,100,false,frame_005.00.png
4,HJ,75s,0,0,0,100,false,frame_005.00.png
4,HJ,74s,0,0,0,100,false,frame_005.00.png
4,HJ,73s,0,0,0,100,false,frame_005.00.png
4,HJ,72s,0,0,0,100,false,frame_005.00.png
4,HJ,A6o,100,0,0,0,false,frame_005.00.png
4,HJ,K6o,0,0,0,100,false,frame_005.00.png
4,HJ,Q6o,0,0,0,100,false,frame_005.00.png
4,HJ,J6o,0,0,0,100,false,frame_005.00.png
4,HJ,T6o,0,0,0,100,false,frame_005.00.png
4,HJ,96o,0,0,0,100,false,frame_005.00.png
4,HJ,86o,0,0,0,100,false,frame_005.00.png
4,HJ,76o,0,0,0,100,false,frame_005.00.png
4,HJ,66,100,0,0,0,false,frame_005.00.png
4,HJ,65s,0,0,0,100,false,frame_005.00.png
4,HJ,64s,0,0,0,100,false,frame_005.00.png
4,HJ,63s,0,0,0,100,false,frame_005.00.png
4,HJ,62s,0,0,0,100,false,frame_005.00.png
4,HJ,A5o,100,0,0,0,false,frame_005.00.png
4,HJ,K5o,0,0,0,100,false,frame_005.00.png
4,HJ,Q5o,0,0,0,100,false,frame_005.00.png
4,HJ,J5o,0,0,0,100,false,frame_005.00.png
4,HJ,T5o,0,0,0,100,false,frame_005.00.png
4,HJ,95o,0,0,0,100,false,frame_005.00.png
4,HJ,85o,0,0,0,100,false,frame_005.00.png
4,HJ,75o,0,0,0,100,false,frame_005.00.png
4,HJ,65o,0,0,0,100,false,frame_005.00.png
4,HJ,55,100,0,0,0,false,frame_005.00.png
4,HJ,54s,0,0,0,100,false,frame_005.00.png
4,HJ,53s,0,0,0,100,false,frame_005.00.png
4,HJ,52s,0,0,0,100,false,frame_005.00.png
4,HJ,A4o,100,0,0,0,false,frame_005.00.png
4,HJ,K4o,0,0,0,100,false,frame_005.00.png
4,HJ,Q4o,0,0,0,100,false,frame_005.00.png
4,HJ,J4o,0,0,0,100,false,frame_005.00.png
4,HJ,T4o,0,0,0,100,false,frame_005.00.png
4,HJ,94o,0,0,0,100,false,frame_005.00.png
4,HJ,84o,0,0,0,100,false,frame_005.00.png
4,HJ,74o,0,0,0,100,false,frame_005.00.png
4,HJ,64o,0,0,0,100,false,frame_005.00.png
4,HJ,54o,0,0,0,100,false,frame_005.00.png
4,HJ,44,100,0,0,0,false,frame_005.00.png
4,HJ,43s,0,0,0,100,false,frame_005.00.png
4,HJ,42s,0,0,0,100,false,frame_005.00.png
4,HJ,A3o,100,0,0,0,false,frame_005.00.png
4,HJ,K3o,0,0,0,100,false,frame_005.00.png
4,HJ,Q3o,0,0,0,100,false,frame_005.00.png
4,HJ,J3o,0,0,0,100,false,frame_005.00.png
4,HJ,T3o,0,0,0,100,false,frame_005.00.png
4,HJ,93o,0,0,0,100,false,frame_005.00.png
4,HJ,83o,0,0,0,100,false,frame_005.00.png
4,HJ,73o,0,0,0,100,false,frame_005.00.png
4,HJ,63o,0,0,0,100,false,frame_005.00.png
4,HJ,53o,0,0,0,100,false,frame_005.00.png
4,HJ,43o,0,0,0,100,false,frame_005.00.png
4,HJ,33,100,0,0,0,false,frame_005.00.png
4,HJ,32s,0,0,0,100,false,frame_005.00.png
4,HJ,A2o,100,0,0,0,false,frame_005.00.png
4,HJ,K2o,0,0,0,100,false,frame_005.00.png
4,HJ,Q2o,0,0,0,100,false,frame_005.00.png
4,HJ,J2o,0,0,0,100,false,frame_005.00.png
4,HJ,T2o,0,0,0,100,false,frame_005.00.png
4,HJ,92o,0,0,0,100,false,frame_005.00.png
4,HJ,82o,0,0,0,100,false,frame_005.00.png
4,HJ,72o,0,0,0,100,false,frame_005.00.png
4,HJ,62o,0,0,0,100,false,frame_005.00.png
4,HJ,52o,0,0,0,100,false,frame_005.00.png
4,HJ,42o,0,0,0,100,false,frame_005.00.png
4,HJ,32o,0,0,0,100,false,frame_005.00.png
4,HJ,22,100,0,0,0,false,frame_005.00.png
4,CO,AA,100,0,0,0,false,frame_007.00.png
4,CO,AKs,100,0,0,0,false,frame_007.00.png
4,CO,AQs,100,0,0,0,false,frame_007.00.png
4,CO,AJs,100,0,0,0,false,frame_007.00.png
4,CO,ATs,100,0,0,0,false,frame_007.00.png
4,CO,A9s,100,0,0,0,false,frame_007.00.png
4,CO,A8s,100,0,0,0,false,frame_007.00.png
4,CO,A7s,100,0,0,0,false,frame_007.00.png
4,CO,A6s,100,0,0,0,false,frame_007.00.png
4,CO,A5s,100,0,0,0,false,frame_007.00.png
4,CO,A4s,100,0,0,0,false,frame_007.00.png
4,CO,A3s,100,0,0,0,false,frame_007.00.png
4,CO,A2s,100,0,0,0,false,frame_007.00.png
4,CO,AKo,100,0,0,0,false,frame_007.00.png
4,CO,KK,100,0,0,0,false,frame_007.00.png
4,CO,KQs,100,0,0,0,false,frame_007.00.png
4,CO,KJs,100,0,0,0,false,frame_007.00.png
4,CO,KTs,100,0,0,0,false,frame_007.00.png
4,CO,K9s,100,0,0,0,false,frame_007.00.png
4,CO,K8s,100,0,0,0,false,frame_007.00.png
4,CO,K7s,100,0,0,0,false,frame_007.00.png
4,CO,K6s,100,0,0,0,false,frame_007.00.png
4,CO,K5s,100,0,0,0,false,frame_007.00.png
4,CO,K4s,100,0,0,0,false,frame_007.00.png
4,CO,K3s,100,0,0,0,false,frame_007.00.png
4,CO,K2s,100,0,0,0,false,frame_007.00.png
4,CO,AQo,100,0,0,0,false,frame_007.00.png
4,CO,KQo,100,0,0,0,false,frame_007.00.png
4,CO,QQ,100,0,0,0,false,frame_007.00.png
4,CO,QJs,100,0,0,0,false,frame_007.00.png
4,CO,QTs,100,0,0,0,false,frame_007.00.png
4,CO,Q9s,100,0,0,0,false,frame_007.00.png
4,CO,Q8s,100,0,0,0,false,frame_007.00.png
4,CO,Q7s,100,0,0,0,false,frame_007.00.png
4,CO,Q6s,100,0,0,0,false,frame_007.00.png
4,CO,Q5s,0,0,0,100,false,frame_007.00.png
4,CO,Q4s,0,0,0,100,false,frame_007.00.png
4,CO,Q3s,0,0,0,100,false,frame_007.00.png
4,CO,Q2s,0,0,0,100,false,frame_007.00.png
4,CO,AJo,100,0,0,0,false,frame_007.00.png
4,CO,KJo,100,0,0,0,false,frame_007.00.png
4,CO,QJo,100,0,0,0,false,frame_007.00.png
4,CO,JJ,100,0,0,0,false,frame_007.00.png
4,CO,JTs,100,0,0,0,false,frame_007.00.png
4,CO,J9s,100,0,0,0,false,frame_007.00.png
4,CO,J8s,100,0,0,0,false,frame_007.00.png
4,CO,J7s,0,0,0,100,false,frame_007.00.png
4,CO,J6s,0,0,0,100,false,frame_007.00.png
4,CO,J5s,0,0,0,100,false,frame_007.00.png
4,CO,J4s,0,0,0,100,false,frame_007.00.png
4,CO,J3s,0,0,0,100,false,frame_007.00.png
4,CO,J2s,0,0,0,100,false,frame_007.00.png
4,CO,ATo,100,0,0,0,false,frame_007.00.png
4,CO,KTo,100,0,0,0,false,frame_007.00.png
4,CO,QTo,100,0,0,0,false,frame_007.00.png
4,CO,JTo,100,0,0,0,false,frame_007.00.png
4,CO,TT,100,0,0,0,false,frame_007.00.png
4,CO,T9s,100,0,0,0,false,frame_007.00.png
4,CO,T8s,100,0,0,0,false,frame_007.00.png
4,CO,T7s,0,0,0,100,false,frame_007.00.png
4,CO,T6s,0,0,0,100,false,frame_007.00.png
4,CO,T5s,0,0,0,100,false,frame_007.00.png
4,CO,T4s,0,0,0,100,false,frame_007.00.png
4,CO,T3s,0,0,0,100,false,frame_007.00.png
4,CO,T2s,0,0,0,100,false,frame_007.00.png
4,CO,A9o,100,0,0,0,false,frame_007.00.png
4,CO,K9o,100,0,0,0,false,frame_007.00.png
4,CO,Q9o,100,0,0,0,false,frame_007.00.png
4,CO,J9o,0,0,0,100,false,frame_007.00.png
4,CO,T9o,0,0,0,100,false,frame_007.00.png
4,CO,99,100,0,0,0,false,frame_007.00.png
4,CO,98s,100,0,0,0,false,frame_007.00.png
4,CO,97s,0,0,0,100,false,frame_007.00.png
4,CO,96s,0,0,0,100,false,frame_007.00.png
4,CO,95s,0,0,0,100,false,frame_007.00.png
4,CO,94s,0,0,0,100,false,frame_007.00.png
4,CO,93s,0,0,0,100,false,frame_007.00.png
4,CO,92s,0,0,0,100,false,frame_007.00.png
4,CO,A8o,100,0,0,0,false,frame_007.00.png
4,CO,K8o,100,0,0,0,false,frame_007.00.png
4,CO,Q8o,0,0,0,100,false,frame_007.00.png
4,CO,J8o,0,0,0,100,false,frame_007.00.png
4,CO,T8o,0,0,0,100,false,frame_007.00.png
4,CO,98o,0,0,0,100,false,frame_007.00.png
4,CO,88,100,0,0,0,false,frame_007.00.png
4,CO,87s,0,0,0,100,false,frame_007.00.png
4,CO,86s,0,0,0,100,false,frame_007.00.png
4,CO,85s,0,0,0,100,false,frame_007.00.png
4,CO,84s,0,0,0,100,false,frame_007.00.png
4,CO,83s,0,0,0,100,false,frame_007.00.png
4,CO,82s,0,0,0,100,false,frame_007.00.png
4,CO,A7o,100,0,0,0,false,frame_007.00.png
4,CO,K7o,0,0,0,100,false,frame_007.00.png
4,CO,Q7o,0,0,0,100,false,frame_007.00.png
4,CO,J7o,0,0,0,100,false,frame_007.00.png
4,CO,T7o,0,0,0,100,false,frame_007.00.png
4,CO,97o,0,0,0,100,false,frame_007.00.png
4,CO,87o,0,0,0,100,false,frame_007.00.png
4,CO,77,100,0,0,0,false,frame_007.00.png
4,CO,76s,0,0,0,100,false,frame_007.00.png
4,CO,75s,0,0,0,100,false,frame_007.00.png
4,CO,74s,0,0,0,100,false,frame_007.00.png
4,CO,73s,0,0,0,100,false,frame_007.00.png
4,CO,72s,0,0,0,100,false,frame_007.00.png
4,CO,A6o,100,0,0,0,false,frame_007.00.png
4,CO,K6o,0,0,0,100,false,frame_007.00.png
4,CO,Q6o,0,0,0,100,false,frame_007.00.png
4,CO,J6o,0,0,0,100,false,frame_007.00.png
4,CO,T6o,0,0,0,100,false,frame_007.00.png
4,CO,96o,0,0,0,100,false,frame_007.00.png
4,CO,86o,0,0,0,100,false,frame_007.00.png
4,CO,76o,0,0,0,100,false,frame_007.00.png
4,CO,66,100,0,0,0,false,frame_007.00.png
4,CO,65s,0,0,0,100,false,frame_007.00.png
4,CO,64s,0,0,0,100,false,frame_007.00.png
4,CO,63s,0,0,0,100,false,frame_007.00.png
4,CO,62s,0,0,0,100,false,frame_007.00.png
4,CO,A5o,100,0,0,0,false,frame_007.00.png
4,CO,K5o,0,0,0,100,false,frame_007.00.png
4,CO,Q5o,0,0,0,100,false,frame_007.00.png
4,CO,J5o,0,0,0,100,false,frame_007.00.png
4,CO,T5o,0,0,0,100,false,frame_007.00.png
4,CO,95o,0,0,0,100,false,frame_007.00.png
4,CO,85o,0,0,0,100,false,frame_007.00.png
4,CO,75o,0,0,0,100,false,frame_007.00.png
4,CO,65o,0,0,0,100,false,frame_007.00.png
4,CO,55,100,0,0,0,false,frame_007.00.png
4,CO,54s,0,0,0,100,false,frame_007.00.png
4,CO,53s,0,0,0,100,false,frame_007.00.png
4,CO,52s,0,0,0,100,false,frame_007.00.png
4,CO,A4o,100,0,0,0,false,frame_007.00.png
4,CO,K4o,0,0,0,100,false,frame_007.00.png
4,CO,Q4o,0,0,0,100,false,frame_007.00.png
4,CO,J4o,0,0,0,100,false,frame_007.00.png
4,CO,T4o,0,0,0,100,false,frame_007.00.png
4,CO,94o,0,0,0,100,false,frame_007.00.png
4,CO,84o,0,0,0,100,false,frame_007.00.png
4,CO,74o,0,0,0,100,false,frame_007.00.png
4,CO,64o,0,0,0,100,false,frame_007.00.png
4,CO,54o,0,0,0,100,false,frame_007.00.png
4,CO,44,100,0,0,0,false,frame_007.00.png
4,CO,43s,0,0,0,100,false,frame_007.00.png
4,CO,42s,0,0,0,100,false,frame_007.00.png
4,CO,A3o,100,0,0,0,false,frame_007.00.png
4,CO,K3o,0,0,0,100,false,frame_007.00.png
4,CO,Q3o,0,0,0,100,false,frame_007.00.png
4,CO,J3o,0,0,0,100,false,frame_007.00.png
4,CO,T3o,0,0,0,100,false,frame_007.00.png
4,CO,93o,0,0,0,100,false,frame_007.00.png
4,CO,83o,0,0,0,100,false,frame_007.00.png
4,CO,73o,0,0,0,100,false,frame_007.00.png
4,CO,63o,0,0,0,100,false,frame_007.00.png
4,CO,53o,0,0,0,100,false,frame_007.00.png
4,CO,43o,0,0,0,100,false,frame_007.00.png
4,CO,33,100,0,0,0,false,frame_007.00.png
4,CO,32s,0,0,0,100,false,frame_007.00.png
4,CO,A2o,100,0,0,0,false,frame_007.00.png
4,CO,K2o,0,0,0,100,false,frame_007.00.png
4,CO,Q2o,0,0,0,100,false,frame_007.00.png
4,CO,J2o,0,0,0,100,false,frame_007.00.png
4,CO,T2o,0,0,0,100,false,frame_007.00.png
4,CO,92o,0,0,0,100,false,frame_007.00.png
4,CO,82o,0,0,0,100,false,frame_007.00.png
4,CO,72o,0,0,0,100,false,frame_007.00.png
4,CO,62o,0,0,0,100,false,frame_007.00.png
4,CO,52o,0,0,0,100,false,frame_007.00.png
4,CO,42o,0,0,0,100,false,frame_007.00.png
4,CO,32o,0,0,0,100,false,frame_007.00.png
4,CO,22,100,0,0,0,false,frame_007.00.png
4,BTN,AA,100,0,0,0,false,frame_009.00.png
4,BTN,AKs,100,0,0,0,false,frame_009.00.png
4,BTN,AQs,100,0,0,0,false,frame_009.00.png
4,BTN,AJs,100,0,0,0,false,frame_009.00.png
4,BTN,ATs,100,0,0,0,false,frame_009.00.png
4,BTN,A9s,100,0,0,0,false,frame_009.00.png
4,BTN,A8s,100,0,0,0,false,frame_009.00.png
4,BTN,A7s,100,0,0,0,false,frame_009.00.png
4,BTN,A6s,100,0,0,0,false,frame_009.00.png
4,BTN,A5s,100,0,0,0,false,frame_009.00.png
4,BTN,A4s,100,0,0,0,false,frame_009.00.png
4,BTN,A3s,100,0,0,0,false,frame_009.00.png
4,BTN,A2s,100,0,0,0,false,frame_009.00.png
4,BTN,AKo,100,0,0,0,false,frame_009.00.png
4,BTN,KK,100,0,0,0,false,frame_009.00.png
4,BTN,KQs,100,0,0,0,false,frame_009.00.png
4,BTN,KJs,100,0,0,0,false,frame_009.00.png
4,BTN,KTs,100,0,0,0,false,frame_009.00.png
4,BTN,K9s,100,0,0,0,false,frame_009.00.png
4,BTN,K8s,100,0,0,0,false,frame_009.00.png
4,BTN,K7s,100,0,0,0,false,frame_009.00.png
4,BTN,K6s,100,0,0,0,false,frame_009.00.png
4,BTN,K5s,100,0,0,0,false,frame_009.00.png
4,BTN,K4s,100,0,0,0,false,frame_009.00.png
4,BTN,K3s,100,0,0,0,false,frame_009.00.png
4,BTN,K2s,100,0,0,0,false,frame_009.00.png
4,BTN,AQo,100,0,0,0,false,frame_009.00.png
4,BTN,KQo,100,0,0,0,false,frame_009.00.png
4,BTN,QQ,100,0,0,0,false,frame_009.00.png
4,BTN,QJs,100,0,0,0,false,frame_009.00.png
4,BTN,QTs,100,0,0,0,false,frame_009.00.png
4,BTN,Q9s,100,0,0,0,false,frame_009.00.png
4,BTN,Q8s,100,0,0,0,false,frame_009.00.png
4,BTN,Q7s,100,0,0,0,false,frame_009.00.png
4,BTN,Q6s,100,0,0,0,false,frame_009.00.png
4,BTN,Q5s,100,0,0,0,false,frame_009.00.png
4,BTN,Q4s,100,0,0,0,false,frame_009.00.png
4,BTN,Q3s,0,0,0,100,false,frame_009.00.png
4,BTN,Q2s,0,0,0,100,false,frame_009.00.png
4,BTN,AJo,100,0,0,0,false,frame_009.00.png
4,BTN,KJo,100,0,0,0,false,frame_009.00.png
4,BTN,QJo,100,0,0,0,false,frame_009.00.png
4,BTN,JJ,100,0,0,0,false,frame_009.00.png
4,BTN,JTs,100,0,0,0,false,frame_009.00.png
4,BTN,J9s,100,0,0,0,false,frame_009.00.png
4,BTN,J8s,100,0,0,0,false,frame_009.00.png
4,BTN,J7s,100,0,0,0,false,frame_009.00.png
4,BTN,J6s,0,0,0,100,false,frame_009.00.png
4,BTN,J5s,0,0,0,100,false,frame_009.00.png
4,BTN,J4s,0,0,0,100,false,frame_009.00.png
4,BTN,J3s,0,0,0,100,false,frame_009.00.png
4,BTN,J2s,0,0,0,100,false,frame_009.00.png
4,BTN,ATo,100,0,0,0,false,frame_009.00.png
4,BTN,KTo,100,0,0,0,false,frame_009.00.png
4,BTN,QTo,100,0,0,0,false,frame_009.00.png
4,BTN,JTo,100,0,0,0,false,frame_009.00.png
4,BTN,TT,100,0,0,0,false,frame_009.00.png
4,BTN,T9s,100,0,0,0,false,frame_009.00.png
4,BTN,T8s,100,0,0,0,false,frame_009.00.png
4,BTN,T7s,100,0,0,0,false,frame_009.00.png
4,BTN,T6s,0,0,0,100,false,frame_009.00.png
4,BTN,T5s,0,0,0,100,false,frame_009.00.png
4,BTN,T4s,0,0,0,100,false,frame_009.00.png
4,BTN,T3s,0,0,0,100,false,frame_009.00.png
4,BTN,T2s,0,0,0,100,false,frame_009.00.png
4,BTN,A9o,100,0,0,0,false,frame_009.00.png
4,BTN,K9o,100,0,0,0,false,frame_009.00.png
4,BTN,Q9o,100,0,0,0,false,frame_009.00.png
4,BTN,J9o,100,0,0,0,false,frame_009.00.png
4,BTN,T9o,100,0,0,0,false,frame_009.00.png
4,BTN,99,100,0,0,0,false,frame_009.00.png
4,BTN,98s,100,0,0,0,false,frame_009.00.png
4,BTN,97s,0,0,0,100,false,frame_009.00.png
4,BTN,96s,0,0,0,100,false,frame_009.00.png
4,BTN,95s,0,0,0,100,false,frame_009.00.png
4,BTN,94s,0,0,0,100,false,frame_009.00.png
4,BTN,93s,0,0,0,100,false,frame_009.00.png
4,BTN,92s,0,0,0,100,false,frame_009.00.png
4,BTN,A8o,100,0,0,0,false,frame_009.00.png
4,BTN,K8o,100,0,0,0,false,frame_009.00.png
4,BTN,Q8o,100,0,0,0,false,frame_009.00.png
4,BTN,J8o,0,0,0,100,false,frame_009.00.png
4,BTN,T8o,0,0,0,100,false,frame_009.00.png
4,BTN,98o,0,0,0,100,false,frame_009.00.png
4,BTN,88,100,0,0,0,false,frame_009.00.png
4,BTN,87s,3,0,0,97,false,frame_009.00.png
4,BTN,86s,0,0,0,100,false,frame_009.00.png
4,BTN,85s,0,0,0,100,false,frame_009.00.png
4,BTN,84s,0,0,0,100,false,frame_009.00.png
4,BTN,83s,0,0,0,100,false,frame_009.00.png
4,BTN,82s,0,0,0,100,false,frame_009.00.png
4,BTN,A7o,100,0,0,0,false,frame_009.00.png
4,BTN,K7o,100,0,0,0,false,frame_009.00.png
4,BTN,Q7o,0,0,0,100,false,frame_009.00.png
4,BTN,J7o,0,0,0,100,false,frame_009.00.png
4,BTN,T7o,0,0,0,100,false,frame_009.00.png
4,BTN,97o,0,0,0,100,false,frame_009.00.png
4,BTN,87o,0,0,0,100,false,frame_009.00.png
4,BTN,77,100,0,0,0,false,frame_009.00.png
4,BTN,76s,0,0,0,100,false,frame_009.00.png
4,BTN,75s,0,0,0,100,false,frame_009.00.png
4,BTN,74s,0,0,0,100,false,frame_009.00.png
4,BTN,73s,0,0,0,100,false,frame_009.00.png
4,BTN,72s,0,0,0,100,false,frame_009.00.png
4,BTN,A6o,100,0,0,0,false,frame_009.00.png
4,BTN,K6o,100,0,0,0,false,frame_009.00.png
4,BTN,Q6o,0,0,0,100,false,frame_009.00.png
4,BTN,J6o,0,0,0,100,false,frame_009.00.png
4,BTN,T6o,0,0,0,100,false,frame_009.00.png
4,BTN,96o,0,0,0,100,false,frame_009.00.png
4,BTN,86o,0,0,0,100,false,frame_009.00.png
4,BTN,76o,0,0,0,100,false,frame_009.00.png
4,BTN,66,100,0,0,0,false,frame_009.00.png
4,BTN,65s,0,0,0,100,false,frame_009.00.png
4,BTN,64s,0,0,0,100,false,frame_009.00.png
4,BTN,63s,0,0,0,100,false,frame_009.00.png
4,BTN,62s,0,0,0,100,false,frame_009.00.png
4,BTN,A5o,100,0,0,0,false,frame_009.00.png
4,BTN,K5o,3,0,0,97,false,frame_009.00.png
4,BTN,Q5o,0,0,0,100,false,frame_009.00.png
4,BTN,J5o,0,0,0,100,false,frame_009.00.png
4,BTN,T5o,0,0,0,100,false,frame_009.00.png
4,BTN,95o,0,0,0,100,false,frame_009.00.png
4,BTN,85o,0,0,0,100,false,frame_009.00.png
4,BTN,75o,0,0,0,100,false,frame_009.00.png
4,BTN,65o,0,0,0,100,false,frame_009.00.png
4,BTN,55,100,0,0,0,false,frame_009.00.png
4,BTN,54s,0,0,0,100,false,frame_009.00.png
4,BTN,53s,0,0,0,100,false,frame_009.00.png
4,BTN,52s,0,0,0,100,false,frame_009.00.png
4,BTN,A4o,100,0,0,0,false,frame_009.00.png
4,BTN,K4o,0,0,0,100,false,frame_009.00.png
4,BTN,Q4o,0,0,0,100,false,frame_009.00.png
4,BTN,J4o,0,0,0,100,false,frame_009.00.png
4,BTN,T4o,0,0,0,100,false,frame_009.00.png
4,BTN,94o,0,0,0,100,false,frame_009.00.png
4,BTN,84o,0,0,0,100,false,frame_009.00.png
4,BTN,74o,0,0,0,100,false,frame_009.00.png
4,BTN,64o,0,0,0,100,false,frame_009.00.png
4,BTN,54o,0,0,0,100,false,frame_009.00.png
4,BTN,44,100,0,0,0,false,frame_009.00.png
4,BTN,43s,0,0,0,100,false,frame_009.00.png
4,BTN,42s,0,0,0,100,false,frame_009.00.png
4,BTN,A3o,100,0,0,0,false,frame_009.00.png
4,BTN,K3o,0,0,0,100,false,frame_009.00.png
4,BTN,Q3o,0,0,0,100,false,frame_009.00.png
4,BTN,J3o,0,0,0,100,false,frame_009.00.png
4,BTN,T3o,0,0,0,100,false,frame_009.00.png
4,BTN,93o,0,0,0,100,false,frame_009.00.png
4,BTN,83o,0,0,0,100,false,frame_009.00.png
4,BTN,73o,0,0,0,100,false,frame_009.00.png
4,BTN,63o,0,0,0,100,false,frame_009.00.png
4,BTN,53o,0,0,0,100,false,frame_009.00.png
4,BTN,43o,0,0,0,100,false,frame_009.00.png
4,BTN,33,100,0,0,0,false,frame_009.00.png
4,BTN,32s,0,0,0,100,false,frame_009.00.png
4,BTN,A2o,100,0,0,0,false,frame_009.00.png
4,BTN,K2o,0,0,0,100,false,frame_009.00.png
4,BTN,Q2o,0,0,0,100,false,frame_009.00.png
4,BTN,J2o,0,0,0,100,false,frame_009.00.png
4,BTN,T2o,0,0,0,100,false,frame_009.00.png
4,BTN,92o,0,0,0,100,false,frame_009.00.png
4,BTN,82o,0,0,0,100,false,frame_009.00.png
4,BTN,72o,0,0,0,100,false,frame_009.00.png
4,BTN,62o,0,0,0,100,false,frame_009.00.png
4,BTN,52o,0,0,0,100,false,frame_009.00.png
4,BTN,42o,0,0,0,100,false,frame_009.00.png
4,BTN,32o,0,0,0,100,false,frame_009.00.png
4,BTN,22,100,0,0,0,false,frame_009.00.png
4,SB,AA,100,0,0,0,false,frame_013.00.png
4,SB,AKs,100,0,0,0,false,frame_013.00.png
4,SB,AQs,100,0,0,0,false,frame_013.00.png
4,SB,AJs,100,0,0,0,false,frame_013.00.png
4,SB,ATs,100,0,0,0,false,frame_013.00.png
4,SB,A9s,100,0,0,0,false,frame_013.00.png
4,SB,A8s,100,0,0,0,false,frame_013.00.png
4,SB,A7s,100,0,0,0,false,frame_013.00.png
4,SB,A6s,100,0,0,0,false,frame_013.00.png
4,SB,A5s,100,0,0,0,false,frame_013.00.png
4,SB,A4s,100,0,0,0,false,frame_013.00.png
4,SB,A3s,100,0,0,0,false,frame_013.00.png
4,SB,A2s,100,0,0,0,false,frame_013.00.png
4,SB,AKo,100,0,0,0,false,frame_013.00.png
4,SB,KK,100,0,0,0,false,frame_013.00.png
4,SB,KQs,100,0,0,0,false,frame_013.00.png
4,SB,KJs,100,0,0,0,false,frame_013.00.png
4,SB,KTs,100,0,0,0,false,frame_013.00.png
4,SB,K9s,100,0,0,0,false,frame_013.00.png
4,SB,K8s,100,0,0,0,false,frame_013.00.png
4,SB,K7s,100,0,0,0,false,frame_013.00.png
4,SB,K6s,100,0,0,0,false,frame_013.00.png
4,SB,K5s,100,0,0,0,false,frame_013.00.png
4,SB,K4s,100,0,0,0,false,frame_013.00.png
4,SB,K3s,100,0,0,0,false,frame_013.00.png
4,SB,K2s,100,0,0,0,false,frame_013.00.png
4,SB,AQo,100,0,0,0,false,frame_013.00.png
4,SB,KQo,100,0,0,0,false,frame_013.00.png
4,SB,QQ,100,0,0,0,false,frame_013.00.png
4,SB,QJs,100,0,0,0,false,frame_013.00.png
4,SB,QTs,100,0,0,0,false,frame_013.00.png
4,SB,Q9s,100,0,0,0,false,frame_013.00.png
4,SB,Q8s,100,0,0,0,false,frame_013.00.png
4,SB,Q7s,100,0,0,0,false,frame_013.00.png
4,SB,Q6s,100,0,0,0,false,frame_013.00.png
4,SB,Q5s,100,0,0,0,false,frame_013.00.png
4,SB,Q4s,100,0,0,0,false,frame_013.00.png
4,SB,Q3s,100,0,0,0,false,frame_013.00.png
4,SB,Q2s,100,0,0,0,false,frame_013.00.png
4,SB,AJo,100,0,0,0,false,frame_013.00.png
4,SB,KJo,100,0,0,0,false,frame_013.00.png
4,SB,QJo,100,0,0,0,false,frame_013.00.png
4,SB,JJ,100,0,0,0,false,frame_013.00.png
4,SB,JTs,100,0,0,0,false,frame_013.00.png
4,SB,J9s,100,0,0,0,false,frame_013.00.png
4,SB,J8s,100,0,0,0,false,frame_013.00.png
4,SB,J7s,100,0,0,0,false,frame_013.00.png
4,SB,J6s,100,0,0,0,false,frame_013.00.png
4,SB,J5s,100,0,0,0,false,frame_013.00.png
4,SB,J4s,100,0,0,0,false,frame_013.00.png
4,SB,J3s,100,0,0,0,false,frame_013.00.png
4,SB,J2s,100,0,0,0,false,frame_013.00.png
4,SB,ATo,100,0,0,0,false,frame_013.00.png
4,SB,KTo,100,0,0,0,false,frame_013.00.png
4,SB,QTo,100,0,0,0,false,frame_013.00.png
4,SB,JTo,100,0,0,0,false,frame_013.00.png
4,SB,TT,73,27,0,0,false,frame_013.00.png
4,SB,T9s,100,0,0,0,false,frame_013.00.png
4,SB,T8s,100,0,0,0,false,frame_013.00.png
4,SB,T7s,100,0,0,0,false,frame_013.00.png
4,SB,T6s,100,0,0,0,false,frame_013.00.png
4,SB,T5s,100,0,0,0,false,frame_013.00.png
4,SB,T4s,100,0,0,0,false,frame_013.00.png
4,SB,T3s,100,0,0,0,false,frame_013.00.png
4,SB,T2s,100,0,0,0,false,frame_013.00.png
4,SB,A9o,100,0,0,0,false,frame_013.00.png
4,SB,K9o,100,0,0,0,false,frame_013.00.png
4,SB,Q9o,100,0,0,0,false,frame_013.00.png
4,SB,J9o,100,0,0,0,false,frame_013.00.png
4,SB,T9o,100,0,0,0,false,frame_013.00.png
4,SB,99,100,0,0,0,false,frame_013.00.png
4,SB,98s,100,0,0,0,false,frame_013.00.png
4,SB,97s,100,0,0,0,false,frame_013.00.png
4,SB,96s,100,0,0,0,false,frame_013.00.png
4,SB,95s,100,0,0,0,false,frame_013.00.png
4,SB,94s,100,0,0,0,false,frame_013.00.png
4,SB,93s,100,0,0,0,false,frame_013.00.png
4,SB,92s,97,3,0,0,false,frame_013.00.png
4,SB,A8o,100,0,0,0,false,frame_013.00.png
4,SB,K8o,100,0,0,0,false,frame_013.00.png
4,SB,Q8o,100,0,0,0,false,frame_013.00.png
4,SB,J8o,100,0,0,0,false,frame_013.00.png
4,SB,T8o,100,0,0,0,false,frame_013.00.png
4,SB,98o,100,0,0,0,false,frame_013.00.png
4,SB,88,100,0,0,0,false,frame_013.00.png
4,SB,87s,100,0,0,0,false,frame_013.00.png
4,SB,86s,100,0,0,0,false,frame_013.00.png
4,SB,85s,100,0,0,0,false,frame_013.00.png
4,SB,84s,100,0,0,0,false,frame_013.00.png
4,SB,83s,100,0,0,0,false,frame_013.00.png
4,SB,82s,100,0,0,0,false,frame_013.00.png
4,SB,A7o,100,0,0,0,false,frame_013.00.png
4,SB,K7o,100,0,0,0,false,frame_013.00.png
4,SB,Q7o,100,0,0,0,false,frame_013.00.png
4,SB,J7o,100,0,0,0,false,frame_013.00.png
4,SB,T7o,100,0,0,0,false,frame_013.00.png
4,SB,97o,100,0,0,0,false,frame_013.00.png
4,SB,87o,100,0,0,0,false,frame_013.00.png
4,SB,77,100,0,0,0,false,frame_013.00.png
4,SB,76s,100,0,0,0,false,frame_013.00.png
4,SB,75s,100,0,0,0,false,frame_013.00.png
4,SB,74s,100,0,0,0,false,frame_013.00.png
4,SB,73s,48,0,0,52,true,frame_013.00.png
4,SB,72s,0,0,0,100,false,frame_013.00.png
4,SB,A6o,100,0,0,0,false,frame_013.00.png
4,SB,K6o,100,0,0,0,false,frame_013.00.png
4,SB,Q6o,100,0,0,0,false,frame_013.00.png
4,SB,J6o,100,0,0,0,false,frame_013.00.png
4,SB,T6o,100,0,0,0,false,frame_013.00.png
4,SB,96o,100,0,0,0,false,frame_013.00.png
4,SB,86o,100,0,0,0,false,frame_013.00.png
4,SB,76o,100,0,0,0,false,frame_013.00.png
4,SB,66,100,0,0,0,false,frame_013.00.png
4,SB,65s,100,0,0,0,false,frame_013.00.png
4,SB,64s,100,0,0,0,false,frame_013.00.png
4,SB,63s,4,0,0,96,false,frame_013.00.png
4,SB,62s,0,0,0,100,false,frame_013.00.png
4,SB,A5o,100,0,0,0,false,frame_013.00.png
4,SB,K5o,100,0,0,0,false,frame_013.00.png
4,SB,Q5o,100,0,0,0,false,frame_013.00.png
4,SB,J5o,100,0,0,0,false,frame_013.00.png
4,SB,T5o,100,0,0,0,false,frame_013.00.png
4,SB,95o,100,0,0,0,false,frame_013.00.png
4,SB,85o,100,0,0,0,false,frame_013.00.png
4,SB,75o,0,0,0,100,false,frame_013.00.png
4,SB,65o,0,0,0,100,false,frame_013.00.png
4,SB,55,100,0,0,0,false,frame_013.00.png
4,SB,54s,90,10,0,0,false,frame_013.00.png
4,SB,53s,93,7,0,0,false,frame_013.00.png
4,SB,52s,0,0,0,100,false,frame_013.00.png
4,SB,A4o,100,0,0,0,false,frame_013.00.png
4,SB,K4o,100,0,0,0,false,frame_013.00.png
4,SB,Q4o,100,0,0,0,false,frame_013.00.png
4,SB,J4o,100,0,0,0,false,frame_013.00.png
4,SB,T4o,100,0,0,0,false,frame_013.00.png
4,SB,94o,0,0,0,100,false,frame_013.00.png
4,SB,84o,0,0,0,100,false,frame_013.00.png
4,SB,74o,0,0,0,100,false,frame_013.00.png
4,SB,64o,0,0,0,100,false,frame_013.00.png
4,SB,54o,0,0,0,100,false,frame_013.00.png
4,SB,44,100,0,0,0,false,frame_013.00.png
4,SB,43s,13,20,0,67,true,frame_013.00.png
4,SB,42s,0,0,0,100,false,frame_013.00.png
4,SB,A3o,100,0,0,0,false,frame_013.00.png
4,SB,K3o,100,0,0,0,false,frame_013.00.png
4,SB,Q3o,100,0,0,0,false,frame_013.00.png
4,SB,J3o,100,0,0,0,false,frame_013.00.png
4,SB,T3o,100,0,0,0,false,frame_013.00.png
4,SB,93o,0,0,0,100,false,frame_013.00.png
4,SB,83o,0,0,0,100,false,frame_013.00.png
4,SB,73o,0,0,0,100,false,frame_013.00.png
4,SB,63o,0,0,0,100,false,frame_013.00.png
4,SB,53o,0,0,0,100,false,frame_013.00.png
4,SB,43o,0,0,0,100,false,frame_013.00.png
4,SB,33,100,0,0,0,false,frame_013.00.png
4,SB,32s,0,0,0,100,false,frame_013.00.png
4,SB,A2o,100,0,0,0,false,frame_013.00.png
4,SB,K2o,100,0,0,0,false,frame_013.00.png
4,SB,Q2o,100,0,0,0,false,frame_013.00.png
4,SB,J2o,100,0,0,0,false,frame_013.00.png
4,SB,T2o,100,0,0,0,false,frame_013.00.png
4,SB,92o,0,0,0,100,false,frame_013.00.png
4,SB,82o,0,0,0,100,false,frame_013.00.png
4,SB,72o,0,0,0,100,false,frame_013.00.png
4,SB,62o,0,0,0,100,false,frame_013.00.png
4,SB,52o,0,0,0,100,false,frame_013.00.png
4,SB,42o,0,0,0,100,false,frame_013.00.png
4,SB,32o,0,0,0,100,false,frame_013.00.png
4,SB,22,100,0,0,0,false,frame_013.00.png
8,UTG,AA,100,0,0,0,false,frame_000.00.png
8,UTG,AKs,100,0,0,0,false,frame_000.00.png
8,UTG,AQs,100,0,0,0,false,frame_000.00.png
8,UTG,AJs,100,0,0,0,false,frame_000.00.png
8,UTG,ATs,100,0,0,0,false,frame_000.00.png
8,UTG,A9s,100,0,0,0,false,frame_000.00.png
8,UTG,A8s,100,0,0,0,false,frame_000.00.png
8,UTG,A7s,100,0,0,0,false,frame_000.00.png
8,UTG,A6s,100,0,0,0,false,frame_000.00.png
8,UTG,A5s,100,0,0,0,false,frame_000.00.png
8,UTG,A4s,100,0,0,0,false,frame_000.00.png
8,UTG,A3s,100,0,0,0,false,frame_000.00.png
8,UTG,A2s,100,0,0,0,false,frame_000.00.png
8,UTG,AKo,100,0,0,0,false,frame_000.00.png
8,UTG,KK,100,0,0,0,false,frame_000.00.png
8,UTG,KQs,100,0,0,0,false,frame_000.00.png
8,UTG,KJs,100,0,0,0,false,frame_000.00.png
8,UTG,KTs,100,0,0,0,false,frame_000.00.png
8,UTG,K9s,100,0,0,0,false,frame_000.00.png
8,UTG,K8s,0,0,0,100,false,frame_000.00.png
8,UTG,K7s,0,0,0,100,false,frame_000.00.png
8,UTG,K6s,0,0,0,100,false,frame_000.00.png
8,UTG,K5s,0,0,0,100,false,frame_000.00.png
8,UTG,K4s,0,0,0,100,false,frame_000.00.png
8,UTG,K3s,0,0,0,100,false,frame_000.00.png
8,UTG,K2s,0,0,0,100,false,frame_000.00.png
8,UTG,AQo,100,0,0,0,false,frame_000.00.png
8,UTG,KQo,100,0,0,0,false,frame_000.00.png
8,UTG,QQ,100,0,0,0,false,frame_000.00.png
8,UTG,QJs,100,0,0,0,false,frame_000.00.png
8,UTG,QTs,100,0,0,0,false,frame_000.00.png
8,UTG,Q9s,100,0,0,0,false,frame_000.00.png
8,UTG,Q8s,0,0,0,100,false,frame_000.00.png
8,UTG,Q7s,0,0,0,100,false,frame_000.00.png
8,UTG,Q6s,0,0,0,100,false,frame_000.00.png
8,UTG,Q5s,0,0,0,100,false,frame_000.00.png
8,UTG,Q4s,0,0,0,100,false,frame_000.00.png
8,UTG,Q3s,0,0,0,100,false,frame_000.00.png
8,UTG,Q2s,0,0,0,100,false,frame_000.00.png
8,UTG,AJo,100,0,0,0,false,frame_000.00.png
8,UTG,KJo,100,0,0,0,false,frame_000.00.png
8,UTG,QJo,27,0,0,73,false,frame_000.00.png
8,UTG,JJ,100,0,0,0,false,frame_000.00.png
8,UTG,JTs,100,0,0,0,false,frame_000.00.png
8,UTG,J9s,100,0,0,0,false,frame_000.00.png
8,UTG,J8s,0,0,0,100,false,frame_000.00.png
8,UTG,J7s,0,0,0,100,false,frame_000.00.png
8,UTG,J6s,0,0,0,100,false,frame_000.00.png
8,UTG,J5s,0,0,0,100,false,frame_000.00.png
8,UTG,J4s,0,0,0,100,false,frame_000.00.png
8,UTG,J3s,0,0,0,100,false,frame_000.00.png
8,UTG,J2s,0,0,0,100,false,frame_000.00.png
8,UTG,ATo,100,0,0,0,false,frame_000.00.png
8,UTG,KTo,0,0,0,100,false,frame_000.00.png
8,UTG,QTo,0,0,0,100,false,frame_000.00.png
8,UTG,JTo,0,0,0,100,false,frame_000.00.png
8,UTG,TT,100,0,0,0,false,frame_000.00.png
8,UTG,T9s,100,0,0,0,false,frame_000.00.png
8,UTG,T8s,0,0,0,100,false,frame_000.00.png
8,UTG,T7s,0,0,0,100,false,frame_000.00.png
8,UTG,T6s,0,0,0,100,false,frame_000.00.png
8,UTG,T5s,0,0,0,100,false,frame_000.00.png
8,UTG,T4s,0,0,0,100,false,frame_000.00.png
8,UTG,T3s,0,0,0,100,false,frame_000.00.png
8,UTG,T2s,0,0,0,100,false,frame_000.00.png
8,UTG,A9o,100,0,0,0,false,frame_000.00.png
8,UTG,K9o,0,0,0,100,false,frame_000.00.png
8,UTG,Q9o,0,0,0,100,false,frame_000.00.png
8,UTG,J9o,0,0,0,100,false,frame_000.00.png
8,UTG,T9o,0,0,0,100,false,frame_000.00.png
8,UTG,99,100,0,0,0,false,frame_000.00.png
8,UTG,98s,100,0,0,0,false,frame_000.00.png
8,UTG,97s,0,0,0,100,false,frame_000.00.png
8,UTG,96s,0,0,0,100,false,frame_000.00.png
8,UTG,95s,0,0,0,100,false,frame_000.00.png
8,UTG,94s,0,0,0,100,false,frame_000.00.png
8,UTG,93s,0,0,0,100,false,frame_000.00.png
8,UTG,92s,0,0,0,100,false,frame_000.00.png
8,UTG,A8o,0,0,0,100,false,frame_000.00.png
8,UTG,K8o,0,0,0,100,false,frame_000.00.png
8,UTG,Q8o,0,0,0,100,false,frame_000.00.png
8,UTG,J8o,0,0,0,100,false,frame_000.00.png
8,UTG,T8o,0,0,0,100,false,frame_000.00.png
8,UTG,98o,0,0,0,100,false,frame_000.00.png
8,UTG,88,100,0,0,0,false,frame_000.00.png
8,UTG,87s,0,0,0,100,false,frame_000.00.png
8,UTG,86s,0,0,0,100,false,frame_000.00.png
8,UTG,85s,0,0,0,100,false,frame_000.00.png
8,UTG,84s,0,0,0,100,false,frame_000.00.png
8,UTG,83s,0,0,0,100,false,frame_000.00.png
8,UTG,82s,0,0,0,100,false,frame_000.00.png
8,UTG,A7o,0,0,0,100,false,frame_000.00.png
8,UTG,K7o,0,0,0,100,false,frame_000.00.png
8,UTG,Q7o,0,0,0,100,false,frame_000.00.png
8,UTG,J7o,0,0,0,100,false,frame_000.00.png
8,UTG,T7o,0,0,0,100,false,frame_000.00.png
8,UTG,97o,0,0,0,100,false,frame_000.00.png
8,UTG,87o,0,0,0,100,false,frame_000.00.png
8,UTG,77,100,0,0,0,false,frame_000.00.png
8,UTG,76s,0,0,0,100,false,frame_000.00.png
8,UTG,75s,0,0,0,100,false,frame_000.00.png
8,UTG,74s,0,0,0,100,false,frame_000.00.png
8,UTG,73s,0,0,0,100,false,frame_000.00.png
8,UTG,72s,0,0,0,100,false,frame_000.00.png
8,UTG,A6o,0,0,0,100,false,frame_000.00.png
8,UTG,K6o,0,0,0,100,false,frame_000.00.png
8,UTG,Q6o,0,0,0,100,false,frame_000.00.png
8,UTG,J6o,0,0,0,100,false,frame_000.00.png
8,UTG,T6o,0,0,0,100,false,frame_000.00.png
8,UTG,96o,0,0,0,100,false,frame_000.00.png
8,UTG,86o,0,0,0,100,false,frame_000.00.png
8,UTG,76o,0,0,0,100,false,frame_000.00.png
8,UTG,66,100,0,0,0,false,frame_000.00.png
8,UTG,65s,0,0,0,100,false,frame_000.00.png
8,UTG,64s,0,0,0,100,false,frame_000.00.png
8,UTG,63s,0,0,0,100,false,frame_000.00.png
8,UTG,62s,0,0,0,100,false,frame_000.00.png
8,UTG,A5o,0,0,0,100,false,frame_000.00.png
8,UTG,K5o,0,0,0,100,false,frame_000.00.png
8,UTG,Q5o,0,0,0,100,false,frame_000.00.png
8,UTG,J5o,0,0,0,100,false,frame_000.00.png
8,UTG,T5o,0,0,0,100,false,frame_000.00.png
8,UTG,95o,0,0,0,100,false,frame_000.00.png
8,UTG,85o,0,0,0,100,false,frame_000.00.png
8,UTG,75o,0,0,0,100,false,frame_000.00.png
8,UTG,65o,0,0,0,100,false,frame_000.00.png
8,UTG,55,100,0,0,0,false,frame_000.00.png
8,UTG,54s,0,0,0,100,false,frame_000.00.png
8,UTG,53s,0,0,0,100,false,frame_000.00.png
8,UTG,52s,0,0,0,100,false,frame_000.00.png
8,UTG,A4o,0,0,0,100,false,frame_000.00.png
8,UTG,K4o,0,0,0,100,false,frame_000.00.png
8,UTG,Q4o,0,0,0,100,false,frame_000.00.png
8,UTG,J4o,0,0,0,100,false,frame_000.00.png
8,UTG,T4o,0,0,0,100,false,frame_000.00.png
8,UTG,94o,0,0,0,100,false,frame_000.00.png
8,UTG,84o,0,0,0,100,false,frame_000.00.png
8,UTG,74o,0,0,0,100,false,frame_000.00.png
8,UTG,64o,0,0,0,100,false,frame_000.00.png
8,UTG,54o,0,0,0,100,false,frame_000.00.png
8,UTG,44,100,0,0,0,false,frame_000.00.png
8,UTG,43s,0,0,0,100,false,frame_000.00.png
8,UTG,42s,0,0,0,100,false,frame_000.00.png
8,UTG,A3o,0,0,0,100,false,frame_000.00.png
8,UTG,K3o,0,0,0,100,false,frame_000.00.png
8,UTG,Q3o,0,0,0,100,false,frame_000.00.png
8,UTG,J3o,0,0,0,100,false,frame_000.00.png
8,UTG,T3o,0,0,0,100,false,frame_000.00.png
8,UTG,93o,0,0,0,100,false,frame_000.00.png
8,UTG,83o,0,0,0,100,false,frame_000.00.png
8,UTG,73o,0,0,0,100,false,frame_000.00.png
8,UTG,63o,0,0,0,100,false,frame_000.00.png
8,UTG,53o,0,0,0,100,false,frame_000.00.png
8,UTG,43o,0,0,0,100,false,frame_000.00.png
8,UTG,33,100,0,0,0,false,frame_000.00.png
8,UTG,32s,0,0,0,100,false,frame_000.00.png
8,UTG,A2o,0,0,0,100,false,frame_000.00.png
8,UTG,K2o,0,0,0,100,false,frame_000.00.png
8,UTG,Q2o,0,0,0,100,false,frame_000.00.png
8,UTG,J2o,0,0,0,100,false,frame_000.00.png
8,UTG,T2o,0,0,0,100,false,frame_000.00.png
8,UTG,92o,0,0,0,100,false,frame_000.00.png
8,UTG,82o,0,0,0,100,false,frame_000.00.png
8,UTG,72o,0,0,0,100,false,frame_000.00.png
8,UTG,62o,0,0,0,100,false,frame_000.00.png
8,UTG,52o,0,0,0,100,false,frame_000.00.png
8,UTG,42o,0,0,0,100,false,frame_000.00.png
8,UTG,32o,0,0,0,100,false,frame_000.00.png
8,UTG,22,100,0,0,0,false,frame_000.00.png
8,UTG1,AA,100,0,0,0,false,frame_001.00.png
8,UTG1,AKs,100,0,0,0,false,frame_001.00.png
8,UTG1,AQs,100,0,0,0,false,frame_001.00.png
8,UTG1,AJs,100,0,0,0,false,frame_001.00.png
8,UTG1,ATs,100,0,0,0,false,frame_001.00.png
8,UTG1,A9s,100,0,0,0,false,frame_001.00.png
8,UTG1,A8s,100,0,0,0,false,frame_001.00.png
8,UTG1,A7s,100,0,0,0,false,frame_001.00.png
8,UTG1,A6s,100,0,0,0,false,frame_001.00.png
8,UTG1,A5s,100,0,0,0,false,frame_001.00.png
8,UTG1,A4s,100,0,0,0,false,frame_001.00.png
8,UTG1,A3s,100,0,0,0,false,frame_001.00.png
8,UTG1,A2s,100,0,0,0,false,frame_001.00.png
8,UTG1,AKo,100,0,0,0,false,frame_001.00.png
8,UTG1,KK,100,0,0,0,false,frame_001.00.png
8,UTG1,KQs,100,0,0,0,false,frame_001.00.png
8,UTG1,KJs,100,0,0,0,false,frame_001.00.png
8,UTG1,KTs,100,0,0,0,false,frame_001.00.png
8,UTG1,K9s,100,0,0,0,false,frame_001.00.png
8,UTG1,K8s,0,0,0,100,false,frame_001.00.png
8,UTG1,K7s,0,0,0,100,false,frame_001.00.png
8,UTG1,K6s,0,0,0,100,false,frame_001.00.png
8,UTG1,K5s,0,0,0,100,false,frame_001.00.png
8,UTG1,K4s,0,0,0,100,false,frame_001.00.png
8,UTG1,K3s,0,0,0,100,false,frame_001.00.png
8,UTG1,K2s,0,0,0,100,false,frame_001.00.png
8,UTG1,AQo,100,0,0,0,false,frame_001.00.png
8,UTG1,KQo,100,0,0,0,false,frame_001.00.png
8,UTG1,QQ,100,0,0,0,false,frame_001.00.png
8,UTG1,QJs,100,0,0,0,false,frame_001.00.png
8,UTG1,QTs,100,0,0,0,false,frame_001.00.png
8,UTG1,Q9s,100,0,0,0,false,frame_001.00.png
8,UTG1,Q8s,0,0,0,100,false,frame_001.00.png
8,UTG1,Q7s,0,0,0,100,false,frame_001.00.png
8,UTG1,Q6s,0,0,0,100,false,frame_001.00.png
8,UTG1,Q5s,0,0,0,100,false,frame_001.00.png
8,UTG1,Q4s,0,0,0,100,false,frame_001.00.png
8,UTG1,Q3s,0,0,0,100,false,frame_001.00.png
8,UTG1,Q2s,0,0,0,100,false,frame_001.00.png
8,UTG1,AJo,100,0,0,0,false,frame_001.00.png
8,UTG1,KJo,100,0,0,0,false,frame_001.00.png
8,UTG1,QJo,27,0,0,73,false,frame_001.00.png
8,UTG1,JJ,100,0,0,0,false,frame_001.00.png
8,UTG1,JTs,100,0,0,0,false,frame_001.00.png
8,UTG1,J9s,100,0,0,0,false,frame_001.00.png
8,UTG1,J8s,0,0,0,100,false,frame_001.00.png
8,UTG1,J7s,0,0,0,100,false,frame_001.00.png
8,UTG1,J6s,0,0,0,100,false,frame_001.00.png
8,UTG1,J5s,0,0,0,100,false,frame_001.00.png
8,UTG1,J4s,0,0,0,100,false,frame_001.00.png
8,UTG1,J3s,0,0,0,100,false,frame_001.00.png
8,UTG1,J2s,0,0,0,100,false,frame_001.00.png
8,UTG1,ATo,100,0,0,0,false,frame_001.00.png
8,UTG1,KTo,0,0,0,100,false,frame_001.00.png
8,UTG1,QTo,0,0,0,100,false,frame_001.00.png
8,UTG1,JTo,0,0,0,100,false,frame_001.00.png
8,UTG1,TT,100,0,0,0,false,frame_001.00.png
8,UTG1,T9s,100,0,0,0,false,frame_001.00.png
8,UTG1,T8s,0,0,0,100,false,frame_001.00.png
8,UTG1,T7s,0,0,0,100,false,frame_001.00.png
8,UTG1,T6s,0,0,0,100,false,frame_001.00.png
8,UTG1,T5s,0,0,0,100,false,frame_001.00.png
8,UTG1,T4s,0,0,0,100,false,frame_001.00.png
8,UTG1,T3s,0,0,0,100,false,frame_001.00.png
8,UTG1,T2s,0,0,0,100,false,frame_001.00.png
8,UTG1,A9o,100,0,0,0,false,frame_001.00.png
8,UTG1,K9o,0,0,0,100,false,frame_001.00.png
8,UTG1,Q9o,0,0,0,100,false,frame_001.00.png
8,UTG1,J9o,0,0,0,100,false,frame_001.00.png
8,UTG1,T9o,0,0,0,100,false,frame_001.00.png
8,UTG1,99,100,0,0,0,false,frame_001.00.png
8,UTG1,98s,100,0,0,0,false,frame_001.00.png
8,UTG1,97s,0,0,0,100,false,frame_001.00.png
8,UTG1,96s,0,0,0,100,false,frame_001.00.png
8,UTG1,95s,0,0,0,100,false,frame_001.00.png
8,UTG1,94s,0,0,0,100,false,frame_001.00.png
8,UTG1,93s,0,0,0,100,false,frame_001.00.png
8,UTG1,92s,0,0,0,100,false,frame_001.00.png
8,UTG1,A8o,0,0,0,100,false,frame_001.00.png
8,UTG1,K8o,0,0,0,100,false,frame_001.00.png
8,UTG1,Q8o,0,0,0,100,false,frame_001.00.png
8,UTG1,J8o,0,0,0,100,false,frame_001.00.png
8,UTG1,T8o,0,0,0,100,false,frame_001.00.png
8,UTG1,98o,0,0,0,100,false,frame_001.00.png
8,UTG1,88,100,0,0,0,false,frame_001.00.png
8,UTG1,87s,0,0,0,100,false,frame_001.00.png
8,UTG1,86s,0,0,0,100,false,frame_001.00.png
8,UTG1,85s,0,0,0,100,false,frame_001.00.png
8,UTG1,84s,0,0,0,100,false,frame_001.00.png
8,UTG1,83s,0,0,0,100,false,frame_001.00.png
8,UTG1,82s,0,0,0,100,false,frame_001.00.png
8,UTG1,A7o,0,0,0,100,false,frame_001.00.png
8,UTG1,K7o,0,0,0,100,false,frame_001.00.png
8,UTG1,Q7o,0,0,0,100,false,frame_001.00.png
8,UTG1,J7o,0,0,0,100,false,frame_001.00.png
8,UTG1,T7o,0,0,0,100,false,frame_001.00.png
8,UTG1,97o,0,0,0,100,false,frame_001.00.png
8,UTG1,87o,0,0,0,100,false,frame_001.00.png
8,UTG1,77,100,0,0,0,false,frame_001.00.png
8,UTG1,76s,0,0,0,100,false,frame_001.00.png
8,UTG1,75s,0,0,0,100,false,frame_001.00.png
8,UTG1,74s,0,0,0,100,false,frame_001.00.png
8,UTG1,73s,0,0,0,100,false,frame_001.00.png
8,UTG1,72s,0,0,0,100,false,frame_001.00.png
8,UTG1,A6o,0,0,0,100,false,frame_001.00.png
8,UTG1,K6o,0,0,0,100,false,frame_001.00.png
8,UTG1,Q6o,0,0,0,100,false,frame_001.00.png
8,UTG1,J6o,0,0,0,100,false,frame_001.00.png
8,UTG1,T6o,0,0,0,100,false,frame_001.00.png
8,UTG1,96o,0,0,0,100,false,frame_001.00.png
8,UTG1,86o,0,0,0,100,false,frame_001.00.png
8,UTG1,76o,0,0,0,100,false,frame_001.00.png
8,UTG1,66,100,0,0,0,false,frame_001.00.png
8,UTG1,65s,0,0,0,100,false,frame_001.00.png
8,UTG1,64s,0,0,0,100,false,frame_001.00.png
8,UTG1,63s,0,0,0,100,false,frame_001.00.png
8,UTG1,62s,0,0,0,100,false,frame_001.00.png
8,UTG1,A5o,0,0,0,100,false,frame_001.00.png
8,UTG1,K5o,0,0,0,100,false,frame_001.00.png
8,UTG1,Q5o,0,0,0,100,false,frame_001.00.png
8,UTG1,J5o,0,0,0,100,false,frame_001.00.png
8,UTG1,T5o,0,0,0,100,false,frame_001.00.png
8,UTG1,95o,0,0,0,100,false,frame_001.00.png
8,UTG1,85o,0,0,0,100,false,frame_001.00.png
8,UTG1,75o,0,0,0,100,false,frame_001.00.png
8,UTG1,65o,0,0,0,100,false,frame_001.00.png
8,UTG1,55,100,0,0,0,false,frame_001.00.png
8,UTG1,54s,0,0,0,100,false,frame_001.00.png
8,UTG1,53s,0,0,0,100,false,frame_001.00.png
8,UTG1,52s,0,0,0,100,false,frame_001.00.png
8,UTG1,A4o,0,0,0,100,false,frame_001.00.png
8,UTG1,K4o,0,0,0,100,false,frame_001.00.png
8,UTG1,Q4o,0,0,0,100,false,frame_001.00.png
8,UTG1,J4o,0,0,0,100,false,frame_001.00.png
8,UTG1,T4o,0,0,0,100,false,frame_001.00.png
8,UTG1,94o,0,0,0,100,false,frame_001.00.png
8,UTG1,84o,0,0,0,100,false,frame_001.00.png
8,UTG1,74o,0,0,0,100,false,frame_001.00.png
8,UTG1,64o,0,0,0,100,false,frame_001.00.png
8,UTG1,54o,0,0,0,100,false,frame_001.00.png
8,UTG1,44,100,0,0,0,false,frame_001.00.png
8,UTG1,43s,0,0,0,100,false,frame_001.00.png
8,UTG1,42s,0,0,0,100,false,frame_001.00.png
8,UTG1,A3o,0,0,0,100,false,frame_001.00.png
8,UTG1,K3o,0,0,0,100,false,frame_001.00.png
8,UTG1,Q3o,0,0,0,100,false,frame_001.00.png
8,UTG1,J3o,0,0,0,100,false,frame_001.00.png
8,UTG1,T3o,0,0,0,100,false,frame_001.00.png
8,UTG1,93o,0,0,0,100,false,frame_001.00.png
8,UTG1,83o,0,0,0,100,false,frame_001.00.png
8,UTG1,73o,0,0,0,100,false,frame_001.00.png
8,UTG1,63o,0,0,0,100,false,frame_001.00.png
8,UTG1,53o,0,0,0,100,false,frame_001.00.png
8,UTG1,43o,0,0,0,100,false,frame_001.00.png
8,UTG1,33,100,0,0,0,false,frame_001.00.png
8,UTG1,32s,0,0,0,100,false,frame_001.00.png
8,UTG1,A2o,0,0,0,100,false,frame_001.00.png
8,UTG1,K2o,0,0,0,100,false,frame_001.00.png
8,UTG1,Q2o,0,0,0,100,false,frame_001.00.png
8,UTG1,J2o,0,0,0,100,false,frame_001.00.png
8,UTG1,T2o,0,0,0,100,false,frame_001.00.png
8,UTG1,92o,0,0,0,100,false,frame_001.00.png
8,UTG1,82o,0,0,0,100,false,frame_001.00.png
8,UTG1,72o,0,0,0,100,false,frame_001.00.png
8,UTG1,62o,0,0,0,100,false,frame_001.00.png
8,UTG1,52o,0,0,0,100,false,frame_001.00.png
8,UTG1,42o,0,0,0,100,false,frame_001.00.png
8,UTG1,32o,0,0,0,100,false,frame_001.00.png
8,UTG1,22,100,0,0,0,false,frame_001.00.png
8,LJ,AA,100,0,0,0,false,frame_003.00.png
8,LJ,AKs,100,0,0,0,false,frame_003.00.png
8,LJ,AQs,100,0,0,0,false,frame_003.00.png
8,LJ,AJs,100,0,0,0,false,frame_003.00.png
8,LJ,ATs,100,0,0,0,false,frame_003.00.png
8,LJ,A9s,100,0,0,0,false,frame_003.00.png
8,LJ,A8s,100,0,0,0,false,frame_003.00.png
8,LJ,A7s,100,0,0,0,false,frame_003.00.png
8,LJ,A6s,100,0,0,0,false,frame_003.00.png
8,LJ,A5s,100,0,0,0,false,frame_003.00.png
8,LJ,A4s,100,0,0,0,false,frame_003.00.png
8,LJ,A3s,100,0,0,0,false,frame_003.00.png
8,LJ,A2s,100,0,0,0,false,frame_003.00.png
8,LJ,AKo,100,0,0,0,false,frame_003.00.png
8,LJ,KK,100,0,0,0,false,frame_003.00.png
8,LJ,KQs,100,0,0,0,false,frame_003.00.png
8,LJ,KJs,100,0,0,0,false,frame_003.00.png
8,LJ,KTs,100,0,0,0,false,frame_003.00.png
8,LJ,K9s,100,0,0,0,false,frame_003.00.png
8,LJ,K8s,0,0,0,100,false,frame_003.00.png
8,LJ,K7s,0,0,0,100,false,frame_003.00.png
8,LJ,K6s,0,0,0,100,false,frame_003.00.png
8,LJ,K5s,0,0,0,100,false,frame_003.00.png
8,LJ,K4s,0,0,0,100,false,frame_003.00.png
8,LJ,K3s,0,0,0,100,false,frame_003.00.png
8,LJ,K2s,0,0,0,100,false,frame_003.00.png
8,LJ,AQo,100,0,0,0,false,frame_003.00.png
8,LJ,KQo,100,0,0,0,false,frame_003.00.png
8,LJ,QQ,100,0,0,0,false,frame_003.00.png
8,LJ,QJs,100,0,0,0,false,frame_003.00.png
8,LJ,QTs,100,0,0,0,false,frame_003.00.png
8,LJ,Q9s,100,0,0,0,false,frame_003.00.png
8,LJ,Q8s,0,0,0,100,false,frame_003.00.png
8,LJ,Q7s,0,0,0,100,false,frame_003.00.png
8,LJ,Q6s,0,0,0,100,false,frame_003.00.png
8,LJ,Q5s,0,0,0,100,false,frame_003.00.png
8,LJ,Q4s,0,0,0,100,false,frame_003.00.png
8,LJ,Q3s,0,0,0,100,false,frame_003.00.png
8,LJ,Q2s,0,0,0,100,false,frame_003.00.png
8,LJ,AJo,100,0,0,0,false,frame_003.00.png
8,LJ,KJo,100,0,0,0,false,frame_003.00.png
8,LJ,QJo,100,0,0,0,false,frame_003.00.png
8,LJ,JJ,100,0,0,0,false,frame_003.00.png
8,LJ,JTs,100,0,0,0,false,frame_003.00.png
8,LJ,J9s,100,0,0,0,false,frame_003.00.png
8,LJ,J8s,0,0,0,100,false,frame_003.00.png
8,LJ,J7s,0,0,0,100,false,frame_003.00.png
8,LJ,J6s,0,0,0,100,false,frame_003.00.png
8,LJ,J5s,0,0,0,100,false,frame_003.00.png
8,LJ,J4s,0,0,0,100,false,frame_003.00.png
8,LJ,J3s,0,0,0,100,false,frame_003.00.png
8,LJ,J2s,0,0,0,100,false,frame_003.00.png
8,LJ,ATo,100,0,0,0,false,frame_003.00.png
8,LJ,KTo,0,0,0,100,false,frame_003.00.png
8,LJ,QTo,0,0,0,100,false,frame_003.00.png
8,LJ,JTo,0,0,0,100,false,frame_003.00.png
8,LJ,TT,100,0,0,0,false,frame_003.00.png
8,LJ,T9s,100,0,0,0,false,frame_003.00.png
8,LJ,T8s,0,0,0,100,false,frame_003.00.png
8,LJ,T7s,0,0,0,100,false,frame_003.00.png
8,LJ,T6s,0,0,0,100,false,frame_003.00.png
8,LJ,T5s,0,0,0,100,false,frame_003.00.png
8,LJ,T4s,0,0,0,100,false,frame_003.00.png
8,LJ,T3s,0,0,0,100,false,frame_003.00.png
8,LJ,T2s,0,0,0,100,false,frame_003.00.png
8,LJ,A9o,100,0,0,0,false,frame_003.00.png
8,LJ,K9o,0,0,0,100,false,frame_003.00.png
8,LJ,Q9o,0,0,0,100,false,frame_003.00.png
8,LJ,J9o,0,0,0,100,false,frame_003.00.png
8,LJ,T9o,0,0,0,100,false,frame_003.00.png
8,LJ,99,100,0,0,0,false,frame_003.00.png
8,LJ,98s,100,0,0,0,false,frame_003.00.png
8,LJ,97s,0,0,0,100,false,frame_003.00.png
8,LJ,96s,0,0,0,100,false,frame_003.00.png
8,LJ,95s,0,0,0,100,false,frame_003.00.png
8,LJ,94s,0,0,0,100,false,frame_003.00.png
8,LJ,93s,0,0,0,100,false,frame_003.00.png
8,LJ,92s,0,0,0,100,false,frame_003.00.png
8,LJ,A8o,100,0,0,0,false,frame_003.00.png
8,LJ,K8o,0,0,0,100,false,frame_003.00.png
8,LJ,Q8o,0,0,0,100,false,frame_003.00.png
8,LJ,J8o,0,0,0,100,false,frame_003.00.png
8,LJ,T8o,0,0,0,100,false,frame_003.00.png
8,LJ,98o,0,0,0,100,false,frame_003.00.png
8,LJ,88,100,0,0,0,false,frame_003.00.png
8,LJ,87s,0,0,0,100,false,frame_003.00.png
8,LJ,86s,0,0,0,100,false,frame_003.00.png
8,LJ,85s,0,0,0,100,false,frame_003.00.png
8,LJ,84s,0,0,0,100,false,frame_003.00.png
8,LJ,83s,0,0,0,100,false,frame_003.00.png
8,LJ,82s,0,0,0,100,false,frame_003.00.png
8,LJ,A7o,100,0,0,0,false,frame_003.00.png
8,LJ,K7o,0,0,0,100,false,frame_003.00.png
8,LJ,Q7o,0,0,0,100,false,frame_003.00.png
8,LJ,J7o,0,0,0,100,false,frame_003.00.png
8,LJ,T7o,0,0,0,100,false,frame_003.00.png
8,LJ,97o,0,0,0,100,false,frame_003.00.png
8,LJ,87o,0,0,0,100,false,frame_003.00.png
8,LJ,77,100,0,0,0,false,frame_003.00.png
8,LJ,76s,0,0,0,100,false,frame_003.00.png
8,LJ,75s,0,0,0,100,false,frame_003.00.png
8,LJ,74s,0,0,0,100,false,frame_003.00.png
8,LJ,73s,0,0,0,100,false,frame_003.00.png
8,LJ,72s,0,0,0,100,false,frame_003.00.png
8,LJ,A6o,0,0,0,100,false,frame_003.00.png
8,LJ,K6o,0,0,0,100,false,frame_003.00.png
8,LJ,Q6o,0,0,0,100,false,frame_003.00.png
8,LJ,J6o,0,0,0,100,false,frame_003.00.png
8,LJ,T6o,0,0,0,100,false,frame_003.00.png
8,LJ,96o,0,0,0,100,false,frame_003.00.png
8,LJ,86o,0,0,0,100,false,frame_003.00.png
8,LJ,76o,0,0,0,100,false,frame_003.00.png
8,LJ,66,100,0,0,0,false,frame_003.00.png
8,LJ,65s,0,0,0,100,false,frame_003.00.png
8,LJ,64s,0,0,0,100,false,frame_003.00.png
8,LJ,63s,0,0,0,100,false,frame_003.00.png
8,LJ,62s,0,0,0,100,false,frame_003.00.png
8,LJ,A5o,0,0,0,100,false,frame_003.00.png
8,LJ,K5o,0,0,0,100,false,frame_003.00.png
8,LJ,Q5o,0,0,0,100,false,frame_003.00.png
8,LJ,J5o,0,0,0,100,false,frame_003.00.png
8,LJ,T5o,0,0,0,100,false,frame_003.00.png
8,LJ,95o,0,0,0,100,false,frame_003.00.png
8,LJ,85o,0,0,0,100,false,frame_003.00.png
8,LJ,75o,0,0,0,100,false,frame_003.00.png
8,LJ,65o,0,0,0,100,false,frame_003.00.png
8,LJ,55,100,0,0,0,false,frame_003.00.png
8,LJ,54s,0,0,0,100,false,frame_003.00.png
8,LJ,53s,0,0,0,100,false,frame_003.00.png
8,LJ,52s,0,0,0,100,false,frame_003.00.png
8,LJ,A4o,0,0,0,100,false,frame_003.00.png
8,LJ,K4o,0,0,0,100,false,frame_003.00.png
8,LJ,Q4o,0,0,0,100,false,frame_003.00.png
8,LJ,J4o,0,0,0,100,false,frame_003.00.png
8,LJ,T4o,0,0,0,100,false,frame_003.00.png
8,LJ,94o,0,0,0,100,false,frame_003.00.png
8,LJ,84o,0,0,0,100,false,frame_003.00.png
8,LJ,74o,0,0,0,100,false,frame_003.00.png
8,LJ,64o,0,0,0,100,false,frame_003.00.png
8,LJ,54o,0,0,0,100,false,frame_003.00.png
8,LJ,44,100,0,0,0,false,frame_003.00.png
8,LJ,43s,0,0,0,100,false,frame_003.00.png
8,LJ,42s,0,0,0,100,false,frame_003.00.png
8,LJ,A3o,0,0,0,100,false,frame_003.00.png
8,LJ,K3o,0,0,0,100,false,frame_003.00.png
8,LJ,Q3o,0,0,0,100,false,frame_003.00.png
8,LJ,J3o,0,0,0,100,false,frame_003.00.png
8,LJ,T3o,0,0,0,100,false,frame_003.00.png
8,LJ,93o,0,0,0,100,false,frame_003.00.png
8,LJ,83o,0,0,0,100,false,frame_003.00.png
8,LJ,73o,0,0,0,100,false,frame_003.00.png
8,LJ,63o,0,0,0,100,false,frame_003.00.png
8,LJ,53o,0,0,0,100,false,frame_003.00.png
8,LJ,43o,0,0,0,100,false,frame_003.00.png
8,LJ,33,100,0,0,0,false,frame_003.00.png
8,LJ,32s,0,0,0,100,false,frame_003.00.png
8,LJ,A2o,0,0,0,100,false,frame_003.00.png
8,LJ,K2o,0,0,0,100,false,frame_003.00.png
8,LJ,Q2o,0,0,0,100,false,frame_003.00.png
8,LJ,J2o,0,0,0,100,false,frame_003.00.png
8,LJ,T2o,0,0,0,100,false,frame_003.00.png
8,LJ,92o,0,0,0,100,false,frame_003.00.png
8,LJ,82o,0,0,0,100,false,frame_003.00.png
8,LJ,72o,0,0,0,100,false,frame_003.00.png
8,LJ,62o,0,0,0,100,false,frame_003.00.png
8,LJ,52o,0,0,0,100,false,frame_003.00.png
8,LJ,42o,0,0,0,100,false,frame_003.00.png
8,LJ,32o,0,0,0,100,false,frame_003.00.png
8,LJ,22,100,0,0,0,false,frame_003.00.png
8,HJ,AA,100,0,0,0,false,frame_008.00.png
8,HJ,AKs,100,0,0,0,false,frame_008.00.png
8,HJ,AQs,100,0,0,0,false,frame_008.00.png
8,HJ,AJs,100,0,0,0,false,frame_008.00.png
8,HJ,ATs,100,0,0,0,false,frame_008.00.png
8,HJ,A9s,100,0,0,0,false,frame_008.00.png
8,HJ,A8s,100,0,0,0,false,frame_008.00.png
8,HJ,A7s,100,0,0,0,false,frame_008.00.png
8,HJ,A6s,100,0,0,0,false,frame_008.00.png
8,HJ,A5s,100,0,0,0,false,frame_008.00.png
8,HJ,A4s,100,0,0,0,false,frame_008.00.png
8,HJ,A3s,100,0,0,0,false,frame_008.00.png
8,HJ,A2s,100,0,0,0,false,frame_008.00.png
8,HJ,AKo,100,0,0,0,false,frame_008.00.png
8,HJ,KK,100,0,0,0,false,frame_008.00.png
8,HJ,KQs,100,0,0,0,false,frame_008.00.png
8,HJ,KJs,100,0,0,0,false,frame_008.00.png
8,HJ,KTs,100,0,0,0,false,frame_008.00.png
8,HJ,K9s,100,0,0,0,false,frame_008.00.png
8,HJ,K8s,100,0,0,0,false,frame_008.00.png
8,HJ,K7s,100,0,0,0,false,frame_008.00.png
8,HJ,K6s,3,0,0,97,false,frame_008.00.png
8,HJ,K5s,0,0,0,100,false,frame_008.00.png
8,HJ,K4s,0,0,0,100,false,frame_008.00.png
8,HJ,K3s,0,0,0,100,false,frame_008.00.png
8,HJ,K2s,0,0,0,100,false,frame_008.00.png
8,HJ,AQo,100,0,0,0,false,frame_008.00.png
8,HJ,KQo,100,0,0,0,false,frame_008.00.png
8,HJ,QQ,100,0,0,0,false,frame_008.00.png
8,HJ,QJs,100,0,0,0,false,frame_008.00.png
8,HJ,QTs,100,0,0,0,false,frame_008.00.png
8,HJ,Q9s,100,0,0,0,false,frame_008.00.png
8,HJ,Q8s,0,0,0,100,false,frame_008.00.png
8,HJ,Q7s,0,0,0,100,false,frame_008.00.png
8,HJ,Q6s,0,0,0,100,false,frame_008.00.png
8,HJ,Q5s,0,0,0,100,false,frame_008.00.png
8,HJ,Q4s,0,0,0,100,false,frame_008.00.png
8,HJ,Q3s,0,0,0,100,false,frame_008.00.png
8,HJ,Q2s,0,0,0,100,false,frame_008.00.png
8,HJ,AJo,100,0,0,0,false,frame_008.00.png
8,HJ,KJo,100,0,0,0,false,frame_008.00.png
8,HJ,QJo,100,0,0,0,false,frame_008.00.png
8,HJ,JJ,100,0,0,0,false,frame_008.00.png
8,HJ,JTs,100,0,0,0,false,frame_008.00.png
8,HJ,J9s,100,0,0,0,false,frame_008.00.png
8,HJ,J8s,0,0,0,100,false,frame_008.00.png
8,HJ,J7s,0,0,0,100,false,frame_008.00.png
8,HJ,J6s,0,0,0,100,false,frame_008.00.png
8,HJ,J5s,0,0,0,100,false,frame_008.00.png
8,HJ,J4s,0,0,0,100,false,frame_008.00.png
8,HJ,J3s,0,0,0,100,false,frame_008.00.png
8,HJ,J2s,0,0,0,100,false,frame_008.00.png
8,HJ,ATo,100,0,0,0,false,frame_008.00.png
8,HJ,KTo,100,0,0,0,false,frame_008.00.png
8,HJ,QTo,100,0,0,0,false,frame_008.00.png
8,HJ,JTo,100,0,0,0,false,frame_008.00.png
8,HJ,TT,100,0,0,0,false,frame_008.00.png
8,HJ,T9s,100,0,0,0,false,frame_008.00.png
8,HJ,T8s,100,0,0,0,false,frame_008.00.png
8,HJ,T7s,0,0,0,100,false,frame_008.00.png
8,HJ,T6s,0,0,0,100,false,frame_008.00.png
8,HJ,T5s,0,0,0,100,false,frame_008.00.png
8,HJ,T4s,0,0,0,100,false,frame_008.00.png
8,HJ,T3s,0,0,0,100,false,frame_008.00.png
8,HJ,T2s,0,0,0,100,false,frame_008.00.png
8,HJ,A9o,100,0,0,0,false,frame_008.00.png
8,HJ,K9o,0,0,0,100,false,frame_008.00.png
8,HJ,Q9o,0,0,0,100,false,frame_008.00.png
8,HJ,J9o,0,0,0,100,false,frame_008.00.png
8,HJ,T9o,0,0,0,100,false,frame_008.00.png
8,HJ,99,100,0,0,0,false,frame_008.00.png
8,HJ,98s,100,0,0,0,false,frame_008.00.png
8,HJ,97s,0,0,0,100,false,frame_008.00.png
8,HJ,96s,0,0,0,100,false,frame_008.00.png
8,HJ,95s,0,0,0,100,false,frame_008.00.png
8,HJ,94s,0,0,0,100,false,frame_008.00.png
8,HJ,93s,0,0,0,100,false,frame_008.00.png
8,HJ,92s,0,0,0,100,false,frame_008.00.png
8,HJ,A8o,100,0,0,0,false,frame_008.00.png
8,HJ,K8o,0,0,0,100,false,frame_008.00.png
8,HJ,Q8o,0,0,0,100,false,frame_008.00.png
8,HJ,J8o,0,0,0,100,false,frame_008.00.png
8,HJ,T8o,0,0,0,100,false,frame_008.00.png
8,HJ,98o,0,0,0,100,false,frame_008.00.png
8,HJ,88,100,0,0,0,false,frame_008.00.png
8,HJ,87s,0,0,0,100,false,frame_008.00.png
8,HJ,86s,0,0,0,100,false,frame_008.00.png
8,HJ,85s,0,0,0,100,false,frame_008.00.png
8,HJ,84s,0,0,0,100,false,frame_008.00.png
8,HJ,83s,0,0,0,100,false,frame_008.00.png
8,HJ,82s,0,0,0,100,false,frame_008.00.png
8,HJ,A7o,100,0,0,0,false,frame_008.00.png
8,HJ,K7o,0,0,0,100,false,frame_008.00.png
8,HJ,Q7o,0,0,0,100,false,frame_008.00.png
8,HJ,J7o,0,0,0,100,false,frame_008.00.png
8,HJ,T7o,0,0,0,100,false,frame_008.00.png
8,HJ,97o,0,0,0,100,false,frame_008.00.png
8,HJ,87o,0,0,0,100,false,frame_008.00.png
8,HJ,77,100,0,0,0,false,frame_008.00.png
8,HJ,76s,0,0,0,100,false,frame_008.00.png
8,HJ,75s,0,0,0,100,false,frame_008.00.png
8,HJ,74s,0,0,0,100,false,frame_008.00.png
8,HJ,73s,0,0,0,100,false,frame_008.00.png
8,HJ,72s,0,0,0,100,false,frame_008.00.png
8,HJ,A6o,100,0,0,0,false,frame_008.00.png
8,HJ,K6o,0,0,0,100,false,frame_008.00.png
8,HJ,Q6o,0,0,0,100,false,frame_008.00.png
8,HJ,J6o,0,0,0,100,false,frame_008.00.png
8,HJ,T6o,0,0,0,100,false,frame_008.00.png
8,HJ,96o,0,0,0,100,false,frame_008.00.png
8,HJ,86o,0,0,0,100,false,frame_008.00.png
8,HJ,76o,0,0,0,100,false,frame_008.00.png
8,HJ,66,100,0,0,0,false,frame_008.00.png
8,HJ,65s,0,0,0,100,false,frame_008.00.png
8,HJ,64s,0,0,0,100,false,frame_008.00.png
8,HJ,63s,0,0,0,100,false,frame_008.00.png
8,HJ,62s,0,0,0,100,false,frame_008.00.png
8,HJ,A5o,100,0,0,0,false,frame_008.00.png
8,HJ,K5o,0,0,0,100,false,frame_008.00.png
8,HJ,Q5o,0,0,0,100,false,frame_008.00.png
8,HJ,J5o,0,0,0,100,false,frame_008.00.png
8,HJ,T5o,0,0,0,100,false,frame_008.00.png
8,HJ,95o,0,0,0,100,false,frame_008.00.png
8,HJ,85o,0,0,0,100,false,frame_008.00.png
8,HJ,75o,0,0,0,100,false,frame_008.00.png
8,HJ,65o,0,0,0,100,false,frame_008.00.png
8,HJ,55,100,0,0,0,false,frame_008.00.png
8,HJ,54s,0,0,0,100,false,frame_008.00.png
8,HJ,53s,0,0,0,100,false,frame_008.00.png
8,HJ,52s,0,0,0,100,false,frame_008.00.png
8,HJ,A4o,100,0,0,0,false,frame_008.00.png
8,HJ,K4o,0,0,0,100,false,frame_008.00.png
8,HJ,Q4o,0,0,0,100,false,frame_008.00.png
8,HJ,J4o,0,0,0,100,false,frame_008.00.png
8,HJ,T4o,0,0,0,100,false,frame_008.00.png
8,HJ,94o,0,0,0,100,false,frame_008.00.png
8,HJ,84o,0,0,0,100,false,frame_008.00.png
8,HJ,74o,0,0,0,100,false,frame_008.00.png
8,HJ,64o,0,0,0,100,false,frame_008.00.png
8,HJ,54o,0,0,0,100,false,frame_008.00.png
8,HJ,44,100,0,0,0,false,frame_008.00.png
8,HJ,43s,0,0,0,100,false,frame_008.00.png
8,HJ,42s,0,0,0,100,false,frame_008.00.png
8,HJ,A3o,100,0,0,0,false,frame_008.00.png
8,HJ,K3o,0,0,0,100,false,frame_008.00.png
8,HJ,Q3o,0,0,0,100,false,frame_008.00.png
8,HJ,J3o,0,0,0,100,false,frame_008.00.png
8,HJ,T3o,0,0,0,100,false,frame_008.00.png
8,HJ,93o,0,0,0,100,false,frame_008.00.png
8,HJ,83o,0,0,0,100,false,frame_008.00.png
8,HJ,73o,0,0,0,100,false,frame_008.00.png
8,HJ,63o,0,0,0,100,false,frame_008.00.png
8,HJ,53o,0,0,0,100,false,frame_008.00.png
8,HJ,43o,0,0,0,100,false,frame_008.00.png
8,HJ,33,100,0,0,0,false,frame_008.00.png
8,HJ,32s,0,0,0,100,false,frame_008.00.png
8,HJ,A2o,100,0,0,0,false,frame_008.00.png
8,HJ,K2o,0,0,0,100,false,frame_008.00.png
8,HJ,Q2o,0,0,0,100,false,frame_008.00.png
8,HJ,J2o,0,0,0,100,false,frame_008.00.png
8,HJ,T2o,0,0,0,100,false,frame_008.00.png
8,HJ,92o,0,0,0,100,false,frame_008.00.png
8,HJ,82o,0,0,0,100,false,frame_008.00.png
8,HJ,72o,0,0,0,100,false,frame_008.00.png
8,HJ,62o,0,0,0,100,false,frame_008.00.png
8,HJ,52o,0,0,0,100,false,frame_008.00.png
8,HJ,42o,0,0,0,100,false,frame_008.00.png
8,HJ,32o,0,0,0,100,false,frame_008.00.png
8,HJ,22,100,0,0,0,false,frame_008.00.png
8,CO,AA,100,0,0,0,false,frame_010.00.png
8,CO,AKs,100,0,0,0,false,frame_010.00.png
8,CO,AQs,100,0,0,0,false,frame_010.00.png
8,CO,AJs,100,0,0,0,false,frame_010.00.png
8,CO,ATs,100,0,0,0,false,frame_010.00.png
8,CO,A9s,100,0,0,0,false,frame_010.00.png
8,CO,A8s,100,0,0,0,false,frame_010.00.png
8,CO,A7s,100,0,0,0,false,frame_010.00.png
8,CO,A6s,100,0,0,0,false,frame_010.00.png
8,CO,A5s,100,0,0,0,false,frame_010.00.png
8,CO,A4s,100,0,0,0,false,frame_010.00.png
8,CO,A3s,100,0,0,0,false,frame_010.00.png
8,CO,A2s,100,0,0,0,false,frame_010.00.png
8,CO,AKo,100,0,0,0,false,frame_010.00.png
8,CO,KK,100,0,0,0,false,frame_010.00.png
8,CO,KQs,100,0,0,0,false,frame_010.00.png
8,CO,KJs,100,0,0,0,false,frame_010.00.png
8,CO,KTs,100,0,0,0,false,frame_010.00.png
8,CO,K9s,100,0,0,0,false,frame_010.00.png
8,CO,K8s,100,0,0,0,false,frame_010.00.png
8,CO,K7s,100,0,0,0,false,frame_010.00.png
8,CO,K6s,100,0,0,0,false,frame_010.00.png
8,CO,K5s,100,0,0,0,false,frame_010.00.png
8,CO,K4s,100,0,0,0,false,frame_010.00.png
8,CO,K3s,0,0,0,100,false,frame_010.00.png
8,CO,K2s,0,0,0,100,false,frame_010.00.png
8,CO,AQo,100,0,0,0,false,frame_010.00.png
8,CO,KQo,100,0,0,0,false,frame_010.00.png
8,CO,QQ,100,0,0,0,false,frame_010.00.png
8,CO,QJs,100,0,0,0,false,frame_010.00.png
8,CO,QTs,100,0,0,0,false,frame_010.00.png
8,CO,Q9s,100,0,0,0,false,frame_010.00.png
8,CO,Q8s,100,0,0,0,false,frame_010.00.png
8,CO,Q7s,0,0,0,100,false,frame_010.00.png
8,CO,Q6s,0,0,0,100,false,frame_010.00.png
8,CO,Q5s,0,0,0,100,false,frame_010.00.png
8,CO,Q4s,0,0,0,100,false,frame_010.00.png
8,CO,Q3s,0,0,0,100,false,frame_010.00.png
8,CO,Q2s,0,0,0,100,false,frame_010.00.png
8,CO,AJo,100,0,0,0,false,frame_010.00.png
8,CO,KJo,100,0,0,0,false,frame_010.00.png
8,CO,QJo,100,0,0,0,false,frame_010.00.png
8,CO,JJ,100,0,0,0,false,frame_010.00.png
8,CO,JTs,100,0,0,0,false,frame_010.00.png
8,CO,J9s,100,0,0,0,false,frame_010.00.png
8,CO,J8s,100,0,0,0,false,frame_010.00.png
8,CO,J7s,0,0,0,100,false,frame_010.00.png
8,CO,J6s,0,0,0,100,false,frame_010.00.png
8,CO,J5s,0,0,0,100,false,frame_010.00.png
8,CO,J4s,0,0,0,100,false,frame_010.00.png
8,CO,J3s,0,0,0,100,false,frame_010.00.png
8,CO,J2s,0,0,0,100,false,frame_010.00.png
8,CO,ATo,100,0,0,0,false,frame_010.00.png
8,CO,KTo,100,0,0,0,false,frame_010.00.png
8,CO,QTo,100,0,0,0,false,frame_010.00.png
8,CO,JTo,100,0,0,0,false,frame_010.00.png
8,CO,TT,100,0,0,0,false,frame_010.00.png
8,CO,T9s,100,0,0,0,false,frame_010.00.png
8,CO,T8s,100,0,0,0,false,frame_010.00.png
8,CO,T7s,30,0,0,70,true,frame_010.00.png
8,CO,T6s,0,0,0,100,false,frame_010.00.png
8,CO,T5s,0,0,0,100,false,frame_010.00.png
8,CO,T4s,0,0,0,100,false,frame_010.00.png
8,CO,T3s,0,0,0,100,false,frame_010.00.png
8,CO,T2s,0,0,0,100,false,frame_010.00.png
8,CO,A9o,100,0,0,0,false,frame_010.00.png
8,CO,K9o,100,0,0,0,false,frame_010.00.png
8,CO,Q9o,0,0,0,100,false,frame_010.00.png
8,CO,J9o,0,0,0,100,false,frame_010.00.png
8,CO,T9o,0,0,0,100,false,frame_010.00.png
8,CO,99,100,0,0,0,false,frame_010.00.png
8,CO,98s,100,0,0,0,false,frame_010.00.png
8,CO,97s,100,0,0,0,false,frame_010.00.png
8,CO,96s,0,0,0,100,false,frame_010.00.png
8,CO,95s,0,0,0,100,false,frame_010.00.png
8,CO,94s,0,0,0,100,false,frame_010.00.png
8,CO,93s,0,0,0,100,false,frame_010.00.png
8,CO,92s,0,0,0,100,false,frame_010.00.png
8,CO,A8o,100,0,0,0,false,frame_010.00.png
8,CO,K8o,0,0,0,100,false,frame_010.00.png
8,CO,Q8o,0,0,0,100,false,frame_010.00.png
8,CO,J8o,0,0,0,100,false,frame_010.00.png
8,CO,T8o,0,0,0,100,false,frame_010.00.png
8,CO,98o,0,0,0,100,false,frame_010.00.png
8,CO,88,100,0,0,0,false,frame_010.00.png
8,CO,87s,100,0,0,0,false,frame_010.00.png
8,CO,86s,0,0,0,100,false,frame_010.00.png
8,CO,85s,0,0,0,100,false,frame_010.00.png
8,CO,84s,0,0,0,100,false,frame_010.00.png
8,CO,83s,0,0,0,100,false,frame_010.00.png
8,CO,82s,0,0,0,100,false,frame_010.00.png
8,CO,A7o,100,0,0,0,false,frame_010.00.png
8,CO,K7o,0,0,0,100,false,frame_010.00.png
8,CO,Q7o,0,0,0,100,false,frame_010.00.png
8,CO,J7o,0,0,0,100,false,frame_010.00.png
8,CO,T7o,0,0,0,100,false,frame_010.00.png
8,CO,97o,0,0,0,100,false,frame_010.00.png
8,CO,87o,0,0,0,100,false,frame_010.00.png
8,CO,77,100,0,0,0,false,frame_010.00.png
8,CO,76s,0,0,0,100,false,frame_010.00.png
8,CO,75s,0,0,0,100,false,frame_010.00.png
8,CO,74s,0,0,0,100,false,frame_010.00.png
8,CO,73s,0,0,0,100,false,frame_010.00.png
8,CO,72s,0,0,0,100,false,frame_010.00.png
8,CO,A6o,100,0,0,0,false,frame_010.00.png
8,CO,K6o,0,0,0,100,false,frame_010.00.png
8,CO,Q6o,0,0,0,100,false,frame_010.00.png
8,CO,J6o,0,0,0,100,false,frame_010.00.png
8,CO,T6o,0,0,0,100,false,frame_010.00.png
8,CO,96o,0,0,0,100,false,frame_010.00.png
8,CO,86o,0,0,0,100,false,frame_010.00.png
8,CO,76o,0,0,0,100,false,frame_010.00.png
8,CO,66,100,0,0,0,false,frame_010.00.png
8,CO,65s,0,0,0,100,false,frame_010.00.png
8,CO,64s,0,0,0,100,false,frame_010.00.png
8,CO,63s,0,0,0,100,false,frame_010.00.png
8,CO,62s,0,0,0,100,false,frame_010.00.png
8,CO,A5o,100,0,0,0,false,frame_010.00.png
8,CO,K5o,0,0,0,100,false,frame_010.00.png
8,CO,Q5o,0,0,0,100,false,frame_010.00.png
8,CO,J5o,0,0,0,100,false,frame_010.00.png
8,CO,T5o,0,0,0,100,false,frame_010.00.png
8,CO,95o,0,0,0,100,false,frame_010.00.png
8,CO,85o,0,0,0,100,false,frame_010.00.png
8,CO,75o,0,0,0,100,false,frame_010.00.png
8,CO,65o,0,0,0,100,false,frame_010.00.png
8,CO,55,100,0,0,0,false,frame_010.00.png
8,CO,54s,0,0,0,100,false,frame_010.00.png
8,CO,53s,0,0,0,100,false,frame_010.00.png
8,CO,52s,0,0,0,100,false,frame_010.00.png
8,CO,A4o,100,0,0,0,false,frame_010.00.png
8,CO,K4o,0,0,0,100,false,frame_010.00.png
8,CO,Q4o,0,0,0,100,false,frame_010.00.png
8,CO,J4o,0,0,0,100,false,frame_010.00.png
8,CO,T4o,0,0,0,100,false,frame_010.00.png
8,CO,94o,0,0,0,100,false,frame_010.00.png
8,CO,84o,0,0,0,100,false,frame_010.00.png
8,CO,74o,0,0,0,100,false,frame_010.00.png
8,CO,64o,0,0,0,100,false,frame_010.00.png
8,CO,54o,0,0,0,100,false,frame_010.00.png
8,CO,44,100,0,0,0,false,frame_010.00.png
8,CO,43s,0,0,0,100,false,frame_010.00.png
8,CO,42s,0,0,0,100,false,frame_010.00.png
8,CO,A3o,100,0,0,0,false,frame_010.00.png
8,CO,K3o,0,0,0,100,false,frame_010.00.png
8,CO,Q3o,0,0,0,100,false,frame_010.00.png
8,CO,J3o,0,0,0,100,false,frame_010.00.png
8,CO,T3o,0,0,0,100,false,frame_010.00.png
8,CO,93o,0,0,0,100,false,frame_010.00.png
8,CO,83o,0,0,0,100,false,frame_010.00.png
8,CO,73o,0,0,0,100,false,frame_010.00.png
8,CO,63o,0,0,0,100,false,frame_010.00.png
8,CO,53o,0,0,0,100,false,frame_010.00.png
8,CO,43o,0,0,0,100,false,frame_010.00.png
8,CO,33,100,0,0,0,false,frame_010.00.png
8,CO,32s,0,0,0,100,false,frame_010.00.png
8,CO,A2o,100,0,0,0,false,frame_010.00.png
8,CO,K2o,0,0,0,100,false,frame_010.00.png
8,CO,Q2o,0,0,0,100,false,frame_010.00.png
8,CO,J2o,0,0,0,100,false,frame_010.00.png
8,CO,T2o,0,0,0,100,false,frame_010.00.png
8,CO,92o,0,0,0,100,false,frame_010.00.png
8,CO,82o,0,0,0,100,false,frame_010.00.png
8,CO,72o,0,0,0,100,false,frame_010.00.png
8,CO,62o,0,0,0,100,false,frame_010.00.png
8,CO,52o,0,0,0,100,false,frame_010.00.png
8,CO,42o,0,0,0,100,false,frame_010.00.png
8,CO,32o,0,0,0,100,false,frame_010.00.png
8,CO,22,100,0,0,0,false,frame_010.00.png
8,BTN,AA,100,0,0,0,false,frame_012.00.png
8,BTN,AKs,100,0,0,0,false,frame_012.00.png
8,BTN,AQs,100,0,0,0,false,frame_012.00.png
8,BTN,AJs,100,0,0,0,false,frame_012.00.png
8,BTN,ATs,100,0,0,0,false,frame_012.00.png
8,BTN,A9s,100,0,0,0,false,frame_012.00.png
8,BTN,A8s,100,0,0,0,false,frame_012.00.png
8,BTN,A7s,100,0,0,0,false,frame_012.00.png
8,BTN,A6s,100,0,0,0,false,frame_012.00.png
8,BTN,A5s,100,0,0,0,false,frame_012.00.png
8,BTN,A4s,100,0,0,0,false,frame_012.00.png
8,BTN,A3s,100,0,0,0,false,frame_012.00.png
8,BTN,A2s,100,0,0,0,false,frame_012.00.png
8,BTN,AKo,100,0,0,0,false,frame_012.00.png
8,BTN,KK,100,0,0,0,false,frame_012.00.png
8,BTN,KQs,100,0,0,0,false,frame_012.00.png
8,BTN,KJs,100,0,0,0,false,frame_012.00.png
8,BTN,KTs,100,0,0,0,false,frame_012.00.png
8,BTN,K9s,100,0,0,0,false,frame_012.00.png
8,BTN,K8s,100,0,0,0,false,frame_012.00.png
8,BTN,K7s,100,0,0,0,false,frame_012.00.png
8,BTN,K6s,100,0,0,0,false,frame_012.00.png
8,BTN,K5s,100,0,0,0,false,frame_012.00.png
8,BTN,K4s,100,0,0,0,false,frame_012.00.png
8,BTN,K3s,100,0,0,0,false,frame_012.00.png
8,BTN,K2s,100,0,0,0,false,frame_012.00.png
8,BTN,AQo,100,0,0,0,false,frame_012.00.png
8,BTN,KQo,100,0,0,0,false,frame_012.00.png
8,BTN,QQ,100,0,0,0,false,frame_012.00.png
8,BTN,QJs,100,0,0,0,false,frame_012.00.png
8,BTN,QTs,100,0,0,0,false,frame_012.00.png
8,BTN,Q9s,100,0,0,0,false,frame_012.00.png
8,BTN,Q8s,100,0,0,0,false,frame_012.00.png
8,BTN,Q7s,100,0,0,0,false,frame_012.00.png
8,BTN,Q6s,100,0,0,0,false,frame_012.00.png
8,BTN,Q5s,100,0,0,0,false,frame_012.00.png
8,BTN,Q4s,100,0,0,0,false,frame_012.00.png
8,BTN,Q3s,0,0,0,100,false,frame_012.00.png
8,BTN,Q2s,0,0,0,100,false,frame_012.00.png
8,BTN,AJo,100,0,0,0,false,frame_012.00.png
8,BTN,KJo,100,0,0,0,false,frame_012.00.png
8,BTN,QJo,100,0,0,0,false,frame_012.00.png
8,BTN,JJ,100,0,0,0,false,frame_012.00.png
8,BTN,JTs,100,0,0,0,false,frame_012.00.png
8,BTN,J9s,100,0,0,0,false,frame_012.00.png
8,BTN,J8s,100,0,0,0,false,frame_012.00.png
8,BTN,J7s,100,0,0,0,false,frame_012.00.png
8,BTN,J6s,0,0,0,100,false,frame_012.00.png
8,BTN,J5s,0,0,0,100,false,frame_012.00.png
8,BTN,J4s,0,0,0,100,false,frame_012.00.png
8,BTN,J3s,0,0,0,100,false,frame_012.00.png
8,BTN,J2s,0,0,0,100,false,frame_012.00.png
8,BTN,ATo,100,0,0,0,false,frame_012.00.png
8,BTN,KTo,100,0,0,0,false,frame_012.00.png
8,BTN,QTo,100,0,0,0,false,frame_012.00.png
8,BTN,JTo,100,0,0,0,false,frame_012.00.png
8,BTN,TT,100,0,0,0,false,frame_012.00.png
8,BTN,T9s,100,0,0,0,false,frame_012.00.png
8,BTN,T8s,100,0,0,0,false,frame_012.00.png
8,BTN,T7s,100,0,0,0,false,frame_012.00.png
8,BTN,T6s,0,0,0,100,false,frame_012.00.png
8,BTN,T5s,0,0,0,100,false,frame_012.00.png
8,BTN,T4s,0,0,0,100,false,frame_012.00.png
8,BTN,T3s,0,0,0,100,false,frame_012.00.png
8,BTN,T2s,0,0,0,100,false,frame_012.00.png
8,BTN,A9o,100,0,0,0,false,frame_012.00.png
8,BTN,K9o,100,0,0,0,false,frame_012.00.png
8,BTN,Q9o,100,0,0,0,false,frame_012.00.png
8,BTN,J9o,100,0,0,0,false,frame_012.00.png
8,BTN,T9o,100,0,0,0,false,frame_012.00.png
8,BTN,99,100,0,0,0,false,frame_012.00.png
8,BTN,98s,100,0,0,0,false,frame_012.00.png
8,BTN,97s,100,0,0,0,false,frame_012.00.png
8,BTN,96s,50,0,0,50,true,frame_012.00.png
8,BTN,95s,0,0,0,100,false,frame_012.00.png
8,BTN,94s,0,0,0,100,false,frame_012.00.png
8,BTN,93s,0,0,0,100,false,frame_012.00.png
8,BTN,92s,0,0,0,100,false,frame_012.00.png
8,BTN,A8o,100,0,0,0,false,frame_012.00.png
8,BTN,K8o,100,0,0,0,false,frame_012.00.png
8,BTN,Q8o,0,0,0,100,false,frame_012.00.png
8,BTN,J8o,0,0,0,100,false,frame_012.00.png
8,BTN,T8o,0,0,0,100,false,frame_012.00.png
8,BTN,98o,0,0,0,100,false,frame_012.00.png
8,BTN,88,100,0,0,0,false,frame_012.00.png
8,BTN,87s,100,0,0,0,false,frame_012.00.png
8,BTN,86s,100,0,0,0,false,frame_012.00.png
8,BTN,85s,0,0,0,100,false,frame_012.00.png
8,BTN,84s,0,0,0,100,false,frame_012.00.png
8,BTN,83s,0,0,0,100,false,frame_012.00.png
8,BTN,82s,0,0,0,100,false,frame_012.00.png
8,BTN,A7o,100,0,0,0,false,frame_012.00.png
8,BTN,K7o,100,0,0,0,false,frame_012.00.png
8,BTN,Q7o,0,0,0,100,false,frame_012.00.png
8,BTN,J7o,0,0,0,100,false,frame_012.00.png
8,BTN,T7o,0,0,0,100,false,frame_012.00.png
8,BTN,97o,0,0,0,100,false,frame_012.00.png
8,BTN,87o,0,0,0,100,false,frame_012.00.png
8,BTN,77,100,0,0,0,false,frame_012.00.png
8,BTN,76s,100,0,0,0,false,frame_012.00.png
8,BTN,75s,0,0,0,100,false,frame_012.00.png
8,BTN,74s,0,0,0,100,false,frame_012.00.png
8,BTN,73s,0,0,0,100,false,frame_012.00.png
8,BTN,72s,0,0,0,100,false,frame_012.00.png
8,BTN,A6o,100,0,0,0,false,frame_012.00.png
8,BTN,K6o,100,0,0,0,false,frame_012.00.png
8,BTN,Q6o,0,0,0,100,false,frame_012.00.png
8,BTN,J6o,0,0,0,100,false,frame_012.00.png
8,BTN,T6o,0,0,0,100,false,frame_012.00.png
8,BTN,96o,0,0,0,100,false,frame_012.00.png
8,BTN,86o,0,0,0,100,false,frame_012.00.png
8,BTN,76o,0,0,0,100,false,frame_012.00.png
8,BTN,66,100,0,0,0,false,frame_012.00.png
8,BTN,65s,100,0,0,0,false,frame_012.00.png
8,BTN,64s,0,0,0,100,false,frame_012.00.png
8,BTN,63s,0,0,0,100,false,frame_012.00.png
8,BTN,62s,0,0,0,100,false,frame_012.00.png
8,BTN,A5o,100,0,0,0,false,frame_012.00.png
8,BTN,K5o,0,0,0,100,false,frame_012.00.png
8,BTN,Q5o,0,0,0,100,false,frame_012.00.png
8,BTN,J5o,0,0,0,100,false,frame_012.00.png
8,BTN,T5o,0,0,0,100,false,frame_012.00.png
8,BTN,95o,0,0,0,100,false,frame_012.00.png
8,BTN,85o,0,0,0,100,false,frame_012.00.png
8,BTN,75o,0,0,0,100,false,frame_012.00.png
8,BTN,65o,0,0,0,100,false,frame_012.00.png
8,BTN,55,100,0,0,0,false,frame_012.00.png
8,BTN,54s,0,0,0,100,false,frame_012.00.png
8,BTN,53s,0,0,0,100,false,frame_012.00.png
8,BTN,52s,0,0,0,100,false,frame_012.00.png
8,BTN,A4o,100,0,0,0,false,frame_012.00.png
8,BTN,K4o,0,0,0,100,false,frame_012.00.png
8,BTN,Q4o,0,0,0,100,false,frame_012.00.png
8,BTN,J4o,0,0,0,100,false,frame_012.00.png
8,BTN,T4o,0,0,0,100,false,frame_012.00.png
8,BTN,94o,0,0,0,100,false,frame_012.00.png
8,BTN,84o,0,0,0,100,false,frame_012.00.png
8,BTN,74o,0,0,0,100,false,frame_012.00.png
8,BTN,64o,0,0,0,100,false,frame_012.00.png
8,BTN,54o,0,0,0,100,false,frame_012.00.png
8,BTN,44,100,0,0,0,false,frame_012.00.png
8,BTN,43s,0,0,0,100,false,frame_012.00.png
8,BTN,42s,0,0,0,100,false,frame_012.00.png
8,BTN,A3o,100,0,0,0,false,frame_012.00.png
8,BTN,K3o,0,0,0,100,false,frame_012.00.png
8,BTN,Q3o,0,0,0,100,false,frame_012.00.png
8,BTN,J3o,0,0,0,100,false,frame_012.00.png
8,BTN,T3o,0,0,0,100,false,frame_012.00.png
8,BTN,93o,0,0,0,100,false,frame_012.00.png
8,BTN,83o,0,0,0,100,false,frame_012.00.png
8,BTN,73o,0,0,0,100,false,frame_012.00.png
8,BTN,63o,0,0,0,100,false,frame_012.00.png
8,BTN,53o,0,0,0,100,false,frame_012.00.png
8,BTN,43o,0,0,0,100,false,frame_012.00.png
8,BTN,33,100,0,0,0,false,frame_012.00.png
8,BTN,32s,0,0,0,100,false,frame_012.00.png
8,BTN,A2o,100,0,0,0,false,frame_012.00.png
8,BTN,K2o,0,0,0,100,false,frame_012.00.png
8,BTN,Q2o,0,0,0,100,false,frame_012.00.png
8,BTN,J2o,0,0,0,100,false,frame_012.00.png
8,BTN,T2o,0,0,0,100,false,frame_012.00.png
8,BTN,92o,0,0,0,100,false,frame_012.00.png
8,BTN,82o,0,0,0,100,false,frame_012.00.png
8,BTN,72o,0,0,0,100,false,frame_012.00.png
8,BTN,62o,0,0,0,100,false,frame_012.00.png
8,BTN,52o,0,0,0,100,false,frame_012.00.png
8,BTN,42o,0,0,0,100,false,frame_012.00.png
8,BTN,32o,0,0,0,100,false,frame_012.00.png
8,BTN,22,100,0,0,0,false,frame_012.00.png
8,SB,AA,0,0,100,0,false,frame_013.00.png
8,SB,AKs,100,0,0,0,false,frame_013.00.png
8,SB,AQs,100,0,0,0,false,frame_013.00.png
8,SB,AJs,100,0,0,0,false,frame_013.00.png
8,SB,ATs,100,0,0,0,false,frame_013.00.png
8,SB,A9s,100,0,0,0,false,frame_013.00.png
8,SB,A8s,100,0,0,0,false,frame_013.00.png
8,SB,A7s,100,0,0,0,false,frame_013.00.png
8,SB,A6s,100,0,0,0,false,frame_013.00.png
8,SB,A5s,100,0,0,0,false,frame_013.00.png
8,SB,A4s,100,0,0,0,false,frame_013.00.png
8,SB,A3s,100,0,0,0,false,frame_013.00.png
8,SB,A2s,100,0,0,0,false,frame_013.00.png
8,SB,AKo,100,0,0,0,false,frame_013.00.png
8,SB,KK,0,0,100,0,false,frame_013.00.png
8,SB,KQs,100,0,0,0,false,frame_013.00.png
8,SB,KJs,100,0,0,0,false,frame_013.00.png
8,SB,KTs,100,0,0,0,false,frame_013.00.png
8,SB,K9s,100,0,0,0,false,frame_013.00.png
8,SB,K8s,100,0,0,0,false,frame_013.00.png
8,SB,K7s,100,0,0,0,false,frame_013.00.png
8,SB,K6s,100,0,0,0,false,frame_013.00.png
8,SB,K5s,100,0,0,0,false,frame_013.00.png
8,SB,K4s,100,0,0,0,false,frame_013.00.png
8,SB,K3s,100,0,0,0,false,frame_013.00.png
8,SB,K2s,100,0,0,0,false,frame_013.00.png
8,SB,AQo,100,0,0,0,false,frame_013.00.png
8,SB,KQo,100,0,0,0,false,frame_013.00.png
8,SB,QQ,0,0,100,0,false,frame_013.00.png
8,SB,QJs,19,0,81,0,false,frame_013.00.png
8,SB,QTs,20,0,80,0,false,frame_013.00.png
8,SB,Q9s,100,0,0,0,false,frame_013.00.png
8,SB,Q8s,100,0,0,0,false,frame_013.00.png
8,SB,Q7s,100,0,0,0,false,frame_013.00.png
8,SB,Q6s,100,0,0,0,false,frame_013.00.png
8,SB,Q5s,100,0,0,0,false,frame_013.00.png
8,SB,Q4s,100,0,0,0,false,frame_013.00.png
8,SB,Q3s,100,0,0,0,false,frame_013.00.png
8,SB,Q2s,100,0,0,0,false,frame_013.00.png
8,SB,AJo,100,0,0,0,false,frame_013.00.png
8,SB,KJo,100,0,0,0,false,frame_013.00.png
8,SB,QJo,100,0,0,0,false,frame_013.00.png
8,SB,JJ,0,0,100,0,false,frame_013.00.png
8,SB,JTs,0,0,100,0,false,frame_013.00.png
8,SB,J9s,21,0,79,0,false,frame_013.00.png
8,SB,J8s,13,0,87,0,false,frame_013.00.png
8,SB,J7s,51,0,49,0,false,frame_013.00.png
8,SB,J6s,91,0,9,0,false,frame_013.00.png
8,SB,J5s,100,0,0,0,false,frame_013.00.png
8,SB,J4s,100,0,0,0,false,frame_013.00.png
8,SB,J3s,100,0,0,0,false,frame_013.00.png
8,SB,J2s,100,0,0,0,false,frame_013.00.png
8,SB,ATo,100,0,0,0,false,frame_013.00.png
8,SB,KTo,100,0,0,0,false,frame_013.00.png
8,SB,QTo,100,0,0,0,false,frame_013.00.png
8,SB,JTo,100,0,0,0,false,frame_013.00.png
8,SB,TT,0,0,100,0,false,frame_013.00.png
8,SB,T9s,0,0,100,0,false,frame_013.00.png
8,SB,T8s,0,0,100,0,false,frame_013.00.png
8,SB,T7s,26,0,74,0,false,frame_013.00.png
8,SB,T6s,100,0,0,0,false,frame_013.00.png
8,SB,T5s,100,0,0,0,false,frame_013.00.png
8,SB,T4s,100,0,0,0,false,frame_013.00.png
8,SB,T3s,100,0,0,0,false,frame_013.00.png
8,SB,T2s,0,0,100,0,false,frame_013.00.png
8,SB,A9o,100,0,0,0,false,frame_013.00.png
8,SB,K9o,100,0,0,0,false,frame_013.00.png
8,SB,Q9o,100,0,0,0,false,frame_013.00.png
8,SB,J9o,100,0,0,0,false,frame_013.00.png
8,SB,T9o,100,0,0,0,false,frame_013.00.png
8,SB,99,0,0,100,0,false,frame_013.00.png
8,SB,98s,0,0,100,0,false,frame_013.00.png
8,SB,97s,79,0,21,0,false,frame_013.00.png
8,SB,96s,100,0,0,0,false,frame_013.00.png
8,SB,95s,100,0,0,0,false,frame_013.00.png
8,SB,94s,40,0,60,0,false,frame_013.00.png
8,SB,93s,17,0,83,0,false,frame_013.00.png
8,SB,92s,0,0,100,0,false,frame_013.00.png
8,SB,A8o,100,0,0,0,false,frame_013.00.png
8,SB,K8o,100,0,0,0,false,frame_013.00.png
8,SB,Q8o,100,0,0,0,false,frame_013.00.png
8,SB,J8o,100,0,0,0,false,frame_013.00.png
8,SB,T8o,100,0,0,0,false,frame_013.00.png
8,SB,98o,79,0,21,0,false,frame_013.00.png
8,SB,88,67,0,33,0,false,frame_013.00.png
8,SB,87s,72,0,28,0,false,frame_013.00.png
8,SB,86s,100,0,0,0,false,frame_013.00.png
8,SB,85s,100,0,0,0,false,frame_013.00.png
8,SB,84s,47,0,53,0,false,frame_013.00.png
8,SB,83s,0,0,100,0,false,frame_013.00.png
8,SB,82s,0,0,100,0,false,frame_013.00.png
8,SB,A7o,100,0,0,0,false,frame_013.00.png
8,SB,K7o,100,0,0,0,false,frame_013.00.png
8,SB,Q7o,100,0,0,0,false,frame_013.00.png
8,SB,J7o,100,0,0,0,false,frame_013.00.png
8,SB,T7o,97,0,3,0,false,frame_013.00.png
8,SB,97o,100,0,0,0,false,frame_013.00.png
8,SB,87o,100,0,0,0,false,frame_013.00.png
8,SB,77,100,0,0,0,false,frame_013.00.png
8,SB,76s,75,0,25,0,false,frame_013.00.png
8,SB,75s,100,0,0,0,false,frame_013.00.png
8,SB,74s,96,0,4,0,false,frame_013.00.png
8,SB,73s,0,0,100,0,false,frame_013.00.png
8,SB,72s,0,0,0,100,false,frame_013.00.png
8,SB,A6o,100,0,0,0,false,frame_013.00.png
8,SB,K6o,100,0,0,0,false,frame_013.00.png
8,SB,Q6o,100,0,0,0,false,frame_013.00.png
8,SB,J6o,100,0,0,0,false,frame_013.00.png
8,SB,T6o,9,0,91,0,false,frame_013.00.png
8,SB,96o,0,0,100,0,false,frame_013.00.png
8,SB,86o,0,0,100,0,false,frame_013.00.png
8,SB,76o,91,0,9,0,false,frame_013.00.png
8,SB,66,100,0,0,0,false,frame_013.00.png
8,SB,65s,50,0,50,0,false,frame_013.00.png
8,SB,64s,100,0,0,0,false,frame_013.00.png
8,SB,63s,0,0,100,0,false,frame_013.00.png
8,SB,62s,0,0,0,100,false,frame_013.00.png
8,SB,A5o,100,0,0,0,false,frame_013.00.png
8,SB,K5o,100,0,0,0,false,frame_013.00.png
8,SB,Q5o,100,0,0,0,false,frame_013.00.png
8,SB,J5o,97,0,3,0,false,frame_013.00.png
8,SB,T5o,0,0,100,0,false,frame_013.00.png
8,SB,95o,0,0,0,100,false,frame_013.00.png
8,SB,85o,0,0,0,100,false,frame_013.00.png
8,SB,75o,0,0,65,35,false,frame_013.00.png
8,SB,65o,0,0,0,100,false,frame_013.00.png
8,SB,55,100,0,0,0,false,frame_013.00.png
8,SB,54s,100,0,0,0,false,frame_013.00.png
8,SB,53s,82,0,18,0,false,frame_013.00.png
8,SB,52s,0,0,100,0,false,frame_013.00.png
8,SB,A4o,100,0,0,0,false,frame_013.00.png
8,SB,K4o,100,0,0,0,false,frame_013.00.png
8,SB,Q4o,100,0,0,0,false,frame_013.00.png
8,SB,J4o,0,0,100,0,false,frame_013.00.png
8,SB,T4o,0,0,0,100,false,frame_013.00.png
8,SB,94o,0,0,0,100,false,frame_013.00.png
8,SB,84o,0,0,0,100,false,frame_013.00.png
8,SB,74o,0,0,0,100,false,frame_013.00.png
8,SB,64o,0,0,0,100,false,frame_013.00.png
8,SB,54o,0,0,0,100,false,frame_013.00.png
8,SB,44,100,0,0,0,false,frame_013.00.png
8,SB,43s,9,0,91,0,false,frame_013.00.png
8,SB,42s,0,0,100,0,false,frame_013.00.png
8,SB,A3o,100,0,0,0,false,frame_013.00.png
8,SB,K3o,100,0,0,0,false,frame_013.00.png
8,SB,Q3o,100,0,0,0,false,frame_013.00.png
8,SB,J3o,0,0,100,0,false,frame_013.00.png
8,SB,T3o,0,0,0,100,false,frame_013.00.png
8,SB,93o,0,0,0,100,false,frame_013.00.png
8,SB,83o,0,0,0,100,false,frame_013.00.png
8,SB,73o,0,0,0,100,false,frame_013.00.png
8,SB,63o,0,0,0,100,false,frame_013.00.png
8,SB,53o,0,0,0,100,false,frame_013.00.png
8,SB,43o,0,0,0,100,false,frame_013.00.png
8,SB,33,100,0,0,0,false,frame_013.00.png
8,SB,32s,0,0,0,100,false,frame_013.00.png
8,SB,A2o,100,0,0,0,false,frame_013.00.png
8,SB,K2o,100,0,0,0,false,frame_013.00.png
8,SB,Q2o,100,0,0,0,false,frame_013.00.png
8,SB,J2o,0,0,100,0,false,frame_013.00.png
8,SB,T2o,0,0,0,100,false,frame_013.00.png
8,SB,92o,0,0,0,100,false,frame_013.00.png
8,SB,82o,0,0,0,100,false,frame_013.00.png
8,SB,72o,0,0,0,100,false,frame_013.00.png
8,SB,62o,0,0,0,100,false,frame_013.00.png
8,SB,52o,0,0,0,100,false,frame_013.00.png
8,SB,42o,0,0,0,100,false,frame_013.00.png
8,SB,32o,0,0,0,100,false,frame_013.00.png
8,SB,22,100,0,0,0,false,frame_013.00.png
10,UTG,AA,3,97,0,0,false,frame_000.00.png
10,UTG,AKs,34,66,0,0,false,frame_000.00.png
10,UTG,AQs,100,0,0,0,false,frame_000.00.png
10,UTG,AJs,100,0,0,0,false,frame_000.00.png
10,UTG,ATs,100,0,0,0,false,frame_000.00.png
10,UTG,A9s,100,0,0,0,false,frame_000.00.png
10,UTG,A8s,44,56,0,0,false,frame_000.00.png
10,UTG,A7s,81,19,0,0,false,frame_000.00.png
10,UTG,A6s,3,97,0,0,false,frame_000.00.png
10,UTG,A5s,100,0,0,0,false,frame_000.00.png
10,UTG,A4s,100,0,0,0,false,frame_000.00.png
10,UTG,A3s,0,3,0,97,false,frame_000.00.png
10,UTG,A2s,0,0,0,100,false,frame_000.00.png
10,UTG,AKo,100,0,0,0,false,frame_000.00.png
10,UTG,KK,0,100,0,0,false,frame_000.00.png
10,UTG,KQs,100,0,0,0,false,frame_000.00.png
10,UTG,KJs,100,0,0,0,false,frame_000.00.png
10,UTG,KTs,100,0,0,0,false,frame_000.00.png
10,UTG,K9s,100,0,0,0,false,frame_000.00.png
10,UTG,K8s,0,0,0,100,false,frame_000.00.png
10,UTG,K7s,0,0,0,100,false,frame_000.00.png
10,UTG,K6s,0,0,0,100,false,frame_000.00.png
10,UTG,K5s,0,0,0,100,false,frame_000.00.png
10,UTG,K4s,0,0,0,100,false,frame_000.00.png
10,UTG,K3s,0,0,0,100,false,frame_000.00.png
10,UTG,K2s,0,0,0,100,false,frame_000.00.png
10,UTG,AQo,100,0,0,0,false,frame_000.00.png
10,UTG,KQo,100,0,0,0,false,frame_000.00.png
10,UTG,QQ,3,97,0,0,false,frame_000.00.png
10,UTG,QJs,100,0,0,0,false,frame_000.00.png
10,UTG,QTs,100,0,0,0,false,frame_000.00.png
10,UTG,Q9s,41,0,0,59,true,frame_000.00.png
10,UTG,Q8s,0,0,0,100,false,frame_000.00.png
10,UTG,Q7s,0,0,0,100,false,frame_000.00.png
10,UTG,Q6s,0,0,0,100,false,frame_000.00.png
10,UTG,Q5s,0,0,0,100,false,frame_000.00.png
10,UTG,Q4s,0,0,0,100,false,frame_000.00.png
10,UTG,Q3s,0,0,0,100,false,frame_000.00.png
10,UTG,Q2s,0,0,0,100,false,frame_000.00.png
10,UTG,AJo,100,0,0,0,false,frame_000.00.png
10,UTG,KJo,2,44,0,54,true,frame_000.00.png
10,UTG,QJo,0,3,0,97,false,frame_000.00.png
10,UTG,JJ,80,20,0,0,false,frame_000.00.png
10,UTG,JTs,100,0,0,0,false,frame_000.00.png
10,UTG,J9s,70,0,0,30,true,frame_000.00.png
10,UTG,J8s,0,0,0,100,false,frame_000.00.png
10,UTG,J7s,0,0,0,100,false,frame_000.00.png
10,UTG,J6s,0,0,0,100,false,frame_000.00.png
10,UTG,J5s,0,0,0,100,false,frame_000.00.png
10,UTG,J4s,0,0,0,100,false,frame_000.00.png
10,UTG,J3s,0,0,0,100,false,frame_000.00.png
10,UTG,J2s,0,0,0,100,false,frame_000.00.png
10,UTG,ATo,63,37,0,0,false,frame_000.00.png
10,UTG,KTo,0,0,0,100,false,frame_000.00.png
10,UTG,QTo,0,0,0,100,false,frame_000.00.png
10,UTG,JTo,0,0,0,100,false,frame_000.00.png
10,UTG,TT,100,0,0,0,false,frame_000.00.png
10,UTG,T9s,100,0,0,0,false,frame_000.00.png
10,UTG,T8s,0,0,0,100,false,frame_000.00.png
10,UTG,T7s,0,0,0,100,false,frame_000.00.png
10,UTG,T6s,0,0,0,100,false,frame_000.00.png
10,UTG,T5s,0,0,0,100,false,frame_000.00.png
10,UTG,T4s,0,0,0,100,false,frame_000.00.png
10,UTG,T3s,0,0,0,100,false,frame_000.00.png
10,UTG,T2s,0,0,0,100,false,frame_000.00.png
10,UTG,A9o,5,92,0,3,false,frame_000.00.png
10,UTG,K9o,0,0,0,100,false,frame_000.00.png
10,UTG,Q9o,0,0,0,100,false,frame_000.00.png
10,UTG,J9o,0,0,0,100,false,frame_000.00.png
10,UTG,T9o,0,0,0,100,false,frame_000.00.png
10,UTG,99,100,0,0,0,false,frame_000.00.png
10,UTG,98s,0,0,0,100,false,frame_000.00.png
10,UTG,97s,0,0,0,100,false,frame_000.00.png
10,UTG,96s,0,0,0,100,false,frame_000.00.png
10,UTG,95s,0,0,0,100,false,frame_000.00.png
10,UTG,94s,0,0,0,100,false,frame_000.00.png
10,UTG,93s,0,0,0,100,false,frame_000.00.png
10,UTG,92s,0,0,0,100,false,frame_000.00.png
10,UTG,A8o,3,24,0,73,false,frame_000.00.png
10,UTG,K8o,0,0,0,100,false,frame_000.00.png
10,UTG,Q8o,0,0,0,100,false,frame_000.00.png
10,UTG,J8o,0,0,0,100,false,frame_000.00.png
10,UTG,T8o,0,0,0,100,false,frame_000.00.png
10,UTG,98o,0,0,0,100,false,frame_000.00.png
10,UTG,88,91,9,0,0,false,frame_000.00.png
10,UTG,87s,0,0,0,100,false,frame_000.00.png
10,UTG,86s,0,0,0,100,false,frame_000.00.png
10,UTG,85s,0,0,0,100,false,frame_000.00.png
10,UTG,84s,0,0,0,100,false,frame_000.00.png
10,UTG,83s,0,0,0,100,false,frame_000.00.png
10,UTG,82s,0,0,0,100,false,frame_000.00.png
10,UTG,A7o,0,0,0,100,false,frame_000.00.png
10,UTG,K7o,0,0,0,100,false,frame_000.00.png
10,UTG,Q7o,0,0,0,100,false,frame_000.00.png
10,UTG,J7o,0,0,0,100,false,frame_000.00.png
10,UTG,T7o,0,0,0,100,false,frame_000.00.png
10,UTG,97o,0,0,0,100,false,frame_000.00.png
10,UTG,87o,0,0,0,100,false,frame_000.00.png
10,UTG,77,100,0,0,0,false,frame_000.00.png
10,UTG,76s,0,0,0,100,false,frame_000.00.png
10,UTG,75s,0,0,0,100,false,frame_000.00.png
10,UTG,74s,0,0,0,100,false,frame_000.00.png
10,UTG,73s,0,0,0,100,false,frame_000.00.png
10,UTG,72s,0,0,0,100,false,frame_000.00.png
10,UTG,A6o,0,0,0,100,false,frame_000.00.png
10,UTG,K6o,0,0,0,100,false,frame_000.00.png
10,UTG,Q6o,0,0,0,100,false,frame_000.00.png
10,UTG,J6o,0,0,0,100,false,frame_000.00.png
10,UTG,T6o,0,0,0,100,false,frame_000.00.png
10,UTG,96o,0,0,0,100,false,frame_000.00.png
10,UTG,86o,0,0,0,100,false,frame_000.00.png
10,UTG,76o,0,0,0,100,false,frame_000.00.png
10,UTG,66,100,0,0,0,false,frame_000.00.png
10,UTG,65s,0,0,0,100,false,frame_000.00.png
10,UTG,64s,0,0,0,100,false,frame_000.00.png
10,UTG,63s,0,0,0,100,false,frame_000.00.png
10,UTG,62s,0,0,0,100,false,frame_000.00.png
10,UTG,A5o,0,0,0,100,false,frame_000.00.png
10,UTG,K5o,0,0,0,100,false,frame_000.00.png
10,UTG,Q5o,0,0,0,100,false,frame_000.00.png
10,UTG,J5o,0,0,0,100,false,frame_000.00.png
10,UTG,T5o,0,0,0,100,false,frame_000.00.png
10,UTG,95o,0,0,0,100,false,frame_000.00.png
10,UTG,85o,0,0,0,100,false,frame_000.00.png
10,UTG,75o,0,0,0,100,false,frame_000.00.png
10,UTG,65o,0,0,0,100,false,frame_000.00.png
10,UTG,55,61,39,0,0,false,frame_000.00.png
10,UTG,54s,0,0,0,100,false,frame_000.00.png
10,UTG,53s,0,0,0,100,false,frame_000.00.png
10,UTG,52s,0,0,0,100,false,frame_000.00.png
10,UTG,A4o,0,0,0,100,false,frame_000.00.png
10,UTG,K4o,0,0,0,100,false,frame_000.00.png
10,UTG,Q4o,0,0,0,100,false,frame_000.00.png
10,UTG,J4o,0,0,0,100,false,frame_000.00.png
10,UTG,T4o,0,0,0,100,false,frame_000.00.png
10,UTG,94o,0,0,0,100,false,frame_000.00.png
10,UTG,84o,0,0,0,100,false,frame_000.00.png
10,UTG,74o,0,0,0,100,false,frame_000.00.png
10,UTG,64o,0,0,0,100,false,frame_000.00.png
10,UTG,54o,0,0,0,100,false,frame_000.00.png
10,UTG,44,93,7,0,0,false,frame_000.00.png
10,UTG,43s,0,0,0,100,false,frame_000.00.png
10,UTG,42s,0,0,0,100,false,frame_000.00.png
10,UTG,A3o,0,0,0,100,false,frame_000.00.png
10,UTG,K3o,0,0,0,100,false,frame_000.00.png
10,UTG,Q3o,0,0,0,100,false,frame_000.00.png
10,UTG,J3o,0,0,0,100,false,frame_000.00.png
10,UTG,T3o,0,0,0,100,false,frame_000.00.png
10,UTG,93o,0,0,0,100,false,frame_000.00.png
10,UTG,83o,0,0,0,100,false,frame_000.00.png
10,UTG,73o,0,0,0,100,false,frame_000.00.png
10,UTG,63o,0,0,0,100,false,frame_000.00.png
10,UTG,53o,0,0,0,100,false,frame_000.00.png
10,UTG,43o,0,0,0,100,false,frame_000.00.png
10,UTG,33,0,0,0,100,false,frame_000.00.png
10,UTG,32s,0,0,0,100,false,frame_000.00.png
10,UTG,A2o,0,0,0,100,false,frame_000.00.png
10,UTG,K2o,0,0,0,100,false,frame_000.00.png
10,UTG,Q2o,0,0,0,100,false,frame_000.00.png
10,UTG,J2o,0,0,0,100,false,frame_000.00.png
10,UTG,T2o,0,0,0,100,false,frame_000.00.png
10,UTG,92o,0,0,0,100,false,frame_000.00.png
10,UTG,82o,0,0,0,100,false,frame_000.00.png
10,UTG,72o,0,0,0,100,false,frame_000.00.png
10,UTG,62o,0,0,0,100,false,frame_000.00.png
10,UTG,52o,0,0,0,100,false,frame_000.00.png
10,UTG,42o,0,0,0,100,false,frame_000.00.png
10,UTG,32o,0,0,0,100,false,frame_000.00.png
10,UTG,22,0,0,0,100,false,frame_000.00.png
10,UTG1,AA,3,97,0,0,false,frame_003.00.png
10,UTG1,AKs,79,21,0,0,false,frame_003.00.png
10,UTG1,AQs,100,0,0,0,false,frame_003.00.png
10,UTG1,AJs,100,0,0,0,false,frame_003.00.png
10,UTG1,ATs,100,0,0,0,false,frame_003.00.png
10,UTG1,A9s,100,0,0,0,false,frame_003.00.png
10,UTG1,A8s,100,0,0,0,false,frame_003.00.png
10,UTG1,A7s,84,16,0,0,false,frame_003.00.png
10,UTG1,A6s,100,0,0,0,false,frame_003.00.png
10,UTG1,A5s,100,0,0,0,false,frame_003.00.png
10,UTG1,A4s,100,0,0,0,false,frame_003.00.png
10,UTG1,A3s,100,0,0,0,false,frame_003.00.png
10,UTG1,A2s,0,14,0,86,false,frame_003.00.png
10,UTG1,AKo,100,0,0,0,false,frame_003.00.png
10,UTG1,KK,0,100,0,0,false,frame_003.00.png
10,UTG1,KQs,100,0,0,0,false,frame_003.00.png
10,UTG1,KJs,100,0,0,0,false,frame_003.00.png
10,UTG1,KTs,100,0,0,0,false,frame_003.00.png
10,UTG1,K9s,100,0,0,0,false,frame_003.00.png
10,UTG1,K8s,0,0,0,100,false,frame_003.00.png
10,UTG1,K7s,0,0,0,100,false,frame_003.00.png
10,UTG1,K6s,0,0,0,100,false,frame_003.00.png
10,UTG1,K5s,0,0,0,100,false,frame_003.00.png
10,UTG1,K4s,0,0,0,100,false,frame_003.00.png
10,UTG1,K3s,0,0,0,100,false,frame_003.00.png
10,UTG1,K2s,0,0,0,100,false,frame_003.00.png
10,UTG1,AQo,100,0,0,0,false,frame_003.00.png
10,UTG1,KQo,100,0,0,0,false,frame_003.00.png
10,UTG1,QQ,49,51,0,0,false,frame_003.00.png
10,UTG1,QJs,100,0,0,0,false,frame_003.00.png
10,UTG1,QTs,100,0,0,0,false,frame_003.00.png
10,UTG1,Q9s,100,0,0,0,false,frame_003.00.png
10,UTG1,Q8s,0,0,0,100,false,frame_003.00.png
10,UTG1,Q7s,0,0,0,100,false,frame_003.00.png
10,UTG1,Q6s,0,0,0,100,false,frame_003.00.png
10,UTG1,Q5s,0,0,0,100,false,frame_003.00.png
10,UTG1,Q4s,0,0,0,100,false,frame_003.00.png
10,UTG1,Q3s,0,0,0,100,false,frame_003.00.png
10,UTG1,Q2s,0,0,0,100,false,frame_003.00.png
10,UTG1,AJo,100,0,0,0,false,frame_003.00.png
10,UTG1,KJo,93,7,0,0,false,frame_003.00.png
10,UTG1,QJo,0,15,0,85,false,frame_003.00.png
10,UTG1,JJ,89,11,0,0,false,frame_003.00.png
10,UTG1,JTs,100,0,0,0,false,frame_003.00.png
10,UTG1,J9s,100,0,0,0,false,frame_003.00.png
10,UTG1,J8s,0,0,0,100,false,frame_003.00.png
10,UTG1,J7s,0,0,0,100,false,frame_003.00.png
10,UTG1,J6s,0,0,0,100,false,frame_003.00.png
10,UTG1,J5s,0,0,0,100,false,frame_003.00.png
10,UTG1,J4s,0,0,0,100,false,frame_003.00.png
10,UTG1,J3s,0,0,0,100,false,frame_003.00.png
10,UTG1,J2s,0,0,0,100,false,frame_003.00.png
10,UTG1,ATo,85,15,0,0,false,frame_003.00.png
10,UTG1,KTo,0,13,0,87,false,frame_003.00.png
10,UTG1,QTo,0,0,0,100,false,frame_003.00.png
10,UTG1,JTo,0,0,0,100,false,frame_003.00.png
10,UTG1,TT,100,0,0,0,false,frame_003.00.png
10,UTG1,T9s,100,0,0,0,false,frame_003.00.png
10,UTG1,T8s,0,0,0,100,false,frame_003.00.png
10,UTG1,T7s,0,0,0,100,false,frame_003.00.png
10,UTG1,T6s,0,0,0,100,false,frame_003.00.png
10,UTG1,T5s,0,0,0,100,false,frame_003.00.png
10,UTG1,T4s,0,0,0,100,false,frame_003.00.png
10,UTG1,T3s,0,0,0,100,false,frame_003.00.png
10,UTG1,T2s,0,0,0,100,false,frame_003.00.png
10,UTG1,A9o,50,50,0,0,false,frame_003.00.png
10,UTG1,K9o,0,0,0,100,false,frame_003.00.png
10,UTG1,Q9o,0,0,0,100,false,frame_003.00.png
10,UTG1,J9o,0,0,0,100,false,frame_003.00.png
10,UTG1,T9o,0,0,0,100,false,frame_003.00.png
10,UTG1,99,100,0,0,0,false,frame_003.00.png
10,UTG1,98s,0,0,0,100,false,frame_003.00.png
10,UTG1,97s,0,0,0,100,false,frame_003.00.png
10,UTG1,96s,0,0,0,100,false,frame_003.00.png
10,UTG1,95s,0,0,0,100,false,frame_003.00.png
10,UTG1,94s,0,0,0,100,false,frame_003.00.png
10,UTG1,93s,0,0,0,100,false,frame_003.00.png
10,UTG1,92s,0,0,0,100,false,frame_003.00.png
10,UTG1,A8o,5,55,0,40,true,frame_003.00.png
10,UTG1,K8o,0,0,0,100,false,frame_003.00.png
10,UTG1,Q8o,0,0,0,100,false,frame_003.00.png
10,UTG1,J8o,0,0,0,100,false,frame_003.00.png
10,UTG1,T8o,0,0,0,100,false,frame_003.00.png
10,UTG1,98o,0,0,0,100,false,frame_003.00.png
10,UTG1,88,100,0,0,0,false,frame_003.00.png
10,UTG1,87s,0,0,0,100,false,frame_003.00.png
10,UTG1,86s,0,0,0,100,false,frame_003.00.png
10,UTG1,85s,0,0,0,100,false,frame_003.00.png
10,UTG1,84s,0,0,0,100,false,frame_003.00.png
10,UTG1,83s,0,0,0,100,false,frame_003.00.png
10,UTG1,82s,0,0,0,100,false,frame_003.00.png
10,UTG1,A7o,3,24,0,73,false,frame_003.00.png
10,UTG1,K7o,0,0,0,100,false,frame_003.00.png
10,UTG1,Q7o,0,0,0,100,false,frame_003.00.png
10,UTG1,J7o,0,0,0,100,false,frame_003.00.png
10,UTG1,T7o,0,0,0,100,false,frame_003.00.png
10,UTG1,97o,0,0,0,100,false,frame_003.00.png
10,UTG1,87o,0,0,0,100,false,frame_003.00.png
10,UTG1,77,94,6,0,0,false,frame_003.00.png
10,UTG1,76s,0,0,0,100,false,frame_003.00.png
10,UTG1,75s,0,0,0,100,false,frame_003.00.png
10,UTG1,74s,0,0,0,100,false,frame_003.00.png
10,UTG1,73s,0,0,0,100,false,frame_003.00.png
10,UTG1,72s,0,0,0,100,false,frame_003.00.png
10,UTG1,A6o,0,0,0,100,false,frame_003.00.png
10,UTG1,K6o,0,0,0,100,false,frame_003.00.png
10,UTG1,Q6o,0,0,0,100,false,frame_003.00.png
10,UTG1,J6o,0,0,0,100,false,frame_003.00.png
10,UTG1,T6o,0,0,0,100,false,frame_003.00.png
10,UTG1,96o,0,0,0,100,false,frame_003.00.png
10,UTG1,86o,0,0,0,100,false,frame_003.00.png
10,UTG1,76o,0,0,0,100,false,frame_003.00.png
10,UTG1,66,100,0,0,0,false,frame_003.00.png
10,UTG1,65s,0,0,0,100,false,frame_003.00.png
10,UTG1,64s,0,0,0,100,false,frame_003.00.png
10,UTG1,63s,0,0,0,100,false,frame_003.00.png
10,UTG1,62s,0,0,0,100,false,frame_003.00.png
10,UTG1,A5o,0,16,0,84,false,frame_003.00.png
10,UTG1,K5o,0,0,0,100,false,frame_003.00.png
10,UTG1,Q5o,0,0,0,100,false,frame_003.00.png
10,UTG1,J5o,0,0,0,100,false,frame_003.00.png
10,UTG1,T5o,0,0,0,100,false,frame_003.00.png
10,UTG1,95o,0,0,0,100,false,frame_003.00.png
10,UTG1,85o,0,0,0,100,false,frame_003.00.png
10,UTG1,75o,0,0,0,100,false,frame_003.00.png
10,UTG1,65o,0,0,0,100,false,frame_003.00.png
10,UTG1,55,100,0,0,0,false,frame_003.00.png
10,UTG1,54s,0,0,0,100,false,frame_003.00.png
10,UTG1,53s,0,0,0,100,false,frame_003.00.png
10,UTG1,52s,0,0,0,100,false,frame_003.00.png
10,UTG1,A4o,0,0,0,100,false,frame_003.00.png
10,UTG1,K4o,0,0,0,100,false,frame_003.00.png
10,UTG1,Q4o,0,0,0,100,false,frame_003.00.png
10,UTG1,J4o,0,0,0,100,false,frame_003.00.png
10,UTG1,T4o,0,0,0,100,false,frame_003.00.png
10,UTG1,94o,0,0,0,100,false,frame_003.00.png
10,UTG1,84o,0,0,0,100,false,frame_003.00.png
10,UTG1,74o,0,0,0,100,false,frame_003.00.png
10,UTG1,64o,0,0,0,100,false,frame_003.00.png
10,UTG1,54o,0,0,0,100,false,frame_003.00.png
10,UTG1,44,67,33,0,0,false,frame_003.00.png
10,UTG1,43s,0,0,0,100,false,frame_003.00.png
10,UTG1,42s,0,0,0,100,false,frame_003.00.png
10,UTG1,A3o,0,0,0,100,false,frame_003.00.png
10,UTG1,K3o,0,0,0,100,false,frame_003.00.png
10,UTG1,Q3o,0,0,0,100,false,frame_003.00.png
10,UTG1,J3o,0,0,0,100,false,frame_003.00.png
10,UTG1,T3o,0,0,0,100,false,frame_003.00.png
10,UTG1,93o,0,0,0,100,false,frame_003.00.png
10,UTG1,83o,0,0,0,100,false,frame_003.00.png
10,UTG1,73o,0,0,0,100,false,frame_003.00.png
10,UTG1,63o,0,0,0,100,false,frame_003.00.png
10,UTG1,53o,0,0,0,100,false,frame_003.00.png
10,UTG1,43o,0,0,0,100,false,frame_003.00.png
10,UTG1,33,94,6,0,0,false,frame_003.00.png
10,UTG1,32s,0,0,0,100,false,frame_003.00.png
10,UTG1,A2o,0,0,0,100,false,frame_003.00.png
10,UTG1,K2o,0,0,0,100,false,frame_003.00.png
10,UTG1,Q2o,0,0,0,100,false,frame_003.00.png
10,UTG1,J2o,0,0,0,100,false,frame_003.00.png
10,UTG1,T2o,0,0,0,100,false,frame_003.00.png
10,UTG1,92o,0,0,0,100,false,frame_003.00.png
10,UTG1,82o,0,0,0,100,false,frame_003.00.png
10,UTG1,72o,0,0,0,100,false,frame_003.00.png
10,UTG1,62o,0,0,0,100,false,frame_003.00.png
10,UTG1,52o,0,0,0,100,false,frame_003.00.png
10,UTG1,42o,0,0,0,100,false,frame_003.00.png
10,UTG1,32o,0,0,0,100,false,frame_003.00.png
10,UTG1,22,0,0,0,100,false,frame_003.00.png
10,LJ,AA,3,97,0,0,false,frame_005.00.png
10,LJ,AKs,97,3,0,0,false,frame_005.00.png
10,LJ,AQs,100,0,0,0,false,frame_005.00.png
10,LJ,AJs,100,0,0,0,false,frame_005.00.png
10,LJ,ATs,100,0,0,0,false,frame_005.00.png
10,LJ,A9s,100,0,0,0,false,frame_005.00.png
10,LJ,A8s,100,0,0,0,false,frame_005.00.png
10,LJ,A7s,100,0,0,0,false,frame_005.00.png
10,LJ,A6s,100,0,0,0,false,frame_005.00.png
10,LJ,A5s,100,0,0,0,false,frame_005.00.png
10,LJ,A4s,100,0,0,0,false,frame_005.00.png
10,LJ,A3s,100,0,0,0,false,frame_005.00.png
10,LJ,A2s,100,0,0,0,false,frame_005.00.png
10,LJ,AKo,100,0,0,0,false,frame_005.00.png
10,LJ,KK,40,60,0,0,false,frame_005.00.png
10,LJ,KQs,100,0,0,0,false,frame_005.00.png
10,LJ,KJs,100,0,0,0,false,frame_005.00.png
10,LJ,KTs,100,0,0,0,false,frame_005.00.png
10,LJ,K9s,100,0,0,0,false,frame_005.00.png
10,LJ,K8s,0,0,0,100,false,frame_005.00.png
10,LJ,K7s,0,0,0,100,false,frame_005.00.png
10,LJ,K6s,0,0,0,100,false,frame_005.00.png
10,LJ,K5s,0,0,0,100,false,frame_005.00.png
10,LJ,K4s,0,0,0,100,false,frame_005.00.png
10,LJ,K3s,0,0,0,100,false,frame_005.00.png
10,LJ,K2s,0,0,0,100,false,frame_005.00.png
10,LJ,AQo,100,0,0,0,false,frame_005.00.png
10,LJ,KQo,100,0,0,0,false,frame_005.00.png
10,LJ,QQ,87,13,0,0,false,frame_005.00.png
10,LJ,QJs,100,0,0,0,false,frame_005.00.png
10,LJ,QTs,100,0,0,0,false,frame_005.00.png
10,LJ,Q9s,100,0,0,0,false,frame_005.00.png
10,LJ,Q8s,0,0,0,100,false,frame_005.00.png
10,LJ,Q7s,0,0,0,100,false,frame_005.00.png
10,LJ,Q6s,0,0,0,100,false,frame_005.00.png
10,LJ,Q5s,0,0,0,100,false,frame_005.00.png
10,LJ,Q4s,0,0,0,100,false,frame_005.00.png
10,LJ,Q3s,0,0,0,100,false,frame_005.00.png
10,LJ,Q2s,0,0,0,100,false,frame_005.00.png
10,LJ,AJo,100,0,0,0,false,frame_005.00.png
10,LJ,KJo,100,0,0,0,false,frame_005.00.png
10,LJ,QJo,82,18,0,0,false,frame_005.00.png
10,LJ,JJ,64,36,0,0,false,frame_005.00.png
10,LJ,JTs,100,0,0,0,false,frame_005.00.png
10,LJ,J9s,100,0,0,0,false,frame_005.00.png
10,LJ,J8s,0,0,0,100,false,frame_005.00.png
10,LJ,J7s,0,0,0,100,false,frame_005.00.png
10,LJ,J6s,0,0,0,100,false,frame_005.00.png
10,LJ,J5s,0,0,0,100,false,frame_005.00.png
10,LJ,J4s,0,0,0,100,false,frame_005.00.png
10,LJ,J3s,0,0,0,100,false,frame_005.00.png
10,LJ,J2s,0,0,0,100,false,frame_005.00.png
10,LJ,ATo,90,10,0,0,false,frame_005.00.png
10,LJ,KTo,0,27,0,73,false,frame_005.00.png
10,LJ,QTo,0,0,0,100,false,frame_005.00.png
10,LJ,JTo,0,4,0,96,false,frame_005.00.png
10,LJ,TT,100,0,0,0,false,frame_005.00.png
10,LJ,T9s,100,0,0,0,false,frame_005.00.png
10,LJ,T8s,0,0,0,100,false,frame_005.00.png
10,LJ,T7s,0,0,0,100,false,frame_005.00.png
10,LJ,T6s,0,0,0,100,false,frame_005.00.png
10,LJ,T5s,0,0,0,100,false,frame_005.00.png
10,LJ,T4s,0,0,0,100,false,frame_005.00.png
10,LJ,T3s,0,0,0,100,false,frame_005.00.png
10,LJ,T2s,0,0,0,100,false,frame_005.00.png
10,LJ,A9o,87,13,0,0,false,frame_005.00.png
10,LJ,K9o,0,0,0,100,false,frame_005.00.png
10,LJ,Q9o,0,0,0,100,false,frame_005.00.png
10,LJ,J9o,0,0,0,100,false,frame_005.00.png
10,LJ,T9o,0,0,0,100,false,frame_005.00.png
10,LJ,99,100,0,0,0,false,frame_005.00.png
10,LJ,98s,100,0,0,0,false,frame_005.00.png
10,LJ,97s,0,0,0,100,false,frame_005.00.png
10,LJ,96s,0,0,0,100,false,frame_005.00.png
10,LJ,95s,0,0,0,100,false,frame_005.00.png
10,LJ,94s,0,0,0,100,false,frame_005.00.png
10,LJ,93s,0,0,0,100,false,frame_005.00.png
10,LJ,92s,0,0,0,100,false,frame_005.00.png
10,LJ,A8o,91,9,0,0,false,frame_005.00.png
10,LJ,K8o,0,0,0,100,false,frame_005.00.png
10,LJ,Q8o,0,0,0,100,false,frame_005.00.png
10,LJ,J8o,0,0,0,100,false,frame_005.00.png
10,LJ,T8o,0,0,0,100,false,frame_005.00.png
10,LJ,98o,0,0,0,100,false,frame_005.00.png
10,LJ,88,100,0,0,0,false,frame_005.00.png
10,LJ,87s,0,0,0,100,false,frame_005.00.png
10,LJ,86s,0,0,0,100,false,frame_005.00.png
10,LJ,85s,0,0,0,100,false,frame_005.00.png
10,LJ,84s,0,0,0,100,false,frame_005.00.png
10,LJ,83s,0,0,0,100,false,frame_005.00.png
10,LJ,82s,0,0,0,100,false,frame_005.00.png
10,LJ,A7o,46,50,0,4,false,frame_005.00.png
10,LJ,K7o,0,0,0,100,false,frame_005.00.png
10,LJ,Q7o,0,0,0,100,false,frame_005.00.png
10,LJ,J7o,0,0,0,100,false,frame_005.00.png
10,LJ,T7o,0,0,0,100,false,frame_005.00.png
10,LJ,97o,0,0,0,100,false,frame_005.00.png
10,LJ,87o,0,0,0,100,false,frame_005.00.png
10,LJ,77,100,0,0,0,false,frame_005.00.png
10,LJ,76s,0,0,0,100,false,frame_005.00.png
10,LJ,75s,0,0,0,100,false,frame_005.00.png
10,LJ,74s,0,0,0,100,false,frame_005.00.png
10,LJ,73s,0,0,0,100,false,frame_005.00.png
10,LJ,72s,0,0,0,100,false,frame_005.00.png
10,LJ,A6o,0,17,0,83,false,frame_005.00.png
10,LJ,K6o,0,0,0,100,false,frame_005.00.png
10,LJ,Q6o,0,0,0,100,false,frame_005.00.png
10,LJ,J6o,0,0,0,100,false,frame_005.00.png
10,LJ,T6o,0,0,0,100,false,frame_005.00.png
10,LJ,96o,0,0,0,100,false,frame_005.00.png
10,LJ,86o,0,0,0,100,false,frame_005.00.png
10,LJ,76o,0,0,0,100,false,frame_005.00.png
10,LJ,66,100,0,0,0,false,frame_005.00.png
10,LJ,65s,0,0,0,100,false,frame_005.00.png
10,LJ,64s,0,0,0,100,false,frame_005.00.png
10,LJ,63s,0,0,0,100,false,frame_005.00.png
10,LJ,62s,0,0,0,100,false,frame_005.00.png
10,LJ,A5o,0,29,0,71,false,frame_005.00.png
10,LJ,K5o,0,0,0,100,false,frame_005.00.png
10,LJ,Q5o,0,0,0,100,false,frame_005.00.png
10,LJ,J5o,0,0,0,100,false,frame_005.00.png
10,LJ,T5o,0,0,0,100,false,frame_005.00.png
10,LJ,95o,0,0,0,100,false,frame_005.00.png
10,LJ,85o,0,0,0,100,false,frame_005.00.png
10,LJ,75o,0,0,0,100,false,frame_005.00.png
10,LJ,65o,0,0,0,100,false,frame_005.00.png
10,LJ,55,100,0,0,0,false,frame_005.00.png
10,LJ,54s,0,0,0,100,false,frame_005.00.png
10,LJ,53s,0,0,0,100,false,frame_005.00.png
10,LJ,52s,0,0,0,100,false,frame_005.00.png
10,LJ,A4o,0,0,0,100,false,frame_005.00.png
10,LJ,K4o,0,0,0,100,false,frame_005.00.png
10,LJ,Q4o,0,0,0,100,false,frame_005.00.png
10,LJ,J4o,0,0,0,100,false,frame_005.00.png
10,LJ,T4o,0,0,0,100,false,frame_005.00.png
10,LJ,94o,0,0,0,100,false,frame_005.00.png
10,LJ,84o,0,0,0,100,false,frame_005.00.png
10,LJ,74o,0,0,0,100,false,frame_005.00.png
10,LJ,64o,0,0,0,100,false,frame_005.00.png
10,LJ,54o,0,0,0,100,false,frame_005.00.png
10,LJ,44,81,19,0,0,false,frame_005.00.png
10,LJ,43s,0,0,0,100,false,frame_005.00.png
10,LJ,42s,0,0,0,100,false,frame_005.00.png
10,LJ,A3o,0,0,0,100,false,frame_005.00.png
10,LJ,K3o,0,0,0,100,false,frame_005.00.png
10,LJ,Q3o,0,0,0,100,false,frame_005.00.png
10,LJ,J3o,0,0,0,100,false,frame_005.00.png
10,LJ,T3o,0,0,0,100,false,frame_005.00.png
10,LJ,93o,0,0,0,100,false,frame_005.00.png
10,LJ,83o,0,0,0,100,false,frame_005.00.png
10,LJ,73o,0,0,0,100,false,frame_005.00.png
10,LJ,63o,0,0,0,100,false,frame_005.00.png
10,LJ,53o,0,0,0,100,false,frame_005.00.png
10,LJ,43o,0,0,0,100,false,frame_005.00.png
10,LJ,33,100,0,0,0,false,frame_005.00.png
10,LJ,32s,0,0,0,100,false,frame_005.00.png
10,LJ,A2o,0,0,0,100,false,frame_005.00.png
10,LJ,K2o,0,0,0,100,false,frame_005.00.png
10,LJ,Q2o,0,0,0,100,false,frame_005.00.png
10,LJ,J2o,0,0,0,100,false,frame_005.00.png
10,LJ,T2o,0,0,0,100,false,frame_005.00.png
10,LJ,92o,0,0,0,100,false,frame_005.00.png
10,LJ,82o,0,0,0,100,false,frame_005.00.png
10,LJ,72o,0,0,0,100,false,frame_005.00.png
10,LJ,62o,0,0,0,100,false,frame_005.00.png
10,LJ,52o,0,0,0,100,false,frame_005.00.png
10,LJ,42o,0,0,0,100,false,frame_005.00.png
10,LJ,32o,0,0,0,100,false,frame_005.00.png
10,LJ,22,84,16,0,0,false,frame_005.00.png
10,HJ,AA,15,85,0,0,false,frame_007.00.png
10,HJ,AKs,100,0,0,0,false,frame_007.00.png
10,HJ,AQs,100,0,0,0,false,frame_007.00.png
10,HJ,AJs,100,0,0,0,false,frame_007.00.png
10,HJ,ATs,100,0,0,0,false,frame_007.00.png
10,HJ,A9s,100,0,0,0,false,frame_007.00.png
10,HJ,A8s,100,0,0,0,false,frame_007.00.png
10,HJ,A7s,100,0,0,0,false,frame_007.00.png
10,HJ,A6s,100,0,0,0,false,frame_007.00.png
10,HJ,A5s,100,0,0,0,false,frame_007.00.png
10,HJ,A4s,100,0,0,0,false,frame_007.00.png
10,HJ,A3s,100,0,0,0,false,frame_007.00.png
10,HJ,A2s,100,0,0,0,false,frame_007.00.png
10,HJ,AKo,100,0,0,0,false,frame_007.00.png
10,HJ,KK,100,0,0,0,false,frame_007.00.png
10,HJ,KQs,100,0,0,0,false,frame_007.00.png
10,HJ,KJs,100,0,0,0,false,frame_007.00.png
10,HJ,KTs,100,0,0,0,false,frame_007.00.png
10,HJ,K9s,94,6,0,0,false,frame_007.00.png
10,HJ,K8s,0,14,0,86,false,frame_007.00.png
10,HJ,K7s,0,0,0,100,false,frame_007.00.png
10,HJ,K6s,0,0,0,100,false,frame_007.00.png
10,HJ,K5s,0,0,0,100,false,frame_007.00.png
10,HJ,K4s,0,0,0,100,false,frame_007.00.png
10,HJ,K3s,0,0,0,100,false,frame_007.00.png
10,HJ,K2s,0,0,0,100,false,frame_007.00.png
10,HJ,AQo,100,0,0,0,false,frame_007.00.png
10,HJ,KQo,100,0,0,0,false,frame_007.00.png
10,HJ,QQ,100,0,0,0,false,frame_007.00.png
10,HJ,QJs,94,6,0,0,false,frame_007.00.png
10,HJ,QTs,100,0,0,0,false,frame_007.00.png
10,HJ,Q9s,100,0,0,0,false,frame_007.00.png
10,HJ,Q8s,0,0,0,100,false,frame_007.00.png
10,HJ,Q7s,0,0,0,100,false,frame_007.00.png
10,HJ,Q6s,0,0,0,100,false,frame_007.00.png
10,HJ,Q5s,0,0,0,100,false,frame_007.00.png
10,HJ,Q4s,0,0,0,100,false,frame_007.00.png
10,HJ,Q3s,0,0,0,100,false,frame_007.00.png
10,HJ,Q2s,0,0,0,100,false,frame_007.00.png
10,HJ,AJo,100,0,0,0,false,frame_007.00.png
10,HJ,KJo,100,0,0,0,false,frame_007.00.png
10,HJ,QJo,100,0,0,0,false,frame_007.00.png
10,HJ,JJ,80,20,0,0,false,frame_007.00.png
10,HJ,JTs,100,0,0,0,false,frame_007.00.png
10,HJ,J9s,100,0,0,0,false,frame_007.00.png
10,HJ,J8s,0,0,0,100,false,frame_007.00.png
10,HJ,J7s,0,0,0,100,false,frame_007.00.png
10,HJ,J6s,0,0,0,100,false,frame_007.00.png
10,HJ,J5s,0,0,0,100,false,frame_007.00.png
10,HJ,J4s,0,0,0,100,false,frame_007.00.png
10,HJ,J3s,0,0,0,100,false,frame_007.00.png
10,HJ,J2s,0,0,0,100,false,frame_007.00.png
10,HJ,ATo,100,0,0,0,false,frame_007.00.png
10,HJ,KTo,100,0,0,0,false,frame_007.00.png
10,HJ,QTo,0,7,0,93,false,frame_007.00.png
10,HJ,JTo,87,13,0,0,false,frame_007.00.png
10,HJ,TT,100,0,0,0,false,frame_007.00.png
10,HJ,T9s,100,0,0,0,false,frame_007.00.png
10,HJ,T8s,100,0,0,0,false,frame_007.00.png
10,HJ,T7s,0,0,0,100,false,frame_007.00.png
10,HJ,T6s,0,0,0,100,false,frame_007.00.png
10,HJ,T5s,0,0,0,100,false,frame_007.00.png
10,HJ,T4s,0,0,0,100,false,frame_007.00.png
10,HJ,T3s,0,0,0,100,false,frame_007.00.png
10,HJ,T2s,0,0,0,100,false,frame_007.00.png
10,HJ,A9o,97,3,0,0,false,frame_007.00.png
10,HJ,K9o,0,0,0,100,false,frame_007.00.png
10,HJ,Q9o,0,0,0,100,false,frame_007.00.png
10,HJ,J9o,0,0,0,100,false,frame_007.00.png
10,HJ,T9o,0,0,0,100,false,frame_007.00.png
10,HJ,99,100,0,0,0,false,frame_007.00.png
10,HJ,98s,100,0,0,0,false,frame_007.00.png
10,HJ,97s,0,0,0,100,false,frame_007.00.png
10,HJ,96s,0,0,0,100,false,frame_007.00.png
10,HJ,95s,0,0,0,100,false,frame_007.00.png
10,HJ,94s,0,0,0,100,false,frame_007.00.png
10,HJ,93s,0,0,0,100,false,frame_007.00.png
10,HJ,92s,0,0,0,100,false,frame_007.00.png
10,HJ,A8o,100,0,0,0,false,frame_007.00.png
10,HJ,K8o,0,0,0,100,false,frame_007.00.png
10,HJ,Q8o,0,0,0,100,false,frame_007.00.png
10,HJ,J8o,0,0,0,100,false,frame_007.00.png
10,HJ,T8o,0,0,0,100,false,frame_007.00.png
10,HJ,98o,0,0,0,100,false,frame_007.00.png
10,HJ,88,100,0,0,0,false,frame_007.00.png
10,HJ,87s,0,0,0,100,false,frame_007.00.png
10,HJ,86s,0,0,0,100,false,frame_007.00.png
10,HJ,85s,0,0,0,100,false,frame_007.00.png
10,HJ,84s,0,0,0,100,false,frame_007.00.png
10,HJ,83s,0,0,0,100,false,frame_007.00.png
10,HJ,82s,0,0,0,100,false,frame_007.00.png
10,HJ,A7o,100,0,0,0,false,frame_007.00.png
10,HJ,K7o,0,0,0,100,false,frame_007.00.png
10,HJ,Q7o,0,0,0,100,false,frame_007.00.png
10,HJ,J7o,0,0,0,100,false,frame_007.00.png
10,HJ,T7o,0,0,0,100,false,frame_007.00.png
10,HJ,97o,0,0,0,100,false,frame_007.00.png
10,HJ,87o,0,0,0,100,false,frame_007.00.png
10,HJ,77,100,0,0,0,false,frame_007.00.png
10,HJ,76s,0,0,0,100,false,frame_007.00.png
10,HJ,75s,0,0,0,100,false,frame_007.00.png
10,HJ,74s,0,0,0,100,false,frame_007.00.png
10,HJ,73s,0,0,0,100,false,frame_007.00.png
10,HJ,72s,0,0,0,100,false,frame_007.00.png
10,HJ,A6o,91,9,0,0,false,frame_007.00.png
10,HJ,K6o,0,0,0,100,false,frame_007.00.png
10,HJ,Q6o,0,0,0,100,false,frame_007.00.png
10,HJ,J6o,0,0,0,100,false,frame_007.00.png
10,HJ,T6o,0,0,0,100,false,frame_007.00.png
10,HJ,96o,0,0,0,100,false,frame_007.00.png
10,HJ,86o,0,0,0,100,false,frame_007.00.png
10,HJ,76o,0,0,0,100,false,frame_007.00.png
10,HJ,66,100,0,0,0,false,frame_007.00.png
10,HJ,65s,0,0,0,100,false,frame_007.00.png
10,HJ,64s,0,0,0,100,false,frame_007.00.png
10,HJ,63s,0,0,0,100,false,frame_007.00.png
10,HJ,62s,0,0,0,100,false,frame_007.00.png
10,HJ,A5o,100,0,0,0,false,frame_007.00.png
10,HJ,K5o,0,0,0,100,false,frame_007.00.png
10,HJ,Q5o,0,0,0,100,false,frame_007.00.png
10,HJ,J5o,0,0,0,100,false,frame_007.00.png
10,HJ,T5o,0,0,0,100,false,frame_007.00.png
10,HJ,95o,0,0,0,100,false,frame_007.00.png
10,HJ,85o,0,0,0,100,false,frame_007.00.png
10,HJ,75o,0,0,0,100,false,frame_007.00.png
10,HJ,65o,0,0,0,100,false,frame_007.00.png
10,HJ,55,100,0,0,0,false,frame_007.00.png
10,HJ,54s,0,0,0,100,false,frame_007.00.png
10,HJ,53s,0,0,0,100,false,frame_007.00.png
10,HJ,52s,0,0,0,100,false,frame_007.00.png
10,HJ,A4o,100,0,0,0,false,frame_007.00.png
10,HJ,K4o,0,0,0,100,false,frame_007.00.png
10,HJ,Q4o,0,0,0,100,false,frame_007.00.png
10,HJ,J4o,0,0,0,100,false,frame_007.00.png
10,HJ,T4o,0,0,0,100,false,frame_007.00.png
10,HJ,94o,0,0,0,100,false,frame_007.00.png
10,HJ,84o,0,0,0,100,false,frame_007.00.png
10,HJ,74o,0,0,0,100,false,frame_007.00.png
10,HJ,64o,0,0,0,100,false,frame_007.00.png
10,HJ,54o,0,0,0,100,false,frame_007.00.png
10,HJ,44,100,0,0,0,false,frame_007.00.png
10,HJ,43s,0,0,0,100,false,frame_007.00.png
10,HJ,42s,0,0,0,100,false,frame_007.00.png
10,HJ,A3o,3,36,0,61,true,frame_007.00.png
10,HJ,K3o,0,0,0,100,false,frame_007.00.png
10,HJ,Q3o,0,0,0,100,false,frame_007.00.png
10,HJ,J3o,0,0,0,100,false,frame_007.00.png
10,HJ,T3o,0,0,0,100,false,frame_007.00.png
10,HJ,93o,0,0,0,100,false,frame_007.00.png
10,HJ,83o,0,0,0,100,false,frame_007.00.png
10,HJ,73o,0,0,0,100,false,frame_007.00.png
10,HJ,63o,0,0,0,100,false,frame_007.00.png
10,HJ,53o,0,0,0,100,false,frame_007.00.png
10,HJ,43o,0,0,0,100,false,frame_007.00.png
10,HJ,33,100,0,0,0,false,frame_007.00.png
10,HJ,32s,0,0,0,100,false,frame_007.00.png
10,HJ,A2o,0,0,0,100,false,frame_007.00.png
10,HJ,K2o,0,0,0,100,false,frame_007.00.png
10,HJ,Q2o,0,0,0,100,false,frame_007.00.png
10,HJ,J2o,0,0,0,100,false,frame_007.00.png
10,HJ,T2o,0,0,0,100,false,frame_007.00.png
10,HJ,92o,0,0,0,100,false,frame_007.00.png
10,HJ,82o,0,0,0,100,false,frame_007.00.png
10,HJ,72o,0,0,0,100,false,frame_007.00.png
10,HJ,62o,0,0,0,100,false,frame_007.00.png
10,HJ,52o,0,0,0,100,false,frame_007.00.png
10,HJ,42o,0,0,0,100,false,frame_007.00.png
10,HJ,32o,0,0,0,100,false,frame_007.00.png
10,HJ,22,83,17,0,0,false,frame_007.00.png
10,CO,AA,82,18,0,0,false,frame_009.00.png
10,CO,AKs,100,0,0,0,false,frame_009.00.png
10,CO,AQs,100,0,0,0,false,frame_009.00.png
10,CO,AJs,100,0,0,0,false,frame_009.00.png
10,CO,ATs,100,0,0,0,false,frame_009.00.png
10,CO,A9s,100,0,0,0,false,frame_009.00.png
10,CO,A8s,100,0,0,0,false,frame_009.00.png
10,CO,A7s,100,0,0,0,false,frame_009.00.png
10,CO,A6s,100,0,0,0,false,frame_009.00.png
10,CO,A5s,100,0,0,0,false,frame_009.00.png
10,CO,A4s,100,0,0,0,false,frame_009.00.png
10,CO,A3s,100,0,0,0,false,frame_009.00.png
10,CO,A2s,100,0,0,0,false,frame_009.00.png
10,CO,AKo,100,0,0,0,false,frame_009.00.png
10,CO,KK,100,0,0,0,false,frame_009.00.png
10,CO,KQs,100,0,0,0,false,frame_009.00.png
10,CO,KJs,100,0,0,0,false,frame_009.00.png
10,CO,KTs,100,0,0,0,false,frame_009.00.png
10,CO,K9s,100,0,0,0,false,frame_009.00.png
10,CO,K8s,100,0,0,0,false,frame_009.00.png
10,CO,K7s,100,0,0,0,false,frame_009.00.png
10,CO,K6s,100,0,0,0,false,frame_009.00.png
10,CO,K5s,5,0,0,95,false,frame_009.00.png
10,CO,K4s,0,0,0,100,false,frame_009.00.png
10,CO,K3s,0,0,0,100,false,frame_009.00.png
10,CO,K2s,0,0,0,100,false,frame_009.00.png
10,CO,AQo,100,0,0,0,false,frame_009.00.png
10,CO,KQo,100,0,0,0,false,frame_009.00.png
10,CO,QQ,100,0,0,0,false,frame_009.00.png
10,CO,QJs,91,9,0,0,false,frame_009.00.png
10,CO,QTs,100,0,0,0,false,frame_009.00.png
10,CO,Q9s,100,0,0,0,false,frame_009.00.png
10,CO,Q8s,100,0,0,0,false,frame_009.00.png
10,CO,Q7s,0,0,0,100,false,frame_009.00.png
10,CO,Q6s,0,0,0,100,false,frame_009.00.png
10,CO,Q5s,0,0,0,100,false,frame_009.00.png
10,CO,Q4s,0,0,0,100,false,frame_009.00.png
10,CO,Q3s,0,0,0,100,false,frame_009.00.png
10,CO,Q2s,0,0,0,100,false,frame_009.00.png
10,CO,AJo,100,0,0,0,false,frame_009.00.png
10,CO,KJo,100,0,0,0,false,frame_009.00.png
10,CO,QJo,100,0,0,0,false,frame_009.00.png
10,CO,JJ,100,0,0,0,false,frame_009.00.png
10,CO,JTs,100,0,0,0,false,frame_009.00.png
10,CO,J9s,100,0,0,0,false,frame_009.00.png
10,CO,J8s,100,0,0,0,false,frame_009.00.png
10,CO,J7s,0,0,0,100,false,frame_009.00.png
10,CO,J6s,0,0,0,100,false,frame_009.00.png
10,CO,J5s,0,0,0,100,false,frame_009.00.png
10,CO,J4s,0,0,0,100,false,frame_009.00.png
10,CO,J3s,0,0,0,100,false,frame_009.00.png
10,CO,J2s,0,0,0,100,false,frame_009.00.png
10,CO,ATo,100,0,0,0,false,frame_009.00.png
10,CO,KTo,100,0,0,0,false,frame_009.00.png
10,CO,QTo,100,0,0,0,false,frame_009.00.png
10,CO,JTo,100,0,0,0,false,frame_009.00.png
10,CO,TT,100,0,0,0,false,frame_009.00.png
10,CO,T9s,100,0,0,0,false,frame_009.00.png
10,CO,T8s,100,0,0,0,false,frame_009.00.png
10,CO,T7s,0,0,0,100,false,frame_009.00.png
10,CO,T6s,0,0,0,100,false,frame_009.00.png
10,CO,T5s,0,0,0,100,false,frame_009.00.png
10,CO,T4s,0,0,0,100,false,frame_009.00.png
10,CO,T3s,0,0,0,100,false,frame_009.00.png
10,CO,T2s,0,0,0,100,false,frame_009.00.png
10,CO,A9o,100,0,0,0,false,frame_009.00.png
10,CO,K9o,0,6,0,94,false,frame_009.00.png
10,CO,Q9o,0,0,0,100,false,frame_009.00.png
10,CO,J9o,0,0,0,100,false,frame_009.00.png
10,CO,T9o,0,0,0,100,false,frame_009.00.png
10,CO,99,100,0,0,0,false,frame_009.00.png
10,CO,98s,100,0,0,0,false,frame_009.00.png
10,CO,97s,100,0,0,0,false,frame_009.00.png
10,CO,96s,0,0,0,100,false,frame_009.00.png
10,CO,95s,0,0,0,100,false,frame_009.00.png
10,CO,94s,0,0,0,100,false,frame_009.00.png
10,CO,93s,0,0,0,100,false,frame_009.00.png
10,CO,92s,0,0,0,100,false,frame_009.00.png
10,CO,A8o,100,0,0,0,false,frame_009.00.png
10,CO,K8o,0,0,0,100,false,frame_009.00.png
10,CO,Q8o,0,0,0,100,false,frame_009.00.png
10,CO,J8o,0,0,0,100,false,frame_009.00.png
10,CO,T8o,0,0,0,100,false,frame_009.00.png
10,CO,98o,0,0,0,100,false,frame_009.00.png
10,CO,88,100,0,0,0,false,frame_009.00.png
10,CO,87s,100,0,0,0,false,frame_009.00.png
10,CO,86s,0,0,0,100,false,frame_009.00.png
10,CO,85s,0,0,0,100,false,frame_009.00.png
10,CO,84s,0,0,0,100,false,frame_009.00.png
10,CO,83s,0,0,0,100,false,frame_009.00.png
10,CO,82s,0,0,0,100,false,frame_009.00.png
10,CO,A7o,100,0,0,0,false,frame_009.00.png
10,CO,K7o,0,0,0,100,false,frame_009.00.png
10,CO,Q7o,0,0,0,100,false,frame_009.00.png
10,CO,J7o,0,0,0,100,false,frame_009.00.png
10,CO,T7o,0,0,0,100,false,frame_009.00.png
10,CO,97o,0,0,0,100,false,frame_009.00.png
10,CO,87o,0,0,0,100,false,frame_009.00.png
10,CO,77,100,0,0,0,false,frame_009.00.png
10,CO,76s,0,0,0,100,false,frame_009.00.png
10,CO,75s,0,0,0,100,false,frame_009.00.png
10,CO,74s,0,0,0,100,false,frame_009.00.png
10,CO,73s,0,0,0,100,false,frame_009.00.png
10,CO,72s,0,0,0,100,false,frame_009.00.png
10,CO,A6o,100,0,0,0,false,frame_009.00.png
10,CO,K6o,0,0,0,100,false,frame_009.00.png
10,CO,Q6o,0,0,0,100,false,frame_009.00.png
10,CO,J6o,0,0,0,100,false,frame_009.00.png
10,CO,T6o,0,0,0,100,false,frame_009.00.png
10,CO,96o,0,0,0,100,false,frame_009.00.png
10,CO,86o,0,0,0,100,false,frame_009.00.png
10,CO,76o,0,0,0,100,false,frame_009.00.png
10,CO,66,100,0,0,0,false,frame_009.00.png
10,CO,65s,0,0,0,100,false,frame_009.00.png
10,CO,64s,0,0,0,100,false,frame_009.00.png
10,CO,63s,0,0,0,100,false,frame_009.00.png
10,CO,62s,0,0,0,100,false,frame_009.00.png
10,CO,A5o,100,0,0,0,false,frame_009.00.png
10,CO,K5o,0,0,0,100,false,frame_009.00.png
10,CO,Q5o,0,0,0,100,false,frame_009.00.png
10,CO,J5o,0,0,0,100,false,frame_009.00.png
10,CO,T5o,0,0,0,100,false,frame_009.00.png
10,CO,95o,0,0,0,100,false,frame_009.00.png
10,CO,85o,0,0,0,100,false,frame_009.00.png
10,CO,75o,0,0,0,100,false,frame_009.00.png
10,CO,65o,0,0,0,100,false,frame_009.00.png
10,CO,55,100,0,0,0,false,frame_009.00.png
10,CO,54s,0,0,0,100,false,frame_009.00.png
10,CO,53s,0,0,0,100,false,frame_009.00.png
10,CO,52s,0,0,0,100,false,frame_009.00.png
10,CO,A4o,100,0,0,0,false,frame_009.00.png
10,CO,K4o,0,0,0,100,false,frame_009.00.png
10,CO,Q4o,0,0,0,100,false,frame_009.00.png
10,CO,J4o,0,0,0,100,false,frame_009.00.png
10,CO,T4o,0,0,0,100,false,frame_009.00.png
10,CO,94o,0,0,0,100,false,frame_009.00.png
10,CO,84o,0,0,0,100,false,frame_009.00.png
10,CO,74o,0,0,0,100,false,frame_009.00.png
10,CO,64o,0,0,0,100,false,frame_009.00.png
10,CO,54o,0,0,0,100,false,frame_009.00.png
10,CO,44,100,0,0,0,false,frame_009.00.png
10,CO,43s,0,0,0,100,false,frame_009.00.png
10,CO,42s,0,0,0,100,false,frame_009.00.png
10,CO,A3o,100,0,0,0,false,frame_009.00.png
10,CO,K3o,0,0,0,100,false,frame_009.00.png
10,CO,Q3o,0,0,0,100,false,frame_009.00.png
10,CO,J3o,0,0,0,100,false,frame_009.00.png
10,CO,T3o,0,0,0,100,false,frame_009.00.png
10,CO,93o,0,0,0,100,false,frame_009.00.png
10,CO,83o,0,0,0,100,false,frame_009.00.png
10,CO,73o,0,0,0,100,false,frame_009.00.png
10,CO,63o,0,0,0,100,false,frame_009.00.png
10,CO,53o,0,0,0,100,false,frame_009.00.png
10,CO,43o,0,0,0,100,false,frame_009.00.png
10,CO,33,100,0,0,0,false,frame_009.00.png
10,CO,32s,0,0,0,100,false,frame_009.00.png
10,CO,A2o,100,0,0,0,false,frame_009.00.png
10,CO,K2o,0,0,0,100,false,frame_009.00.png
10,CO,Q2o,0,0,0,100,false,frame_009.00.png
10,CO,J2o,0,0,0,100,false,frame_009.00.png
10,CO,T2o,0,0,0,100,false,frame_009.00.png
10,CO,92o,0,0,0,100,false,frame_009.00.png
10,CO,82o,0,0,0,100,false,frame_009.00.png
10,CO,72o,0,0,0,100,false,frame_009.00.png
10,CO,62o,0,0,0,100,false,frame_009.00.png
10,CO,52o,0,0,0,100,false,frame_009.00.png
10,CO,42o,0,0,0,100,false,frame_009.00.png
10,CO,32o,0,0,0,100,false,frame_009.00.png
10,CO,22,100,0,0,0,false,frame_009.00.png
10,BTN,AA,3,97,0,0,false,frame_011.00.png
10,BTN,AKs,100,0,0,0,false,frame_011.00.png
10,BTN,AQs,100,0,0,0,false,frame_011.00.png
10,BTN,AJs,100,0,0,0,false,frame_011.00.png
10,BTN,ATs,100,0,0,0,false,frame_011.00.png
10,BTN,A9s,100,0,0,0,false,frame_011.00.png
10,BTN,A8s,100,0,0,0,false,frame_011.00.png
10,BTN,A7s,100,0,0,0,false,frame_011.00.png
10,BTN,A6s,100,0,0,0,false,frame_011.00.png
10,BTN,A5s,100,0,0,0,false,frame_011.00.png
10,BTN,A4s,100,0,0,0,false,frame_011.00.png
10,BTN,A3s,100,0,0,0,false,frame_011.00.png
10,BTN,A2s,100,0,0,0,false,frame_011.00.png
10,BTN,AKo,100,0,0,0,false,frame_011.00.png
10,BTN,KK,0,100,0,0,false,frame_011.00.png
10,BTN,KQs,100,0,0,0,false,frame_011.00.png
10,BTN,KJs,100,0,0,0,false,frame_011.00.png
10,BTN,KTs,81,19,0,0,false,frame_011.00.png
10,BTN,K9s,13,87,0,0,false,frame_011.00.png
10,BTN,K8s,100,0,0,0,false,frame_011.00.png
10,BTN,K7s,100,0,0,0,false,frame_011.00.png
10,BTN,K6s,100,0,0,0,false,frame_011.00.png
10,BTN,K5s,100,0,0,0,false,frame_011.00.png
10,BTN,K4s,100,0,0,0,false,frame_011.00.png
10,BTN,K3s,100,0,0,0,false,frame_011.00.png
10,BTN,K2s,90,10,0,0,false,frame_011.00.png
10,BTN,AQo,100,0,0,0,false,frame_011.00.png
10,BTN,KQo,100,0,0,0,false,frame_011.00.png
10,BTN,QQ,3,97,0,0,false,frame_011.00.png
10,BTN,QJs,100,0,0,0,false,frame_011.00.png
10,BTN,QTs,96,4,0,0,false,frame_011.00.png
10,BTN,Q9s,100,0,0,0,false,frame_011.00.png
10,BTN,Q8s,100,0,0,0,false,frame_011.00.png
10,BTN,Q7s,100,0,0,0,false,frame_011.00.png
10,BTN,Q6s,100,0,0,0,false,frame_011.00.png
10,BTN,Q5s,3,85,0,12,false,frame_011.00.png
10,BTN,Q4s,0,0,0,100,false,frame_011.00.png
10,BTN,Q3s,0,0,0,100,false,frame_011.00.png
10,BTN,Q2s,0,0,0,100,false,frame_011.00.png
10,BTN,AJo,100,0,0,0,false,frame_011.00.png
10,BTN,KJo,100,0,0,0,false,frame_011.00.png
10,BTN,QJo,100,0,0,0,false,frame_011.00.png
10,BTN,JJ,33,67,0,0,false,frame_011.00.png
10,BTN,JTs,100,0,0,0,false,frame_011.00.png
10,BTN,J9s,100,0,0,0,false,frame_011.00.png
10,BTN,J8s,100,0,0,0,false,frame_011.00.png
10,BTN,J7s,100,0,0,0,false,frame_011.00.png
10,BTN,J6s,0,0,0,100,false,frame_011.00.png
10,BTN,J5s,0,0,0,100,false,frame_011.00.png
10,BTN,J4s,0,0,0,100,false,frame_011.00.png
10,BTN,J3s,0,0,0,100,false,frame_011.00.png
10,BTN,J2s,0,0,0,100,false,frame_011.00.png
10,BTN,ATo,100,0,0,0,false,frame_011.00.png
10,BTN,KTo,100,0,0,0,false,frame_011.00.png
10,BTN,QTo,100,0,0,0,false,frame_011.00.png
10,BTN,JTo,100,0,0,0,false,frame_011.00.png
10,BTN,TT,100,0,0,0,false,frame_011.00.png
10,BTN,T9s,91,9,0,0,false,frame_011.00.png
10,BTN,T8s,56,44,0,0,false,frame_011.00.png
10,BTN,T7s,100,0,0,0,false,frame_011.00.png
10,BTN,T6s,3,31,0,66,true,frame_011.00.png
10,BTN,T5s,0,0,0,100,false,frame_011.00.png
10,BTN,T4s,0,0,0,100,false,frame_011.00.png
10,BTN,T3s,0,0,0,100,false,frame_011.00.png
10,BTN,T2s,0,0,0,100,false,frame_011.00.png
10,BTN,A9o,100,0,0,0,false,frame_011.00.png
10,BTN,K9o,100,0,0,0,false,frame_011.00.png
10,BTN,Q9o,25,65,0,10,false,frame_011.00.png
10,BTN,J9o,0,42,0,58,true,frame_011.00.png
10,BTN,T9o,100,0,0,0,false,frame_011.00.png
10,BTN,99,63,37,0,0,false,frame_011.00.png
10,BTN,98s,100,0,0,0,false,frame_011.00.png
10,BTN,97s,100,0,0,0,false,frame_011.00.png
10,BTN,96s,0,0,0,100,false,frame_011.00.png
10,BTN,95s,0,0,0,100,false,frame_011.00.png
10,BTN,94s,0,0,0,100,false,frame_011.00.png
10,BTN,93s,0,0,0,100,false,frame_011.00.png
10,BTN,92s,0,0,0,100,false,frame_011.00.png
10,BTN,A8o,100,0,0,0,false,frame_011.00.png
10,BTN,K8o,3,97,0,0,false,frame_011.00.png
10,BTN,Q8o,0,0,0,100,false,frame_011.00.png
10,BTN,J8o,0,0,0,100,false,frame_011.00.png
10,BTN,T8o,0,0,0,100,false,frame_011.00.png
10,BTN,98o,0,0,0,100,false,frame_011.00.png
10,BTN,88,100,0,0,0,false,frame_011.00.png
10,BTN,87s,100,0,0,0,false,frame_011.00.png
10,BTN,86s,0,0,0,100,false,frame_011.00.png
10,BTN,85s,0,0,0,100,false,frame_011.00.png
10,BTN,84s,0,0,0,100,false,frame_011.00.png
10,BTN,83s,0,0,0,100,false,frame_011.00.png
10,BTN,82s,0,0,0,100,false,frame_011.00.png
10,BTN,A7o,100,0,0,0,false,frame_011.00.png
10,BTN,K7o,2,54,0,44,true,frame_011.00.png
10,BTN,Q7o,0,0,0,100,false,frame_011.00.png
10,BTN,J7o,0,0,0,100,false,frame_011.00.png
10,BTN,T7o,0,0,0,100,false,frame_011.00.png
10,BTN,97o,0,0,0,100,false,frame_011.00.png
10,BTN,87o,0,0,0,100,false,frame_011.00.png
10,BTN,77,94,6,0,0,false,frame_011.00.png
10,BTN,76s,100,0,0,0,false,frame_011.00.png
10,BTN,75s,0,0,0,100,false,frame_011.00.png
10,BTN,74s,0,0,0,100,false,frame_011.00.png
10,BTN,73s,0,0,0,100,false,frame_011.00.png
10,BTN,72s,0,0,0,100,false,frame_011.00.png
10,BTN,A6o,85,15,0,0,false,frame_011.00.png
10,BTN,K6o,0,4,0,96,false,frame_011.00.png
10,BTN,Q6o,0,0,0,100,false,frame_011.00.png
10,BTN,J6o,0,0,0,100,false,frame_011.00.png
10,BTN,T6o,0,0,0,100,false,frame_011.00.png
10,BTN,96o,0,0,0,100,false,frame_011.00.png
10,BTN,86o,0,0,0,100,false,frame_011.00.png
10,BTN,76o,0,0,0,100,false,frame_011.00.png
10,BTN,66,100,0,0,0,false,frame_011.00.png
10,BTN,65s,0,0,0,100,false,frame_011.00.png
10,BTN,64s,0,0,0,100,false,frame_011.00.png
10,BTN,63s,0,0,0,100,false,frame_011.00.png
10,BTN,62s,0,0,0,100,false,frame_011.00.png
10,BTN,A5o,100,0,0,0,false,frame_011.00.png
10,BTN,K5o,0,0,0,100,false,frame_011.00.png
10,BTN,Q5o,0,0,0,100,false,frame_011.00.png
10,BTN,J5o,0,0,0,100,false,frame_011.00.png
10,BTN,T5o,0,0,0,100,false,frame_011.00.png
10,BTN,95o,0,0,0,100,false,frame_011.00.png
10,BTN,85o,0,0,0,100,false,frame_011.00.png
10,BTN,75o,0,0,0,100,false,frame_011.00.png
10,BTN,65o,0,0,0,100,false,frame_011.00.png
10,BTN,55,100,0,0,0,false,frame_011.00.png
10,BTN,54s,0,0,0,100,false,frame_011.00.png
10,BTN,53s,0,0,0,100,false,frame_011.00.png
10,BTN,52s,0,0,0,100,false,frame_011.00.png
10,BTN,A4o,100,0,0,0,false,frame_011.00.png
10,BTN,K4o,0,0,0,100,false,frame_011.00.png
10,BTN,Q4o,0,0,0,100,false,frame_011.00.png
10,BTN,J4o,0,0,0,100,false,frame_011.00.png
10,BTN,T4o,0,0,0,100,false,frame_011.00.png
10,BTN,94o,0,0,0,100,false,frame_011.00.png
10,BTN,84o,0,0,0,100,false,frame_011.00.png
10,BTN,74o,0,0,0,100,false,frame_011.00.png
10,BTN,64o,0,0,0,100,false,frame_011.00.png
10,BTN,54o,0,0,0,100,false,frame_011.00.png
10,BTN,44,100,0,0,0,false,frame_011.00.png
10,BTN,43s,0,0,0,100,false,frame_011.00.png
10,BTN,42s,0,0,0,100,false,frame_011.00.png
10,BTN,A3o,100,0,0,0,false,frame_011.00.png
10,BTN,K3o,0,0,0,100,false,frame_011.00.png
10,BTN,Q3o,0,0,0,100,false,frame_011.00.png
10,BTN,J3o,0,0,0,100,false,frame_011.00.png
10,BTN,T3o,0,0,0,100,false,frame_011.00.png
10,BTN,93o,0,0,0,100,false,frame_011.00.png
10,BTN,83o,0,0,0,100,false,frame_011.00.png
10,BTN,73o,0,0,0,100,false,frame_011.00.png
10,BTN,63o,0,0,0,100,false,frame_011.00.png
10,BTN,53o,0,0,0,100,false,frame_011.00.png
10,BTN,43o,0,0,0,100,false,frame_011.00.png
10,BTN,33,100,0,0,0,false,frame_011.00.png
10,BTN,32s,0,0,0,100,false,frame_011.00.png
10,BTN,A2o,92,8,0,0,false,frame_011.00.png
10,BTN,K2o,0,0,0,100,false,frame_011.00.png
10,BTN,Q2o,0,0,0,100,false,frame_011.00.png
10,BTN,J2o,0,0,0,100,false,frame_011.00.png
10,BTN,T2o,0,0,0,100,false,frame_011.00.png
10,BTN,92o,0,0,0,100,false,frame_011.00.png
10,BTN,82o,0,0,0,100,false,frame_011.00.png
10,BTN,72o,0,0,0,100,false,frame_011.00.png
10,BTN,62o,0,0,0,100,false,frame_011.00.png
10,BTN,52o,0,0,0,100,false,frame_011.00.png
10,BTN,42o,0,0,0,100,false,frame_011.00.png
10,BTN,32o,0,0,0,100,false,frame_011.00.png
10,BTN,22,100,0,0,0,false,frame_011.00.png
10,SB,AA,3,97,0,0,false,frame_012.00.png
10,SB,AKs,100,0,0,0,false,frame_012.00.png
10,SB,AQs,100,0,0,0,false,frame_012.00.png
10,SB,AJs,100,0,0,0,false,frame_012.00.png
10,SB,ATs,100,0,0,0,false,frame_012.00.png
10,SB,A9s,100,0,0,0,false,frame_012.00.png
10,SB,A8s,100,0,0,0,false,frame_012.00.png
10,SB,A7s,100,0,0,0,false,frame_012.00.png
10,SB,A6s,100,0,0,0,false,frame_012.00.png
10,SB,A5s,100,0,0,0,false,frame_012.00.png
10,SB,A4s,100,0,0,0,false,frame_012.00.png
10,SB,A3s,100,0,0,0,false,frame_012.00.png
10,SB,A2s,100,0,0,0,false,frame_012.00.png
10,SB,AKo,100,0,0,0,false,frame_012.00.png
10,SB,KK,0,100,0,0,false,frame_012.00.png
10,SB,KQs,100,0,0,0,false,frame_012.00.png
10,SB,KJs,100,0,0,0,false,frame_012.00.png
10,SB,KTs,81,19,0,0,false,frame_012.00.png
10,SB,K9s,13,87,0,0,false,frame_012.00.png
10,SB,K8s,100,0,0,0,false,frame_012.00.png
10,SB,K7s,100,0,0,0,false,frame_012.00.png
10,SB,K6s,100,0,0,0,false,frame_012.00.png
10,SB,K5s,100,0,0,0,false,frame_012.00.png
10,SB,K4s,100,0,0,0,false,frame_012.00.png
10,SB,K3s,100,0,0,0,false,frame_012.00.png
10,SB,K2s,90,10,0,0,false,frame_012.00.png
10,SB,AQo,100,0,0,0,false,frame_012.00.png
10,SB,KQo,100,0,0,0,false,frame_012.00.png
10,SB,QQ,3,97,0,0,false,frame_012.00.png
10,SB,QJs,100,0,0,0,false,frame_012.00.png
10,SB,QTs,96,4,0,0,false,frame_012.00.png
10,SB,Q9s,100,0,0,0,false,frame_012.00.png
10,SB,Q8s,100,0,0,0,false,frame_012.00.png
10,SB,Q7s,100,0,0,0,false,frame_012.00.png
10,SB,Q6s,100,0,0,0,false,frame_012.00.png
10,SB,Q5s,3,85,0,12,false,frame_012.00.png
10,SB,Q4s,0,0,0,100,false,frame_012.00.png
10,SB,Q3s,0,0,0,100,false,frame_012.00.png
10,SB,Q2s,0,0,0,100,false,frame_012.00.png
10,SB,AJo,100,0,0,0,false,frame_012.00.png
10,SB,KJo,100,0,0,0,false,frame_012.00.png
10,SB,QJo,100,0,0,0,false,frame_012.00.png
10,SB,JJ,33,67,0,0,false,frame_012.00.png
10,SB,JTs,100,0,0,0,false,frame_012.00.png
10,SB,J9s,100,0,0,0,false,frame_012.00.png
10,SB,J8s,100,0,0,0,false,frame_012.00.png
10,SB,J7s,100,0,0,0,false,frame_012.00.png
10,SB,J6s,0,0,0,100,false,frame_012.00.png
10,SB,J5s,0,0,0,100,false,frame_012.00.png
10,SB,J4s,0,0,0,100,false,frame_012.00.png
10,SB,J3s,0,0,0,100,false,frame_012.00.png
10,SB,J2s,0,0,0,100,false,frame_012.00.png
10,SB,ATo,100,0,0,0,false,frame_012.00.png
10,SB,KTo,100,0,0,0,false,frame_012.00.png
10,SB,QTo,100,0,0,0,false,frame_012.00.png
10,SB,JTo,100,0,0,0,false,frame_012.00.png
10,SB,TT,100,0,0,0,false,frame_012.00.png
10,SB,T9s,91,9,0,0,false,frame_012.00.png
10,SB,T8s,56,44,0,0,false,frame_012.00.png
10,SB,T7s,100,0,0,0,false,frame_012.00.png
10,SB,T6s,3,31,0,66,true,frame_012.00.png
10,SB,T5s,0,0,0,100,false,frame_012.00.png
10,SB,T4s,0,0,0,100,false,frame_012.00.png
10,SB,T3s,0,0,0,100,false,frame_012.00.png
10,SB,T2s,0,0,0,100,false,frame_012.00.png
10,SB,A9o,100,0,0,0,false,frame_012.00.png
10,SB,K9o,100,0,0,0,false,frame_012.00.png
10,SB,Q9o,25,65,0,10,false,frame_012.00.png
10,SB,J9o,0,42,0,58,true,frame_012.00.png
10,SB,T9o,100,0,0,0,false,frame_012.00.png
10,SB,99,63,37,0,0,false,frame_012.00.png
10,SB,98s,100,0,0,0,false,frame_012.00.png
10,SB,97s,100,0,0,0,false,frame_012.00.png
10,SB,96s,0,0,0,100,false,frame_012.00.png
10,SB,95s,0,0,0,100,false,frame_012.00.png
10,SB,94s,0,0,0,100,false,frame_012.00.png
10,SB,93s,0,0,0,100,false,frame_012.00.png
10,SB,92s,0,0,0,100,false,frame_012.00.png
10,SB,A8o,100,0,0,0,false,frame_012.00.png
10,SB,K8o,3,97,0,0,false,frame_012.00.png
10,SB,Q8o,0,0,0,100,false,frame_012.00.png
10,SB,J8o,0,0,0,100,false,frame_012.00.png
10,SB,T8o,0,0,0,100,false,frame_012.00.png
10,SB,98o,0,0,0,100,false,frame_012.00.png
10,SB,88,100,0,0,0,false,frame_012.00.png
10,SB,87s,100,0,0,0,false,frame_012.00.png
10,SB,86s,0,0,0,100,false,frame_012.00.png
10,SB,85s,0,0,0,100,false,frame_012.00.png
10,SB,84s,0,0,0,100,false,frame_012.00.png
10,SB,83s,0,0,0,100,false,frame_012.00.png
10,SB,82s,0,0,0,100,false,frame_012.00.png
10,SB,A7o,100,0,0,0,false,frame_012.00.png
10,SB,K7o,2,54,0,44,true,frame_012.00.png
10,SB,Q7o,0,0,0,100,false,frame_012.00.png
10,SB,J7o,0,0,0,100,false,frame_012.00.png
10,SB,T7o,0,0,0,100,false,frame_012.00.png
10,SB,97o,0,0,0,100,false,frame_012.00.png
10,SB,87o,0,0,0,100,false,frame_012.00.png
10,SB,77,94,6,0,0,false,frame_012.00.png
10,SB,76s,100,0,0,0,false,frame_012.00.png
10,SB,75s,0,0,0,100,false,frame_012.00.png
10,SB,74s,0,0,0,100,false,frame_012.00.png
10,SB,73s,0,0,0,100,false,frame_012.00.png
10,SB,72s,0,0,0,100,false,frame_012.00.png
10,SB,A6o,85,15,0,0,false,frame_012.00.png
10,SB,K6o,0,4,0,96,false,frame_012.00.png
10,SB,Q6o,0,0,0,100,false,frame_012.00.png
10,SB,J6o,0,0,0,100,false,frame_012.00.png
10,SB,T6o,0,0,0,100,false,frame_012.00.png
10,SB,96o,0,0,0,100,false,frame_012.00.png
10,SB,86o,0,0,0,100,false,frame_012.00.png
10,SB,76o,0,0,0,100,false,frame_012.00.png
10,SB,66,100,0,0,0,false,frame_012.00.png
10,SB,65s,0,0,0,100,false,frame_012.00.png
10,SB,64s,0,0,0,100,false,frame_012.00.png
10,SB,63s,0,0,0,100,false,frame_012.00.png
10,SB,62s,0,0,0,100,false,frame_012.00.png
10,SB,A5o,100,0,0,0,false,frame_012.00.png
10,SB,K5o,0,0,0,100,false,frame_012.00.png
10,SB,Q5o,0,0,0,100,false,frame_012.00.png
10,SB,J5o,0,0,0,100,false,frame_012.00.png
10,SB,T5o,0,0,0,100,false,frame_012.00.png
10,SB,95o,0,0,0,100,false,frame_012.00.png
10,SB,85o,0,0,0,100,false,frame_012.00.png
10,SB,75o,0,0,0,100,false,frame_012.00.png
10,SB,65o,0,0,0,100,false,frame_012.00.png
10,SB,55,100,0,0,0,false,frame_012.00.png
10,SB,54s,0,0,0,100,false,frame_012.00.png
10,SB,53s,0,0,0,100,false,frame_012.00.png
10,SB,52s,0,0,0,100,false,frame_012.00.png
10,SB,A4o,100,0,0,0,false,frame_012.00.png
10,SB,K4o,0,0,0,100,false,frame_012.00.png
10,SB,Q4o,0,0,0,100,false,frame_012.00.png
10,SB,J4o,0,0,0,100,false,frame_012.00.png
10,SB,T4o,0,0,0,100,false,frame_012.00.png
10,SB,94o,0,0,0,100,false,frame_012.00.png
10,SB,84o,0,0,0,100,false,frame_012.00.png
10,SB,74o,0,0,0,100,false,frame_012.00.png
10,SB,64o,0,0,0,100,false,frame_012.00.png
10,SB,54o,0,0,0,100,false,frame_012.00.png
10,SB,44,100,0,0,0,false,frame_012.00.png
10,SB,43s,0,0,0,100,false,frame_012.00.png
10,SB,42s,0,0,0,100,false,frame_012.00.png
10,SB,A3o,100,0,0,0,false,frame_012.00.png
10,SB,K3o,0,0,0,100,false,frame_012.00.png
10,SB,Q3o,0,0,0,100,false,frame_012.00.png
10,SB,J3o,0,0,0,100,false,frame_012.00.png
10,SB,T3o,0,0,0,100,false,frame_012.00.png
10,SB,93o,0,0,0,100,false,frame_012.00.png
10,SB,83o,0,0,0,100,false,frame_012.00.png
10,SB,73o,0,0,0,100,false,frame_012.00.png
10,SB,63o,0,0,0,100,false,frame_012.00.png
10,SB,53o,0,0,0,100,false,frame_012.00.png
10,SB,43o,0,0,0,100,false,frame_012.00.png
10,SB,33,100,0,0,0,false,frame_012.00.png
10,SB,32s,0,0,0,100,false,frame_012.00.png
10,SB,A2o,92,8,0,0,false,frame_012.00.png
10,SB,K2o,0,0,0,100,false,frame_012.00.png
10,SB,Q2o,0,0,0,100,false,frame_012.00.png
10,SB,J2o,0,0,0,100,false,frame_012.00.png
10,SB,T2o,0,0,0,100,false,frame_012.00.png
10,SB,92o,0,0,0,100,false,frame_012.00.png
10,SB,82o,0,0,0,100,false,frame_012.00.png
10,SB,72o,0,0,0,100,false,frame_012.00.png
10,SB,62o,0,0,0,100,false,frame_012.00.png
10,SB,52o,0,0,0,100,false,frame_012.00.png
10,SB,42o,0,0,0,100,false,frame_012.00.png
10,SB,32o,0,0,0,100,false,frame_012.00.png
10,SB,22,100,0,0,0,false,frame_012.00.png
12,UTG,AA,3,97,0,0,false,frame_000.00.png
12,UTG,AKs,3,97,0,0,false,frame_000.00.png
12,UTG,AQs,3,97,0,0,false,frame_000.00.png
12,UTG,AJs,2,98,0,0,false,frame_000.00.png
12,UTG,ATs,40,60,0,0,false,frame_000.00.png
12,UTG,A9s,47,53,0,0,false,frame_000.00.png
12,UTG,A8s,3,97,0,0,false,frame_000.00.png
12,UTG,A7s,2,98,0,0,false,frame_000.00.png
12,UTG,A6s,3,97,0,0,false,frame_000.00.png
12,UTG,A5s,2,98,0,0,false,frame_000.00.png
12,UTG,A4s,0,0,0,100,false,frame_000.00.png
12,UTG,A3s,0,0,0,100,false,frame_000.00.png
12,UTG,A2s,0,0,0,100,false,frame_000.00.png
12,UTG,AKo,85,15,0,0,false,frame_000.00.png
12,UTG,KK,0,100,0,0,false,frame_000.00.png
12,UTG,KQs,48,52,0,0,false,frame_000.00.png
12,UTG,KJs,100,0,0,0,false,frame_000.00.png
12,UTG,KTs,100,0,0,0,false,frame_000.00.png
12,UTG,K9s,5,92,0,3,false,frame_000.00.png
12,UTG,K8s,0,0,0,100,false,frame_000.00.png
12,UTG,K7s,0,0,0,100,false,frame_000.00.png
12,UTG,K6s,0,0,0,100,false,frame_000.00.png
12,UTG,K5s,0,0,0,100,false,frame_000.00.png
12,UTG,K4s,0,0,0,100,false,frame_000.00.png
12,UTG,K3s,0,0,0,100,false,frame_000.00.png
12,UTG,K2s,0,0,0,100,false,frame_000.00.png
12,UTG,AQo,100,0,0,0,false,frame_000.00.png
12,UTG,KQo,76,24,0,0,false,frame_000.00.png
12,UTG,QQ,3,97,0,0,false,frame_000.00.png
12,UTG,QJs,100,0,0,0,false,frame_000.00.png
12,UTG,QTs,100,0,0,0,false,frame_000.00.png
12,UTG,Q9s,3,33,0,64,true,frame_000.00.png
12,UTG,Q8s,0,0,0,100,false,frame_000.00.png
12,UTG,Q7s,0,0,0,100,false,frame_000.00.png
12,UTG,Q6s,0,0,0,100,false,frame_000.00.png
12,UTG,Q5s,0,0,0,100,false,frame_000.00.png
12,UTG,Q4s,0,0,0,100,false,frame_000.00.png
12,UTG,Q3s,0,0,0,100,false,frame_000.00.png
12,UTG,Q2s,0,0,0,100,false,frame_000.00.png
12,UTG,AJo,100,0,0,0,false,frame_000.00.png
12,UTG,KJo,2,83,0,15,false,frame_000.00.png
12,UTG,QJo,4,54,0,42,true,frame_000.00.png
12,UTG,JJ,0,100,0,0,false,frame_000.00.png
12,UTG,JTs,100,0,0,0,false,frame_000.00.png
12,UTG,J9s,0,0,0,100,false,frame_000.00.png
12,UTG,J8s,0,0,0,100,false,frame_000.00.png
12,UTG,J7s,0,0,0,100,false,frame_000.00.png
12,UTG,J6s,0,0,0,100,false,frame_000.00.png
12,UTG,J5s,0,0,0,100,false,frame_000.00.png
12,UTG,J4s,0,0,0,100,false,frame_000.00.png
12,UTG,J3s,0,0,0,100,false,frame_000.00.png
12,UTG,J2s,0,0,0,100,false,frame_000.00.png
12,UTG,ATo,2,98,0,0,false,frame_000.00.png
12,UTG,KTo,0,0,0,100,false,frame_000.00.png
12,UTG,QTo,0,0,0,100,false,frame_000.00.png
12,UTG,JTo,0,0,0,100,false,frame_000.00.png
12,UTG,TT,0,100,0,0,false,frame_000.00.png
12,UTG,T9s,0,0,0,100,false,frame_000.00.png
12,UTG,T8s,0,0,0,100,false,frame_000.00.png
12,UTG,T7s,0,0,0,100,false,frame_000.00.png
12,UTG,T6s,0,0,0,100,false,frame_000.00.png
12,UTG,T5s,0,0,0,100,false,frame_000.00.png
12,UTG,T4s,0,0,0,100,false,frame_000.00.png
12,UTG,T3s,0,0,0,100,false,frame_000.00.png
12,UTG,T2s,0,0,0,100,false,frame_000.00.png
12,UTG,A9o,2,29,0,69,true,frame_000.00.png
12,UTG,K9o,0,0,0,100,false,frame_000.00.png
12,UTG,Q9o,0,0,0,100,false,frame_000.00.png
12,UTG,J9o,0,0,0,100,false,frame_000.00.png
12,UTG,T9o,0,0,0,100,false,frame_000.00.png
12,UTG,99,93,7,0,0,false,frame_000.00.png
12,UTG,98s,0,0,0,100,false,frame_000.00.png
12,UTG,97s,0,0,0,100,false,frame_000.00.png
12,UTG,96s,0,0,0,100,false,frame_000.00.png
12,UTG,95s,0,0,0,100,false,frame_000.00.png
12,UTG,94s,0,0,0,100,false,frame_000.00.png
12,UTG,93s,0,0,0,100,false,frame_000.00.png
12,UTG,92s,0,0,0,100,false,frame_000.00.png
12,UTG,A8o,0,0,0,100,false,frame_000.00.png
12,UTG,K8o,0,0,0,100,false,frame_000.00.png
12,UTG,Q8o,0,0,0,100,false,frame_000.00.png
12,UTG,J8o,0,0,0,100,false,frame_000.00.png
12,UTG,T8o,0,0,0,100,false,frame_000.00.png
12,UTG,98o,0,0,0,100,false,frame_000.00.png
12,UTG,88,88,12,0,0,false,frame_000.00.png
12,UTG,87s,0,0,0,100,false,frame_000.00.png
12,UTG,86s,0,0,0,100,false,frame_000.00.png
12,UTG,85s,0,0,0,100,false,frame_000.00.png
12,UTG,84s,0,0,0,100,false,frame_000.00.png
12,UTG,83s,0,0,0,100,false,frame_000.00.png
12,UTG,82s,0,0,0,100,false,frame_000.00.png
12,UTG,A7o,0,0,0,100,false,frame_000.00.png
12,UTG,K7o,0,0,0,100,false,frame_000.00.png
12,UTG,Q7o,0,0,0,100,false,frame_000.00.png
12,UTG,J7o,0,0,0,100,false,frame_000.00.png
12,UTG,T7o,0,0,0,100,false,frame_000.00.png
12,UTG,97o,0,0,0,100,false,frame_000.00.png
12,UTG,87o,0,0,0,100,false,frame_000.00.png
12,UTG,77,100,0,0,0,false,frame_000.00.png
12,UTG,76s,0,0,0,100,false,frame_000.00.png
12,UTG,75s,0,0,0,100,false,frame_000.00.png
12,UTG,74s,0,0,0,100,false,frame_000.00.png
12,UTG,73s,0,0,0,100,false,frame_000.00.png
12,UTG,72s,0,0,0,100,false,frame_000.00.png
12,UTG,A6o,0,0,0,100,false,frame_000.00.png
12,UTG,K6o,0,0,0,100,false,frame_000.00.png
12,UTG,Q6o,0,0,0,100,false,frame_000.00.png
12,UTG,J6o,0,0,0,100,false,frame_000.00.png
12,UTG,T6o,0,0,0,100,false,frame_000.00.png
12,UTG,96o,0,0,0,100,false,frame_000.00.png
12,UTG,86o,0,0,0,100,false,frame_000.00.png
12,UTG,76o,0,0,0,100,false,frame_000.00.png
12,UTG,66,43,57,0,0,false,frame_000.00.png
12,UTG,65s,0,0,0,100,false,frame_000.00.png
12,UTG,64s,0,0,0,100,false,frame_000.00.png
12,UTG,63s,0,0,0,100,false,frame_000.00.png
12,UTG,62s,0,0,0,100,false,frame_000.00.png
12,UTG,A5o,0,0,0,100,false,frame_000.00.png
12,UTG,K5o,0,0,0,100,false,frame_000.00.png
12,UTG,Q5o,0,0,0,100,false,frame_000.00.png
12,UTG,J5o,0,0,0,100,false,frame_000.00.png
12,UTG,T5o,0,0,0,100,false,frame_000.00.png
12,UTG,95o,0,0,0,100,false,frame_000.00.png
12,UTG,85o,0,0,0,100,false,frame_000.00.png
12,UTG,75o,0,0,0,100,false,frame_000.00.png
12,UTG,65o,0,0,0,100,false,frame_000.00.png
12,UTG,55,85,15,0,0,false,frame_000.00.png
12,UTG,54s,0,0,0,100,false,frame_000.00.png
12,UTG,53s,0,0,0,100,false,frame_000.00.png
12,UTG,52s,0,0,0,100,false,frame_000.00.png
12,UTG,A4o,0,0,0,100,false,frame_000.00.png
12,UTG,K4o,0,0,0,100,false,frame_000.00.png
12,UTG,Q4o,0,0,0,100,false,frame_000.00.png
12,UTG,J4o,0,0,0,100,false,frame_000.00.png
12,UTG,T4o,0,0,0,100,false,frame_000.00.png
12,UTG,94o,0,0,0,100,false,frame_000.00.png
12,UTG,84o,0,0,0,100,false,frame_000.00.png
12,UTG,74o,0,0,0,100,false,frame_000.00.png
12,UTG,64o,0,0,0,100,false,frame_000.00.png
12,UTG,54o,0,0,0,100,false,frame_000.00.png
12,UTG,44,0,0,0,100,false,frame_000.00.png
12,UTG,43s,0,0,0,100,false,frame_000.00.png
12,UTG,42s,0,0,0,100,false,frame_000.00.png
12,UTG,A3o,0,0,0,100,false,frame_000.00.png
12,UTG,K3o,0,0,0,100,false,frame_000.00.png
12,UTG,Q3o,0,0,0,100,false,frame_000.00.png
12,UTG,J3o,0,0,0,100,false,frame_000.00.png
12,UTG,T3o,0,0,0,100,false,frame_000.00.png
12,UTG,93o,0,0,0,100,false,frame_000.00.png
12,UTG,83o,0,0,0,100,false,frame_000.00.png
12,UTG,73o,0,0,0,100,false,frame_000.00.png
12,UTG,63o,0,0,0,100,false,frame_000.00.png
12,UTG,53o,0,0,0,100,false,frame_000.00.png
12,UTG,43o,0,0,0,100,false,frame_000.00.png
12,UTG,33,0,0,0,100,false,frame_000.00.png
12,UTG,32s,0,0,0,100,false,frame_000.00.png
12,UTG,A2o,0,0,0,100,false,frame_000.00.png
12,UTG,K2o,0,0,0,100,false,frame_000.00.png
12,UTG,Q2o,0,0,0,100,false,frame_000.00.png
12,UTG,J2o,0,0,0,100,false,frame_000.00.png
12,UTG,T2o,0,0,0,100,false,frame_000.00.png
12,UTG,92o,0,0,0,100,false,frame_000.00.png
12,UTG,82o,0,0,0,100,false,frame_000.00.png
12,UTG,72o,0,0,0,100,false,frame_000.00.png
12,UTG,62o,0,0,0,100,false,frame_000.00.png
12,UTG,52o,0,0,0,100,false,frame_000.00.png
12,UTG,42o,0,0,0,100,false,frame_000.00.png
12,UTG,32o,0,0,0,100,false,frame_000.00.png
12,UTG,22,0,0,0,100,false,frame_000.00.png
12,UTG1,AA,3,97,0,0,false,frame_001.00.png
12,UTG1,AKs,3,97,0,0,false,frame_001.00.png
12,UTG1,AQs,3,97,0,0,false,frame_001.00.png
12,UTG1,AJs,2,98,0,0,false,frame_001.00.png
12,UTG1,ATs,40,60,0,0,false,frame_001.00.png
12,UTG1,A9s,47,53,0,0,false,frame_001.00.png
12,UTG1,A8s,2,98,0,0,false,frame_001.00.png
12,UTG1,A7s,2,98,0,0,false,frame_001.00.png
12,UTG1,A6s,3,97,0,0,false,frame_001.00.png
12,UTG1,A5s,2,98,0,0,false,frame_001.00.png
12,UTG1,A4s,0,0,0,100,false,frame_001.00.png
12,UTG1,A3s,0,0,0,100,false,frame_001.00.png
12,UTG1,A2s,0,0,0,100,false,frame_001.00.png
12,UTG1,AKo,85,15,0,0,false,frame_001.00.png
12,UTG1,KK,0,100,0,0,false,frame_001.00.png
12,UTG1,KQs,48,52,0,0,false,frame_001.00.png
12,UTG1,KJs,100,0,0,0,false,frame_001.00.png
12,UTG1,KTs,100,0,0,0,false,frame_001.00.png
12,UTG1,K9s,5,92,0,3,false,frame_001.00.png
12,UTG1,K8s,0,0,0,100,false,frame_001.00.png
12,UTG1,K7s,0,0,0,100,false,frame_001.00.png
12,UTG1,K6s,0,0,0,100,false,frame_001.00.png
12,UTG1,K5s,0,0,0,100,false,frame_001.00.png
12,UTG1,K4s,0,0,0,100,false,frame_001.00.png
12,UTG1,K3s,0,0,0,100,false,frame_001.00.png
12,UTG1,K2s,0,0,0,100,false,frame_001.00.png
12,UTG1,AQo,100,0,0,0,false,frame_001.00.png
12,UTG1,KQo,76,24,0,0,false,frame_001.00.png
12,UTG1,QQ,3,97,0,0,false,frame_001.00.png
12,UTG1,QJs,100,0,0,0,false,frame_001.00.png
12,UTG1,QTs,100,0,0,0,false,frame_001.00.png
12,UTG1,Q9s,3,33,0,64,true,frame_001.00.png
12,UTG1,Q8s,0,0,0,100,false,frame_001.00.png
12,UTG1,Q7s,0,0,0,100,false,frame_001.00.png
12,UTG1,Q6s,0,0,0,100,false,frame_001.00.png
12,UTG1,Q5s,0,0,0,100,false,frame_001.00.png
12,UTG1,Q4s,0,0,0,100,false,frame_001.00.png
12,UTG1,Q3s,0,0,0,100,false,frame_001.00.png
12,UTG1,Q2s,0,0,0,100,false,frame_001.00.png
12,UTG1,AJo,100,0,0,0,false,frame_001.00.png
12,UTG1,KJo,2,83,0,15,false,frame_001.00.png
12,UTG1,QJo,4,54,0,42,true,frame_001.00.png
12,UTG1,JJ,0,100,0,0,false,frame_001.00.png
12,UTG1,JTs,100,0,0,0,false,frame_001.00.png
12,UTG1,J9s,0,0,0,100,false,frame_001.00.png
12,UTG1,J8s,0,0,0,100,false,frame_001.00.png
12,UTG1,J7s,0,0,0,100,false,frame_001.00.png
12,UTG1,J6s,0,0,0,100,false,frame_001.00.png
12,UTG1,J5s,0,0,0,100,false,frame_001.00.png
12,UTG1,J4s,0,0,0,100,false,frame_001.00.png
12,UTG1,J3s,0,0,0,100,false,frame_001.00.png
12,UTG1,J2s,0,0,0,100,false,frame_001.00.png
12,UTG1,ATo,2,98,0,0,false,frame_001.00.png
12,UTG1,KTo,0,0,0,100,false,frame_001.00.png
12,UTG1,QTo,0,0,0,100,false,frame_001.00.png
12,UTG1,JTo,0,0,0,100,false,frame_001.00.png
12,UTG1,TT,0,100,0,0,false,frame_001.00.png
12,UTG1,T9s,0,0,0,100,false,frame_001.00.png
12,UTG1,T8s,0,0,0,100,false,frame_001.00.png
12,UTG1,T7s,0,0,0,100,false,frame_001.00.png
12,UTG1,T6s,0,0,0,100,false,frame_001.00.png
12,UTG1,T5s,0,0,0,100,false,frame_001.00.png
12,UTG1,T4s,0,0,0,100,false,frame_001.00.png
12,UTG1,T3s,0,0,0,100,false,frame_001.00.png
12,UTG1,T2s,0,0,0,100,false,frame_001.00.png
12,UTG1,A9o,3,28,0,69,true,frame_001.00.png
12,UTG1,K9o,0,0,0,100,false,frame_001.00.png
12,UTG1,Q9o,0,0,0,100,false,frame_001.00.png
12,UTG1,J9o,0,0,0,100,false,frame_001.00.png
12,UTG1,T9o,0,0,0,100,false,frame_001.00.png
12,UTG1,99,93,7,0,0,false,frame_001.00.png
12,UTG1,98s,0,0,0,100,false,frame_001.00.png
12,UTG1,97s,0,0,0,100,false,frame_001.00.png
12,UTG1,96s,0,0,0,100,false,frame_001.00.png
12,UTG1,95s,0,0,0,100,false,frame_001.00.png
12,UTG1,94s,0,0,0,100,false,frame_001.00.png
12,UTG1,93s,0,0,0,100,false,frame_001.00.png
12,UTG1,92s,0,0,0,100,false,frame_001.00.png
12,UTG1,A8o,0,0,0,100,false,frame_001.00.png
12,UTG1,K8o,0,0,0,100,false,frame_001.00.png
12,UTG1,Q8o,0,0,0,100,false,frame_001.00.png
12,UTG1,J8o,0,0,0,100,false,frame_001.00.png
12,UTG1,T8o,0,0,0,100,false,frame_001.00.png
12,UTG1,98o,0,0,0,100,false,frame_001.00.png
12,UTG1,88,88,12,0,0,false,frame_001.00.png
12,UTG1,87s,0,0,0,100,false,frame_001.00.png
12,UTG1,86s,0,0,0,100,false,frame_001.00.png
12,UTG1,85s,0,0,0,100,false,frame_001.00.png
12,UTG1,84s,0,0,0,100,false,frame_001.00.png
12,UTG1,83s,0,0,0,100,false,frame_001.00.png
12,UTG1,82s,0,0,0,100,false,frame_001.00.png
12,UTG1,A7o,0,0,0,100,false,frame_001.00.png
12,UTG1,K7o,0,0,0,100,false,frame_001.00.png
12,UTG1,Q7o,0,0,0,100,false,frame_001.00.png
12,UTG1,J7o,0,0,0,100,false,frame_001.00.png
12,UTG1,T7o,0,0,0,100,false,frame_001.00.png
12,UTG1,97o,0,0,0,100,false,frame_001.00.png
12,UTG1,87o,0,0,0,100,false,frame_001.00.png
12,UTG1,77,100,0,0,0,false,frame_001.00.png
12,UTG1,76s,0,0,0,100,false,frame_001.00.png
12,UTG1,75s,0,0,0,100,false,frame_001.00.png
12,UTG1,74s,0,0,0,100,false,frame_001.00.png
12,UTG1,73s,0,0,0,100,false,frame_001.00.png
12,UTG1,72s,0,0,0,100,false,frame_001.00.png
12,UTG1,A6o,0,0,0,100,false,frame_001.00.png
12,UTG1,K6o,0,0,0,100,false,frame_001.00.png
12,UTG1,Q6o,0,0,0,100,false,frame_001.00.png
12,UTG1,J6o,0,0,0,100,false,frame_001.00.png
12,UTG1,T6o,0,0,0,100,false,frame_001.00.png
12,UTG1,96o,0,0,0,100,false,frame_001.00.png
12,UTG1,86o,0,0,0,100,false,frame_001.00.png
12,UTG1,76o,0,0,0,100,false,frame_001.00.png
12,UTG1,66,43,57,0,0,false,frame_001.00.png
12,UTG1,65s,0,0,0,100,false,frame_001.00.png
12,UTG1,64s,0,0,0,100,false,frame_001.00.png
12,UTG1,63s,0,0,0,100,false,frame_001.00.png
12,UTG1,62s,0,0,0,100,false,frame_001.00.png
12,UTG1,A5o,0,0,0,100,false,frame_001.00.png
12,UTG1,K5o,0,0,0,100,false,frame_001.00.png
12,UTG1,Q5o,0,0,0,100,false,frame_001.00.png
12,UTG1,J5o,0,0,0,100,false,frame_001.00.png
12,UTG1,T5o,0,0,0,100,false,frame_001.00.png
12,UTG1,95o,0,0,0,100,false,frame_001.00.png
12,UTG1,85o,0,0,0,100,false,frame_001.00.png
12,UTG1,75o,0,0,0,100,false,frame_001.00.png
12,UTG1,65o,0,0,0,100,false,frame_001.00.png
12,UTG1,55,85,15,0,0,false,frame_001.00.png
12,UTG1,54s,0,0,0,100,false,frame_001.00.png
12,UTG1,53s,0,0,0,100,false,frame_001.00.png
12,UTG1,52s,0,0,0,100,false,frame_001.00.png
12,UTG1,A4o,0,0,0,100,false,frame_001.00.png
12,UTG1,K4o,0,0,0,100,false,frame_001.00.png
12,UTG1,Q4o,0,0,0,100,false,frame_001.00.png
12,UTG1,J4o,0,0,0,100,false,frame_001.00.png
12,UTG1,T4o,0,0,0,100,false,frame_001.00.png
12,UTG1,94o,0,0,0,100,false,frame_001.00.png
12,UTG1,84o,0,0,0,100,false,frame_001.00.png
12,UTG1,74o,0,0,0,100,false,frame_001.00.png
12,UTG1,64o,0,0,0,100,false,frame_001.00.png
12,UTG1,54o,0,0,0,100,false,frame_001.00.png
12,UTG1,44,0,0,0,100,false,frame_001.00.png
12,UTG1,43s,0,0,0,100,false,frame_001.00.png
12,UTG1,42s,0,0,0,100,false,frame_001.00.png
12,UTG1,A3o,0,0,0,100,false,frame_001.00.png
12,UTG1,K3o,0,0,0,100,false,frame_001.00.png
12,UTG1,Q3o,0,0,0,100,false,frame_001.00.png
12,UTG1,J3o,0,0,0,100,false,frame_001.00.png
12,UTG1,T3o,0,0,0,100,false,frame_001.00.png
12,UTG1,93o,0,0,0,100,false,frame_001.00.png
12,UTG1,83o,0,0,0,100,false,frame_001.00.png
12,UTG1,73o,0,0,0,100,false,frame_001.00.png
12,UTG1,63o,0,0,0,100,false,frame_001.00.png
12,UTG1,53o,0,0,0,100,false,frame_001.00.png
12,UTG1,43o,0,0,0,100,false,frame_001.00.png
12,UTG1,33,0,0,0,100,false,frame_001.00.png
12,UTG1,32s,0,0,0,100,false,frame_001.00.png
12,UTG1,A2o,0,0,0,100,false,frame_001.00.png
12,UTG1,K2o,0,0,0,100,false,frame_001.00.png
12,UTG1,Q2o,0,0,0,100,false,frame_001.00.png
12,UTG1,J2o,0,0,0,100,false,frame_001.00.png
12,UTG1,T2o,0,0,0,100,false,frame_001.00.png
12,UTG1,92o,0,0,0,100,false,frame_001.00.png
12,UTG1,82o,0,0,0,100,false,frame_001.00.png
12,UTG1,72o,0,0,0,100,false,frame_001.00.png
12,UTG1,62o,0,0,0,100,false,frame_001.00.png
12,UTG1,52o,0,0,0,100,false,frame_001.00.png
12,UTG1,42o,0,0,0,100,false,frame_001.00.png
12,UTG1,32o,0,0,0,100,false,frame_001.00.png
12,UTG1,22,0,0,0,100,false,frame_001.00.png
12,LJ,AA,3,97,0,0,false,frame_005.00.png
12,LJ,AKs,3,97,0,0,false,frame_005.00.png
12,LJ,AQs,3,97,0,0,false,frame_005.00.png
12,LJ,AJs,100,0,0,0,false,frame_005.00.png
12,LJ,ATs,2,98,0,0,false,frame_005.00.png
12,LJ,A9s,100,0,0,0,false,frame_005.00.png
12,LJ,A8s,30,70,0,0,false,frame_005.00.png
12,LJ,A7s,40,60,0,0,false,frame_005.00.png
12,LJ,A6s,34,66,0,0,false,frame_005.00.png
12,LJ,A5s,100,0,0,0,false,frame_005.00.png
12,LJ,A4s,100,0,0,0,false,frame_005.00.png
12,LJ,A3s,79,21,0,0,false,frame_005.00.png
12,LJ,A2s,2,98,0,0,false,frame_005.00.png
12,LJ,AKo,95,5,0,0,false,frame_005.00.png
12,LJ,KK,0,100,0,0,false,frame_005.00.png
12,LJ,KQs,92,8,0,0,false,frame_005.00.png
12,LJ,KJs,100,0,0,0,false,frame_005.00.png
12,LJ,KTs,100,0,0,0,false,frame_005.00.png
12,LJ,K9s,91,9,0,0,false,frame_005.00.png
12,LJ,K8s,0,0,0,100,false,frame_005.00.png
12,LJ,K7s,0,0,0,100,false,frame_005.00.png
12,LJ,K6s,0,0,0,100,false,frame_005.00.png
12,LJ,K5s,0,0,0,100,false,frame_005.00.png
12,LJ,K4s,0,0,0,100,false,frame_005.00.png
12,LJ,K3s,0,0,0,100,false,frame_005.00.png
12,LJ,K2s,0,0,0,100,false,frame_005.00.png
12,LJ,AQo,100,0,0,0,false,frame_005.00.png
12,LJ,KQo,100,0,0,0,false,frame_005.00.png
12,LJ,QQ,3,97,0,0,false,frame_005.00.png
12,LJ,QJs,100,0,0,0,false,frame_005.00.png
12,LJ,QTs,100,0,0,0,false,frame_005.00.png
12,LJ,Q9s,45,55,0,0,false,frame_005.00.png
12,LJ,Q8s,0,0,0,100,false,frame_005.00.png
12,LJ,Q7s,0,0,0,100,false,frame_005.00.png
12,LJ,Q6s,0,0,0,100,false,frame_005.00.png
12,LJ,Q5s,0,0,0,100,false,frame_005.00.png
12,LJ,Q4s,0,0,0,100,false,frame_005.00.png
12,LJ,Q3s,0,0,0,100,false,frame_005.00.png
12,LJ,Q2s,0,0,0,100,false,frame_005.00.png
12,LJ,AJo,100,0,0,0,false,frame_005.00.png
12,LJ,KJo,63,37,0,0,false,frame_005.00.png
12,LJ,QJo,4,84,0,12,false,frame_005.00.png
12,LJ,JJ,0,100,0,0,false,frame_005.00.png
12,LJ,JTs,100,0,0,0,false,frame_005.00.png
12,LJ,J9s,100,0,0,0,false,frame_005.00.png
12,LJ,J8s,0,0,0,100,false,frame_005.00.png
12,LJ,J7s,0,0,0,100,false,frame_005.00.png
12,LJ,J6s,0,0,0,100,false,frame_005.00.png
12,LJ,J5s,0,0,0,100,false,frame_005.00.png
12,LJ,J4s,0,0,0,100,false,frame_005.00.png
12,LJ,J3s,0,0,0,100,false,frame_005.00.png
12,LJ,J2s,0,0,0,100,false,frame_005.00.png
12,LJ,ATo,100,0,0,0,false,frame_005.00.png
12,LJ,KTo,2,81,0,17,false,frame_005.00.png
12,LJ,QTo,0,0,0,100,false,frame_005.00.png
12,LJ,JTo,0,0,0,100,false,frame_005.00.png
12,LJ,TT,14,86,0,0,false,frame_005.00.png
12,LJ,T9s,100,0,0,0,false,frame_005.00.png
12,LJ,T8s,0,0,0,100,false,frame_005.00.png
12,LJ,T7s,0,0,0,100,false,frame_005.00.png
12,LJ,T6s,0,0,0,100,false,frame_005.00.png
12,LJ,T5s,0,0,0,100,false,frame_005.00.png
12,LJ,T4s,0,0,0,100,false,frame_005.00.png
12,LJ,T3s,0,0,0,100,false,frame_005.00.png
12,LJ,T2s,0,0,0,100,false,frame_005.00.png
12,LJ,A9o,58,42,0,0,false,frame_005.00.png
12,LJ,K9o,0,0,0,100,false,frame_005.00.png
12,LJ,Q9o,0,0,0,100,false,frame_005.00.png
12,LJ,J9o,0,0,0,100,false,frame_005.00.png
12,LJ,T9o,0,0,0,100,false,frame_005.00.png
12,LJ,99,100,0,0,0,false,frame_005.00.png
12,LJ,98s,0,0,0,100,false,frame_005.00.png
12,LJ,97s,0,0,0,100,false,frame_005.00.png
12,LJ,96s,0,0,0,100,false,frame_005.00.png
12,LJ,95s,0,0,0,100,false,frame_005.00.png
12,LJ,94s,0,0,0,100,false,frame_005.00.png
12,LJ,93s,0,0,0,100,false,frame_005.00.png
12,LJ,92s,0,0,0,100,false,frame_005.00.png
12,LJ,A8o,3,94,0,3,false,frame_005.00.png
12,LJ,K8o,0,0,0,100,false,frame_005.00.png
12,LJ,Q8o,0,0,0,100,false,frame_005.00.png
12,LJ,J8o,0,0,0,100,false,frame_005.00.png
12,LJ,T8o,0,0,0,100,false,frame_005.00.png
12,LJ,98o,0,0,0,100,false,frame_005.00.png
12,LJ,88,100,0,0,0,false,frame_005.00.png
12,LJ,87s,0,0,0,100,false,frame_005.00.png
12,LJ,86s,0,0,0,100,false,frame_005.00.png
12,LJ,85s,0,0,0,100,false,frame_005.00.png
12,LJ,84s,0,0,0,100,false,frame_005.00.png
12,LJ,83s,0,0,0,100,false,frame_005.00.png
12,LJ,82s,0,0,0,100,false,frame_005.00.png
12,LJ,A7o,0,17,0,83,false,frame_005.00.png
12,LJ,K7o,0,0,0,100,false,frame_005.00.png
12,LJ,Q7o,0,0,0,100,false,frame_005.00.png
12,LJ,J7o,0,0,0,100,false,frame_005.00.png
12,LJ,T7o,0,0,0,100,false,frame_005.00.png
12,LJ,97o,0,0,0,100,false,frame_005.00.png
12,LJ,87o,0,0,0,100,false,frame_005.00.png
12,LJ,77,100,0,0,0,false,frame_005.00.png
12,LJ,76s,0,0,0,100,false,frame_005.00.png
12,LJ,75s,0,0,0,100,false,frame_005.00.png
12,LJ,74s,0,0,0,100,false,frame_005.00.png
12,LJ,73s,0,0,0,100,false,frame_005.00.png
12,LJ,72s,0,0,0,100,false,frame_005.00.png
12,LJ,A6o,0,0,0,100,false,frame_005.00.png
12,LJ,K6o,0,0,0,100,false,frame_005.00.png
12,LJ,Q6o,0,0,0,100,false,frame_005.00.png
12,LJ,J6o,0,0,0,100,false,frame_005.00.png
12,LJ,T6o,0,0,0,100,false,frame_005.00.png
12,LJ,96o,0,0,0,100,false,frame_005.00.png
12,LJ,86o,0,0,0,100,false,frame_005.00.png
12,LJ,76o,0,0,0,100,false,frame_005.00.png
12,LJ,66,100,0,0,0,false,frame_005.00.png
12,LJ,65s,0,0,0,100,false,frame_005.00.png
12,LJ,64s,0,0,0,100,false,frame_005.00.png
12,LJ,63s,0,0,0,100,false,frame_005.00.png
12,LJ,62s,0,0,0,100,false,frame_005.00.png
12,LJ,A5o,0,20,0,80,false,frame_005.00.png
12,LJ,K5o,0,0,0,100,false,frame_005.00.png
12,LJ,Q5o,0,0,0,100,false,frame_005.00.png
12,LJ,J5o,0,0,0,100,false,frame_005.00.png
12,LJ,T5o,0,0,0,100,false,frame_005.00.png
12,LJ,95o,0,0,0,100,false,frame_005.00.png
12,LJ,85o,0,0,0,100,false,frame_005.00.png
12,LJ,75o,0,0,0,100,false,frame_005.00.png
12,LJ,65o,0,0,0,100,false,frame_005.00.png
12,LJ,55,83,17,0,0,false,frame_005.00.png
12,LJ,54s,0,0,0,100,false,frame_005.00.png
12,LJ,53s,0,0,0,100,false,frame_005.00.png
12,LJ,52s,0,0,0,100,false,frame_005.00.png
12,LJ,A4o,0,0,0,100,false,frame_005.00.png
12,LJ,K4o,0,0,0,100,false,frame_005.00.png
12,LJ,Q4o,0,0,0,100,false,frame_005.00.png
12,LJ,J4o,0,0,0,100,false,frame_005.00.png
12,LJ,T4o,0,0,0,100,false,frame_005.00.png
12,LJ,94o,0,0,0,100,false,frame_005.00.png
12,LJ,84o,0,0,0,100,false,frame_005.00.png
12,LJ,74o,0,0,0,100,false,frame_005.00.png
12,LJ,64o,0,0,0,100,false,frame_005.00.png
12,LJ,54o,0,0,0,100,false,frame_005.00.png
12,LJ,44,84,16,0,0,false,frame_005.00.png
12,LJ,43s,0,0,0,100,false,frame_005.00.png
12,LJ,42s,0,0,0,100,false,frame_005.00.png
12,LJ,A3o,0,0,0,100,false,frame_005.00.png
12,LJ,K3o,0,0,0,100,false,frame_005.00.png
12,LJ,Q3o,0,0,0,100,false,frame_005.00.png
12,LJ,J3o,0,0,0,100,false,frame_005.00.png
12,LJ,T3o,0,0,0,100,false,frame_005.00.png
12,LJ,93o,0,0,0,100,false,frame_005.00.png
12,LJ,83o,0,0,0,100,false,frame_005.00.png
12,LJ,73o,0,0,0,100,false,frame_005.00.png
12,LJ,63o,0,0,0,100,false,frame_005.00.png
12,LJ,53o,0,0,0,100,false,frame_005.00.png
12,LJ,43o,0,0,0,100,false,frame_005.00.png
12,LJ,33,100,0,0,0,false,frame_005.00.png
12,LJ,32s,0,0,0,100,false,frame_005.00.png
12,LJ,A2o,0,0,0,100,false,frame_005.00.png
12,LJ,K2o,0,0,0,100,false,frame_005.00.png
12,LJ,Q2o,0,0,0,100,false,frame_005.00.png
12,LJ,J2o,0,0,0,100,false,frame_005.00.png
12,LJ,T2o,0,0,0,100,false,frame_005.00.png
12,LJ,92o,0,0,0,100,false,frame_005.00.png
12,LJ,82o,0,0,0,100,false,frame_005.00.png
12,LJ,72o,0,0,0,100,false,frame_005.00.png
12,LJ,62o,0,0,0,100,false,frame_005.00.png
12,LJ,52o,0,0,0,100,false,frame_005.00.png
12,LJ,42o,0,0,0,100,false,frame_005.00.png
12,LJ,32o,0,0,0,100,false,frame_005.00.png
12,LJ,22,0,0,0,100,false,frame_005.00.png
12,HJ,AA,3,97,0,0,false,frame_007.00.png
12,HJ,AKs,3,97,0,0,false,frame_007.00.png
12,HJ,AQs,3,97,0,0,false,frame_007.00.png
12,HJ,AJs,90,10,0,0,false,frame_007.00.png
12,HJ,ATs,100,0,0,0,false,frame_007.00.png
12,HJ,A9s,4,96,0,0,false,frame_007.00.png
12,HJ,A8s,2,98,0,0,false,frame_007.00.png
12,HJ,A7s,100,0,0,0,false,frame_007.00.png
12,HJ,A6s,100,0,0,0,false,frame_007.00.png
12,HJ,A5s,100,0,0,0,false,frame_007.00.png
12,HJ,A4s,100,0,0,0,false,frame_007.00.png
12,HJ,A3s,100,0,0,0,false,frame_007.00.png
12,HJ,A2s,100,0,0,0,false,frame_007.00.png
12,HJ,AKo,97,3,0,0,false,frame_007.00.png
12,HJ,KK,0,100,0,0,false,frame_007.00.png
12,HJ,KQs,100,0,0,0,false,frame_007.00.png
12,HJ,KJs,100,0,0,0,false,frame_007.00.png
12,HJ,KTs,100,0,0,0,false,frame_007.00.png
12,HJ,K9s,100,0,0,0,false,frame_007.00.png
12,HJ,K8s,3,97,0,0,false,frame_007.00.png
12,HJ,K7s,0,0,0,100,false,frame_007.00.png
12,HJ,K6s,0,0,0,100,false,frame_007.00.png
12,HJ,K5s,0,0,0,100,false,frame_007.00.png
12,HJ,K4s,0,0,0,100,false,frame_007.00.png
12,HJ,K3s,0,0,0,100,false,frame_007.00.png
12,HJ,K2s,0,0,0,100,false,frame_007.00.png
12,HJ,AQo,100,0,0,0,false,frame_007.00.png
12,HJ,KQo,100,0,0,0,false,frame_007.00.png
12,HJ,QQ,3,97,0,0,false,frame_007.00.png
12,HJ,QJs,100,0,0,0,false,frame_007.00.png
12,HJ,QTs,100,0,0,0,false,frame_007.00.png
12,HJ,Q9s,100,0,0,0,false,frame_007.00.png
12,HJ,Q8s,0,18,0,82,false,frame_007.00.png
12,HJ,Q7s,0,0,0,100,false,frame_007.00.png
12,HJ,Q6s,0,0,0,100,false,frame_007.00.png
12,HJ,Q5s,0,0,0,100,false,frame_007.00.png
12,HJ,Q4s,0,0,0,100,false,frame_007.00.png
12,HJ,Q3s,0,0,0,100,false,frame_007.00.png
12,HJ,Q2s,0,0,0,100,false,frame_007.00.png
12,HJ,AJo,100,0,0,0,false,frame_007.00.png
12,HJ,KJo,100,0,0,0,false,frame_007.00.png
12,HJ,QJo,44,56,0,0,false,frame_007.00.png
12,HJ,JJ,0,100,0,0,false,frame_007.00.png
12,HJ,JTs,100,0,0,0,false,frame_007.00.png
12,HJ,J9s,100,0,0,0,false,frame_007.00.png
12,HJ,J8s,0,0,0,100,false,frame_007.00.png
12,HJ,J7s,0,0,0,100,false,frame_007.00.png
12,HJ,J6s,0,0,0,100,false,frame_007.00.png
12,HJ,J5s,0,0,0,100,false,frame_007.00.png
12,HJ,J4s,0,0,0,100,false,frame_007.00.png
12,HJ,J3s,0,0,0,100,false,frame_007.00.png
12,HJ,J2s,0,0,0,100,false,frame_007.00.png
12,HJ,ATo,100,0,0,0,false,frame_007.00.png
12,HJ,KTo,2,98,0,0,false,frame_007.00.png
12,HJ,QTo,2,39,0,59,true,frame_007.00.png
12,HJ,JTo,0,18,0,82,false,frame_007.00.png
12,HJ,TT,24,76,0,0,false,frame_007.00.png
12,HJ,T9s,100,0,0,0,false,frame_007.00.png
12,HJ,T8s,0,0,0,100,false,frame_007.00.png
12,HJ,T7s,0,0,0,100,false,frame_007.00.png
12,HJ,T6s,0,0,0,100,false,frame_007.00.png
12,HJ,T5s,0,0,0,100,false,frame_007.00.png
12,HJ,T4s,0,0,0,100,false,frame_007.00.png
12,HJ,T3s,0,0,0,100,false,frame_007.00.png
12,HJ,T2s,0,0,0,100,false,frame_007.00.png
12,HJ,A9o,100,0,0,0,false,frame_007.00.png
12,HJ,K9o,0,3,0,97,false,frame_007.00.png
12,HJ,Q9o,0,0,0,100,false,frame_007.00.png
12,HJ,J9o,0,0,0,100,false,frame_007.00.png
12,HJ,T9o,0,0,0,100,false,frame_007.00.png
12,HJ,99,100,0,0,0,false,frame_007.00.png
12,HJ,98s,0,0,0,100,false,frame_007.00.png
12,HJ,97s,0,0,0,100,false,frame_007.00.png
12,HJ,96s,0,0,0,100,false,frame_007.00.png
12,HJ,95s,0,0,0,100,false,frame_007.00.png
12,HJ,94s,0,0,0,100,false,frame_007.00.png
12,HJ,93s,0,0,0,100,false,frame_007.00.png
12,HJ,92s,0,0,0,100,false,frame_007.00.png
12,HJ,A8o,100,0,0,0,false,frame_007.00.png
12,HJ,K8o,0,0,0,100,false,frame_007.00.png
12,HJ,Q8o,0,0,0,100,false,frame_007.00.png
12,HJ,J8o,0,0,0,100,false,frame_007.00.png
12,HJ,T8o,0,0,0,100,false,frame_007.00.png
12,HJ,98o,0,0,0,100,false,frame_007.00.png
12,HJ,88,100,0,0,0,false,frame_007.00.png
12,HJ,87s,0,0,0,100,false,frame_007.00.png
12,HJ,86s,0,0,0,100,false,frame_007.00.png
12,HJ,85s,0,0,0,100,false,frame_007.00.png
12,HJ,84s,0,0,0,100,false,frame_007.00.png
12,HJ,83s,0,0,0,100,false,frame_007.00.png
12,HJ,82s,0,0,0,100,false,frame_007.00.png
12,HJ,A7o,35,65,0,0,false,frame_007.00.png
12,HJ,K7o,0,0,0,100,false,frame_007.00.png
12,HJ,Q7o,0,0,0,100,false,frame_007.00.png
12,HJ,J7o,0,0,0,100,false,frame_007.00.png
12,HJ,T7o,0,0,0,100,false,frame_007.00.png
12,HJ,97o,0,0,0,100,false,frame_007.00.png
12,HJ,87o,0,0,0,100,false,frame_007.00.png
12,HJ,77,100,0,0,0,false,frame_007.00.png
12,HJ,76s,0,0,0,100,false,frame_007.00.png
12,HJ,75s,0,0,0,100,false,frame_007.00.png
12,HJ,74s,0,0,0,100,false,frame_007.00.png
12,HJ,73s,0,0,0,100,false,frame_007.00.png
12,HJ,72s,0,0,0,100,false,frame_007.00.png
12,HJ,A6o,4,39,0,57,true,frame_007.00.png
12,HJ,K6o,0,0,0,100,false,frame_007.00.png
12,HJ,Q6o,0,0,0,100,false,frame_007.00.png
12,HJ,J6o,0,0,0,100,false,frame_007.00.png
12,HJ,T6o,0,0,0,100,false,frame_007.00.png
12,HJ,96o,0,0,0,100,false,frame_007.00.png
12,HJ,86o,0,0,0,100,false,frame_007.00.png
12,HJ,76o,0,0,0,100,false,frame_007.00.png
12,HJ,66,100,0,0,0,false,frame_007.00.png
12,HJ,65s,0,0,0,100,false,frame_007.00.png
12,HJ,64s,0,0,0,100,false,frame_007.00.png
12,HJ,63s,0,0,0,100,false,frame_007.00.png
12,HJ,62s,0,0,0,100,false,frame_007.00.png
12,HJ,A5o,3,87,0,10,false,frame_007.00.png
12,HJ,K5o,0,0,0,100,false,frame_007.00.png
12,HJ,Q5o,0,0,0,100,false,frame_007.00.png
12,HJ,J5o,0,0,0,100,false,frame_007.00.png
12,HJ,T5o,0,0,0,100,false,frame_007.00.png
12,HJ,95o,0,0,0,100,false,frame_007.00.png
12,HJ,85o,0,0,0,100,false,frame_007.00.png
12,HJ,75o,0,0,0,100,false,frame_007.00.png
12,HJ,65o,0,0,0,100,false,frame_007.00.png
12,HJ,55,100,0,0,0,false,frame_007.00.png
12,HJ,54s,0,0,0,100,false,frame_007.00.png
12,HJ,53s,0,0,0,100,false,frame_007.00.png
12,HJ,52s,0,0,0,100,false,frame_007.00.png
12,HJ,A4o,0,0,0,100,false,frame_007.00.png
12,HJ,K4o,0,0,0,100,false,frame_007.00.png
12,HJ,Q4o,0,0,0,100,false,frame_007.00.png
12,HJ,J4o,0,0,0,100,false,frame_007.00.png
12,HJ,T4o,0,0,0,100,false,frame_007.00.png
12,HJ,94o,0,0,0,100,false,frame_007.00.png
12,HJ,84o,0,0,0,100,false,frame_007.00.png
12,HJ,74o,0,0,0,100,false,frame_007.00.png
12,HJ,64o,0,0,0,100,false,frame_007.00.png
12,HJ,54o,0,0,0,100,false,frame_007.00.png
12,HJ,44,71,29,0,0,false,frame_007.00.png
12,HJ,43s,0,0,0,100,false,frame_007.00.png
12,HJ,42s,0,0,0,100,false,frame_007.00.png
12,HJ,A3o,0,0,0,100,false,frame_007.00.png
12,HJ,K3o,0,0,0,100,false,frame_007.00.png
12,HJ,Q3o,0,0,0,100,false,frame_007.00.png
12,HJ,J3o,0,0,0,100,false,frame_007.00.png
12,HJ,T3o,0,0,0,100,false,frame_007.00.png
12,HJ,93o,0,0,0,100,false,frame_007.00.png
12,HJ,83o,0,0,0,100,false,frame_007.00.png
12,HJ,73o,0,0,0,100,false,frame_007.00.png
12,HJ,63o,0,0,0,100,false,frame_007.00.png
12,HJ,53o,0,0,0,100,false,frame_007.00.png
12,HJ,43o,0,0,0,100,false,frame_007.00.png
12,HJ,33,100,0,0,0,false,frame_007.00.png
12,HJ,32s,0,0,0,100,false,frame_007.00.png
12,HJ,A2o,0,0,0,100,false,frame_007.00.png
12,HJ,K2o,0,0,0,100,false,frame_007.00.png
12,HJ,Q2o,0,0,0,100,false,frame_007.00.png
12,HJ,J2o,0,0,0,100,false,frame_007.00.png
12,HJ,T2o,0,0,0,100,false,frame_007.00.png
12,HJ,92o,0,0,0,100,false,frame_007.00.png
12,HJ,82o,0,0,0,100,false,frame_007.00.png
12,HJ,72o,0,0,0,100,false,frame_007.00.png
12,HJ,62o,0,0,0,100,false,frame_007.00.png
12,HJ,52o,0,0,0,100,false,frame_007.00.png
12,HJ,42o,0,0,0,100,false,frame_007.00.png
12,HJ,32o,0,0,0,100,false,frame_007.00.png
12,HJ,22,100,0,0,0,false,frame_007.00.png
12,CO,AA,100,0,0,0,false,frame_008.00.png
12,CO,AKs,100,0,0,0,false,frame_008.00.png
12,CO,AQs,100,0,0,0,false,frame_008.00.png
12,CO,AJs,100,0,0,0,false,frame_008.00.png
12,CO,ATs,100,0,0,0,false,frame_008.00.png
12,CO,A9s,100,0,0,0,false,frame_008.00.png
12,CO,A8s,100,0,0,0,false,frame_008.00.png
12,CO,A7s,100,0,0,0,false,frame_008.00.png
12,CO,A6s,100,0,0,0,false,frame_008.00.png
12,CO,A5s,100,0,0,0,false,frame_008.00.png
12,CO,A4s,100,0,0,0,false,frame_008.00.png
12,CO,A3s,100,0,0,0,false,frame_008.00.png
12,CO,A2s,100,0,0,0,false,frame_008.00.png
12,CO,AKo,100,0,0,0,false,frame_008.00.png
12,CO,KK,100,0,0,0,false,frame_008.00.png
12,CO,KQs,100,0,0,0,false,frame_008.00.png
12,CO,KJs,100,0,0,0,false,frame_008.00.png
12,CO,KTs,100,0,0,0,false,frame_008.00.png
12,CO,K9s,100,0,0,0,false,frame_008.00.png
12,CO,K8s,100,0,0,0,false,frame_008.00.png
12,CO,K7s,0,0,0,100,false,frame_008.00.png
12,CO,K6s,0,0,0,100,false,frame_008.00.png
12,CO,K5s,0,0,0,100,false,frame_008.00.png
12,CO,K4s,0,0,0,100,false,frame_008.00.png
12,CO,K3s,0,0,0,100,false,frame_008.00.png
12,CO,K2s,0,0,0,100,false,frame_008.00.png
12,CO,AQo,100,0,0,0,false,frame_008.00.png
12,CO,KQo,100,0,0,0,false,frame_008.00.png
12,CO,QQ,100,0,0,0,false,frame_008.00.png
12,CO,QJs,100,0,0,0,false,frame_008.00.png
12,CO,QTs,100,0,0,0,false,frame_008.00.png
12,CO,Q9s,100,0,0,0,false,frame_008.00.png
12,CO,Q8s,19,0,0,81,false,frame_008.00.png
12,CO,Q7s,0,0,0,100,false,frame_008.00.png
12,CO,Q6s,0,0,0,100,false,frame_008.00.png
12,CO,Q5s,0,0,0,100,false,frame_008.00.png
12,CO,Q4s,0,0,0,100,false,frame_008.00.png
12,CO,Q3s,0,0,0,100,false,frame_008.00.png
12,CO,Q2s,0,0,0,100,false,frame_008.00.png
12,CO,AJo,100,0,0,0,false,frame_008.00.png
12,CO,KJo,100,0,0,0,false,frame_008.00.png
12,CO,QJo,100,0,0,0,false,frame_008.00.png
12,CO,JJ,100,0,0,0,false,frame_008.00.png
12,CO,JTs,100,0,0,0,false,frame_008.00.png
12,CO,J9s,100,0,0,0,false,frame_008.00.png
12,CO,J8s,0,0,0,100,false,frame_008.00.png
12,CO,J7s,0,0,0,100,false,frame_008.00.png
12,CO,J6s,0,0,0,100,false,frame_008.00.png
12,CO,J5s,0,0,0,100,false,frame_008.00.png
12,CO,J4s,0,0,0,100,false,frame_008.00.png
12,CO,J3s,0,0,0,100,false,frame_008.00.png
12,CO,J2s,0,0,0,100,false,frame_008.00.png
12,CO,ATo,100,0,0,0,false,frame_008.00.png
12,CO,KTo,100,0,0,0,false,frame_008.00.png
12,CO,QTo,42,0,0,58,true,frame_008.00.png
12,CO,JTo,18,0,0,82,false,frame_008.00.png
12,CO,TT,100,0,0,0,false,frame_008.00.png
12,CO,T9s,100,0,0,0,false,frame_008.00.png
12,CO,T8s,0,0,0,100,false,frame_008.00.png
12,CO,T7s,0,0,0,100,false,frame_008.00.png
12,CO,T6s,0,0,0,100,false,frame_008.00.png
12,CO,T5s,0,0,0,100,false,frame_008.00.png
12,CO,T4s,0,0,0,100,false,frame_008.00.png
12,CO,T3s,0,0,0,100,false,frame_008.00.png
12,CO,T2s,0,0,0,100,false,frame_008.00.png
12,CO,A9o,100,0,0,0,false,frame_008.00.png
12,CO,K9o,3,0,0,97,false,frame_008.00.png
12,CO,Q9o,0,0,0,100,false,frame_008.00.png
12,CO,J9o,0,0,0,100,false,frame_008.00.png
12,CO,T9o,0,0,0,100,false,frame_008.00.png
12,CO,99,100,0,0,0,false,frame_008.00.png
12,CO,98s,0,0,0,100,false,frame_008.00.png
12,CO,97s,0,0,0,100,false,frame_008.00.png
12,CO,96s,0,0,0,100,false,frame_008.00.png
12,CO,95s,0,0,0,100,false,frame_008.00.png
12,CO,94s,0,0,0,100,false,frame_008.00.png
12,CO,93s,0,0,0,100,false,frame_008.00.png
12,CO,92s,0,0,0,100,false,frame_008.00.png
12,CO,A8o,100,0,0,0,false,frame_008.00.png
12,CO,K8o,0,0,0,100,false,frame_008.00.png
12,CO,Q8o,0,0,0,100,false,frame_008.00.png
12,CO,J8o,0,0,0,100,false,frame_008.00.png
12,CO,T8o,0,0,0,100,false,frame_008.00.png
12,CO,98o,0,0,0,100,false,frame_008.00.png
12,CO,88,100,0,0,0,false,frame_008.00.png
12,CO,87s,0,0,0,100,false,frame_008.00.png
12,CO,86s,0,0,0,100,false,frame_008.00.png
12,CO,85s,0,0,0,100,false,frame_008.00.png
12,CO,84s,0,0,0,100,false,frame_008.00.png
12,CO,83s,0,0,0,100,false,frame_008.00.png
12,CO,82s,0,0,0,100,false,frame_008.00.png
12,CO,A7o,100,0,0,0,false,frame_008.00.png
12,CO,K7o,0,0,0,100,false,frame_008.00.png
12,CO,Q7o,0,0,0,100,false,frame_008.00.png
12,CO,J7o,0,0,0,100,false,frame_008.00.png
12,CO,T7o,0,0,0,100,false,frame_008.00.png
12,CO,97o,0,0,0,100,false,frame_008.00.png
12,CO,87o,0,0,0,100,false,frame_008.00.png
12,CO,77,100,0,0,0,false,frame_008.00.png
12,CO,76s,0,0,0,100,false,frame_008.00.png
12,CO,75s,0,0,0,100,false,frame_008.00.png
12,CO,74s,0,0,0,100,false,frame_008.00.png
12,CO,73s,0,0,0,100,false,frame_008.00.png
12,CO,72s,0,0,0,100,false,frame_008.00.png
12,CO,A6o,43,0,0,57,true,frame_008.00.png
12,CO,K6o,0,0,0,100,false,frame_008.00.png
12,CO,Q6o,0,0,0,100,false,frame_008.00.png
12,CO,J6o,0,0,0,100,false,frame_008.00.png
12,CO,T6o,0,0,0,100,false,frame_008.00.png
12,CO,96o,0,0,0,100,false,frame_008.00.png
12,CO,86o,0,0,0,100,false,frame_008.00.png
12,CO,76o,0,0,0,100,false,frame_008.00.png
12,CO,66,100,0,0,0,false,frame_008.00.png
12,CO,65s,0,0,0,100,false,frame_008.00.png
12,CO,64s,0,0,0,100,false,frame_008.00.png
12,CO,63s,0,0,0,100,false,frame_008.00.png
12,CO,62s,0,0,0,100,false,frame_008.00.png
12,CO,A5o,90,0,0,10,false,frame_008.00.png
12,CO,K5o,0,0,0,100,false,frame_008.00.png
12,CO,Q5o,0,0,0,100,false,frame_008.00.png
12,CO,J5o,0,0,0,100,false,frame_008.00.png
12,CO,T5o,0,0,0,100,false,frame_008.00.png
12,CO,95o,0,0,0,100,false,frame_008.00.png
12,CO,85o,0,0,0,100,false,frame_008.00.png
12,CO,75o,0,0,0,100,false,frame_008.00.png
12,CO,65o,0,0,0,100,false,frame_008.00.png
12,CO,55,100,0,0,0,false,frame_008.00.png
12,CO,54s,0,0,0,100,false,frame_008.00.png
12,CO,53s,0,0,0,100,false,frame_008.00.png
12,CO,52s,0,0,0,100,false,frame_008.00.png
12,CO,A4o,0,0,0,100,false,frame_008.00.png
12,CO,K4o,0,0,0,100,false,frame_008.00.png
12,CO,Q4o,0,0,0,100,false,frame_008.00.png
12,CO,J4o,0,0,0,100,false,frame_008.00.png
12,CO,T4o,0,0,0,100,false,frame_008.00.png
12,CO,94o,0,0,0,100,false,frame_008.00.png
12,CO,84o,0,0,0,100,false,frame_008.00.png
12,CO,74o,0,0,0,100,false,frame_008.00.png
12,CO,64o,0,0,0,100,false,frame_008.00.png
12,CO,54o,0,0,0,100,false,frame_008.00.png
12,CO,44,100,0,0,0,false,frame_008.00.png
12,CO,43s,0,0,0,100,false,frame_008.00.png
12,CO,42s,0,0,0,100,false,frame_008.00.png
12,CO,A3o,0,0,0,100,false,frame_008.00.png
12,CO,K3o,0,0,0,100,false,frame_008.00.png
12,CO,Q3o,0,0,0,100,false,frame_008.00.png
12,CO,J3o,0,0,0,100,false,frame_008.00.png
12,CO,T3o,0,0,0,100,false,frame_008.00.png
12,CO,93o,0,0,0,100,false,frame_008.00.png
12,CO,83o,0,0,0,100,false,frame_008.00.png
12,CO,73o,0,0,0,100,false,frame_008.00.png
12,CO,63o,0,0,0,100,false,frame_008.00.png
12,CO,53o,0,0,0,100,false,frame_008.00.png
12,CO,43o,0,0,0,100,false,frame_008.00.png
12,CO,33,100,0,0,0,false,frame_008.00.png
12,CO,32s,0,0,0,100,false,frame_008.00.png
12,CO,A2o,0,0,0,100,false,frame_008.00.png
12,CO,K2o,0,0,0,100,false,frame_008.00.png
12,CO,Q2o,0,0,0,100,false,frame_008.00.png
12,CO,J2o,0,0,0,100,false,frame_008.00.png
12,CO,T2o,0,0,0,100,false,frame_008.00.png
12,CO,92o,0,0,0,100,false,frame_008.00.png
12,CO,82o,0,0,0,100,false,frame_008.00.png
12,CO,72o,0,0,0,100,false,frame_008.00.png
12,CO,62o,0,0,0,100,false,frame_008.00.png
12,CO,52o,0,0,0,100,false,frame_008.00.png
12,CO,42o,0,0,0,100,false,frame_008.00.png
12,CO,32o,0,0,0,100,false,frame_008.00.png
12,CO,22,100,0,0,0,false,frame_008.00.png
12,BTN,AA,3,97,0,0,false,frame_009.00.png
12,BTN,AKs,3,97,0,0,false,frame_009.00.png
12,BTN,AQs,16,84,0,0,false,frame_009.00.png
12,BTN,AJs,55,45,0,0,false,frame_009.00.png
12,BTN,ATs,100,0,0,0,false,frame_009.00.png
12,BTN,A9s,100,0,0,0,false,frame_009.00.png
12,BTN,A8s,31,69,0,0,false,frame_009.00.png
12,BTN,A7s,33,67,0,0,false,frame_009.00.png
12,BTN,A6s,100,0,0,0,false,frame_009.00.png
12,BTN,A5s,100,0,0,0,false,frame_009.00.png
12,BTN,A4s,100,0,0,0,false,frame_009.00.png
12,BTN,A3s,100,0,0,0,false,frame_009.00.png
12,BTN,A2s,100,0,0,0,false,frame_009.00.png
12,BTN,AKo,100,0,0,0,false,frame_009.00.png
12,BTN,KK,0,100,0,0,false,frame_009.00.png
12,BTN,KQs,100,0,0,0,false,frame_009.00.png
12,BTN,KJs,100,0,0,0,false,frame_009.00.png
12,BTN,KTs,100,0,0,0,false,frame_009.00.png
12,BTN,K9s,100,0,0,0,false,frame_009.00.png
12,BTN,K8s,3,97,0,0,false,frame_009.00.png
12,BTN,K7s,0,100,0,0,false,frame_009.00.png
12,BTN,K6s,3,24,0,73,false,frame_009.00.png
12,BTN,K5s,2,17,0,81,false,frame_009.00.png
12,BTN,K4s,0,0,0,100,false,frame_009.00.png
12,BTN,K3s,0,0,0,100,false,frame_009.00.png
12,BTN,K2s,0,0,0,100,false,frame_009.00.png
12,BTN,AQo,100,0,0,0,false,frame_009.00.png
12,BTN,KQo,100,0,0,0,false,frame_009.00.png
12,BTN,QQ,3,97,0,0,false,frame_009.00.png
12,BTN,QJs,100,0,0,0,false,frame_009.00.png
12,BTN,QTs,100,0,0,0,false,frame_009.00.png
12,BTN,Q9s,100,0,0,0,false,frame_009.00.png
12,BTN,Q8s,3,65,0,32,true,frame_009.00.png
12,BTN,Q7s,0,0,0,100,false,frame_009.00.png
12,BTN,Q6s,0,0,0,100,false,frame_009.00.png
12,BTN,Q5s,0,0,0,100,false,frame_009.00.png
12,BTN,Q4s,0,0,0,100,false,frame_009.00.png
12,BTN,Q3s,0,0,0,100,false,frame_009.00.png
12,BTN,Q2s,0,0,0,100,false,frame_009.00.png
12,BTN,AJo,100,0,0,0,false,frame_009.00.png
12,BTN,KJo,100,0,0,0,false,frame_009.00.png
12,BTN,QJo,100,0,0,0,false,frame_009.00.png
12,BTN,JJ,0,100,0,0,false,frame_009.00.png
12,BTN,JTs,100,0,0,0,false,frame_009.00.png
12,BTN,J9s,100,0,0,0,false,frame_009.00.png
12,BTN,J8s,2,98,0,0,false,frame_009.00.png
12,BTN,J7s,0,0,0,100,false,frame_009.00.png
12,BTN,J6s,0,0,0,100,false,frame_009.00.png
12,BTN,J5s,0,0,0,100,false,frame_009.00.png
12,BTN,J4s,0,0,0,100,false,frame_009.00.png
12,BTN,J3s,0,0,0,100,false,frame_009.00.png
12,BTN,J2s,0,0,0,100,false,frame_009.00.png
12,BTN,ATo,100,0,0,0,false,frame_009.00.png
12,BTN,KTo,97,3,0,0,false,frame_009.00.png
12,BTN,QTo,21,79,0,0,false,frame_009.00.png
12,BTN,JTo,61,39,0,0,false,frame_009.00.png
12,BTN,TT,12,88,0,0,false,frame_009.00.png
12,BTN,T9s,100,0,0,0,false,frame_009.00.png
12,BTN,T8s,19,0,0,81,false,frame_009.00.png
12,BTN,T7s,0,0,0,100,false,frame_009.00.png
12,BTN,T6s,0,0,0,100,false,frame_009.00.png
12,BTN,T5s,0,0,0,100,false,frame_009.00.png
12,BTN,T4s,0,0,0,100,false,frame_009.00.png
12,BTN,T3s,0,0,0,100,false,frame_009.00.png
12,BTN,T2s,0,0,0,100,false,frame_009.00.png
12,BTN,A9o,100,0,0,0,false,frame_009.00.png
12,BTN,K9o,3,72,0,25,false,frame_009.00.png
12,BTN,Q9o,0,0,0,100,false,frame_009.00.png
12,BTN,J9o,0,0,0,100,false,frame_009.00.png
12,BTN,T9o,0,0,0,100,false,frame_009.00.png
12,BTN,99,100,0,0,0,false,frame_009.00.png
12,BTN,98s,100,0,0,0,false,frame_009.00.png
12,BTN,97s,0,0,0,100,false,frame_009.00.png
12,BTN,96s,0,0,0,100,false,frame_009.00.png
12,BTN,95s,0,0,0,100,false,frame_009.00.png
12,BTN,94s,0,0,0,100,false,frame_009.00.png
12,BTN,93s,0,0,0,100,false,frame_009.00.png
12,BTN,92s,0,0,0,100,false,frame_009.00.png
12,BTN,A8o,95,5,0,0,false,frame_009.00.png
12,BTN,K8o,0,0,0,100,false,frame_009.00.png
12,BTN,Q8o,0,0,0,100,false,frame_009.00.png
12,BTN,J8o,0,0,0,100,false,frame_009.00.png
12,BTN,T8o,0,0,0,100,false,frame_009.00.png
12,BTN,98o,0,0,0,100,false,frame_009.00.png
12,BTN,88,100,0,0,0,false,frame_009.00.png
12,BTN,87s,0,0,0,100,false,frame_009.00.png
12,BTN,86s,0,0,0,100,false,frame_009.00.png
12,BTN,85s,0,0,0,100,false,frame_009.00.png
12,BTN,84s,0,0,0,100,false,frame_009.00.png
12,BTN,83s,0,0,0,100,false,frame_009.00.png
12,BTN,82s,0,0,0,100,false,frame_009.00.png
12,BTN,A7o,100,0,0,0,false,frame_009.00.png
12,BTN,K7o,0,0,0,100,false,frame_009.00.png
12,BTN,Q7o,0,0,0,100,false,frame_009.00.png
12,BTN,J7o,0,0,0,100,false,frame_009.00.png
12,BTN,T7o,0,0,0,100,false,frame_009.00.png
12,BTN,97o,0,0,0,100,false,frame_009.00.png
12,BTN,87o,0,0,0,100,false,frame_009.00.png
12,BTN,77,100,0,0,0,false,frame_009.00.png
12,BTN,76s,0,0,0,100,false,frame_009.00.png
12,BTN,75s,0,0,0,100,false,frame_009.00.png
12,BTN,74s,0,0,0,100,false,frame_009.00.png
12,BTN,73s,0,0,0,100,false,frame_009.00.png
12,BTN,72s,0,0,0,100,false,frame_009.00.png
12,BTN,A6o,85,15,0,0,false,frame_009.00.png
12,BTN,K6o,0,0,0,100,false,frame_009.00.png
12,BTN,Q6o,0,0,0,100,false,frame_009.00.png
12,BTN,J6o,0,0,0,100,false,frame_009.00.png
12,BTN,T6o,0,0,0,100,false,frame_009.00.png
12,BTN,96o,0,0,0,100,false,frame_009.00.png
12,BTN,86o,0,0,0,100,false,frame_009.00.png
12,BTN,76o,0,0,0,100,false,frame_009.00.png
12,BTN,66,100,0,0,0,false,frame_009.00.png
12,BTN,65s,0,0,0,100,false,frame_009.00.png
12,BTN,64s,0,0,0,100,false,frame_009.00.png
12,BTN,63s,0,0,0,100,false,frame_009.00.png
12,BTN,62s,0,0,0,100,false,frame_009.00.png
12,BTN,A5o,100,0,0,0,false,frame_009.00.png
12,BTN,K5o,0,0,0,100,false,frame_009.00.png
12,BTN,Q5o,0,0,0,100,false,frame_009.00.png
12,BTN,J5o,0,0,0,100,false,frame_009.00.png
12,BTN,T5o,0,0,0,100,false,frame_009.00.png
12,BTN,95o,0,0,0,100,false,frame_009.00.png
12,BTN,85o,0,0,0,100,false,frame_009.00.png
12,BTN,75o,0,0,0,100,false,frame_009.00.png
12,BTN,65o,0,0,0,100,false,frame_009.00.png
12,BTN,55,100,0,0,0,false,frame_009.00.png
12,BTN,54s,0,0,0,100,false,frame_009.00.png
12,BTN,53s,0,0,0,100,false,frame_009.00.png
12,BTN,52s,0,0,0,100,false,frame_009.00.png
12,BTN,A4o,100,0,0,0,false,frame_009.00.png
12,BTN,K4o,0,0,0,100,false,frame_009.00.png
12,BTN,Q4o,0,0,0,100,false,frame_009.00.png
12,BTN,J4o,0,0,0,100,false,frame_009.00.png
12,BTN,T4o,0,0,0,100,false,frame_009.00.png
12,BTN,94o,0,0,0,100,false,frame_009.00.png
12,BTN,84o,0,0,0,100,false,frame_009.00.png
12,BTN,74o,0,0,0,100,false,frame_009.00.png
12,BTN,64o,0,0,0,100,false,frame_009.00.png
12,BTN,54o,0,0,0,100,false,frame_009.00.png
12,BTN,44,100,0,0,0,false,frame_009.00.png
12,BTN,43s,0,0,0,100,false,frame_009.00.png
12,BTN,42s,0,0,0,100,false,frame_009.00.png
12,BTN,A3o,78,22,0,0,false,frame_009.00.png
12,BTN,K3o,0,0,0,100,false,frame_009.00.png
12,BTN,Q3o,0,0,0,100,false,frame_009.00.png
12,BTN,J3o,0,0,0,100,false,frame_009.00.png
12,BTN,T3o,0,0,0,100,false,frame_009.00.png
12,BTN,93o,0,0,0,100,false,frame_009.00.png
12,BTN,83o,0,0,0,100,false,frame_009.00.png
12,BTN,73o,0,0,0,100,false,frame_009.00.png
12,BTN,63o,0,0,0,100,false,frame_009.00.png
12,BTN,53o,0,0,0,100,false,frame_009.00.png
12,BTN,43o,0,0,0,100,false,frame_009.00.png
12,BTN,33,100,0,0,0,false,frame_009.00.png
12,BTN,32s,0,0,0,100,false,frame_009.00.png
12,BTN,A2o,3,97,0,0,false,frame_009.00.png
12,BTN,K2o,0,0,0,100,false,frame_009.00.png
12,BTN,Q2o,0,0,0,100,false,frame_009.00.png
12,BTN,J2o,0,0,0,100,false,frame_009.00.png
12,BTN,T2o,0,0,0,100,false,frame_009.00.png
12,BTN,92o,0,0,0,100,false,frame_009.00.png
12,BTN,82o,0,0,0,100,false,frame_009.00.png
12,BTN,72o,0,0,0,100,false,frame_009.00.png
12,BTN,62o,0,0,0,100,false,frame_009.00.png
12,BTN,52o,0,0,0,100,false,frame_009.00.png
12,BTN,42o,0,0,0,100,false,frame_009.00.png
12,BTN,32o,0,0,0,100,false,frame_009.00.png
12,BTN,22,100,0,0,0,false,frame_009.00.png
12,SB,AA,3,97,0,0,false,frame_011.00.png
12,SB,AKs,3,97,0,0,false,frame_011.00.png
12,SB,AQs,3,97,0,0,false,frame_011.00.png
12,SB,AJs,2,98,0,0,false,frame_011.00.png
12,SB,ATs,56,44,0,0,false,frame_011.00.png
12,SB,A9s,100,0,0,0,false,frame_011.00.png
12,SB,A8s,56,44,0,0,false,frame_011.00.png
12,SB,A7s,100,0,0,0,false,frame_011.00.png
12,SB,A6s,47,53,0,0,false,frame_011.00.png
12,SB,A5s,97,3,0,0,false,frame_011.00.png
12,SB,A4s,100,0,0,0,false,frame_011.00.png
12,SB,A3s,100,0,0,0,false,frame_011.00.png
12,SB,A2s,100,0,0,0,false,frame_011.00.png
12,SB,AKo,100,0,0,0,false,frame_011.00.png
12,SB,KK,0,100,0,0,false,frame_011.00.png
12,SB,KQs,58,42,0,0,false,frame_011.00.png
12,SB,KJs,31,69,0,0,false,frame_011.00.png
12,SB,KTs,2,98,0,0,false,frame_011.00.png
12,SB,K9s,100,0,0,0,false,frame_011.00.png
12,SB,K8s,100,0,0,0,false,frame_011.00.png
12,SB,K7s,100,0,0,0,false,frame_011.00.png
12,SB,K6s,100,0,0,0,false,frame_011.00.png
12,SB,K5s,100,0,0,0,false,frame_011.00.png
12,SB,K4s,41,59,0,0,false,frame_011.00.png
12,SB,K3s,3,97,0,0,false,frame_011.00.png
12,SB,K2s,2,83,0,15,false,frame_011.00.png
12,SB,AQo,100,0,0,0,false,frame_011.00.png
12,SB,KQo,100,0,0,0,false,frame_011.00.png
12,SB,QQ,3,97,0,0,false,frame_011.00.png
12,SB,QJs,62,38,0,0,false,frame_011.00.png
12,SB,QTs,42,58,0,0,false,frame_011.00.png
12,SB,Q9s,100,0,0,0,false,frame_011.00.png
12,SB,Q8s,100,0,0,0,false,frame_011.00.png
12,SB,Q7s,2,98,0,0,false,frame_011.00.png
12,SB,Q6s,3,97,0,0,false,frame_011.00.png
12,SB,Q5s,3,97,0,0,false,frame_011.00.png
12,SB,Q4s,0,0,0,100,false,frame_011.00.png
12,SB,Q3s,0,0,0,100,false,frame_011.00.png
12,SB,Q2s,0,0,0,100,false,frame_011.00.png
12,SB,AJo,100,0,0,0,false,frame_011.00.png
12,SB,KJo,100,0,0,0,false,frame_011.00.png
12,SB,QJo,100,0,0,0,false,frame_011.00.png
12,SB,JJ,0,100,0,0,false,frame_011.00.png
12,SB,JTs,85,15,0,0,false,frame_011.00.png
12,SB,J9s,100,0,0,0,false,frame_011.00.png
12,SB,J8s,100,0,0,0,false,frame_011.00.png
12,SB,J7s,0,100,0,0,false,frame_011.00.png
12,SB,J6s,0,10,0,90,false,frame_011.00.png
12,SB,J5s,0,30,0,70,true,frame_011.00.png
12,SB,J4s,0,0,0,100,false,frame_011.00.png
12,SB,J3s,0,0,0,100,false,frame_011.00.png
12,SB,J2s,0,0,0,100,false,frame_011.00.png
12,SB,ATo,100,0,0,0,false,frame_011.00.png
12,SB,KTo,100,0,0,0,false,frame_011.00.png
12,SB,QTo,100,0,0,0,false,frame_011.00.png
12,SB,JTo,100,0,0,0,false,frame_011.00.png
12,SB,TT,0,100,0,0,false,frame_011.00.png
12,SB,T9s,100,0,0,0,false,frame_011.00.png
12,SB,T8s,100,0,0,0,false,frame_011.00.png
12,SB,T7s,0,100,0,0,false,frame_011.00.png
12,SB,T6s,0,16,0,84,false,frame_011.00.png
12,SB,T5s,0,0,0,100,false,frame_011.00.png
12,SB,T4s,0,0,0,100,false,frame_011.00.png
12,SB,T3s,0,0,0,100,false,frame_011.00.png
12,SB,T2s,0,0,0,100,false,frame_011.00.png
12,SB,A9o,100,0,0,0,false,frame_011.00.png
12,SB,K9o,11,89,0,0,false,frame_011.00.png
12,SB,Q9o,3,97,0,0,false,frame_011.00.png
12,SB,J9o,2,66,0,32,true,frame_011.00.png
12,SB,T9o,0,11,0,89,false,frame_011.00.png
12,SB,99,2,98,0,0,false,frame_011.00.png
12,SB,98s,100,0,0,0,false,frame_011.00.png
12,SB,97s,26,0,0,74,false,frame_011.00.png
12,SB,96s,0,0,0,100,false,frame_011.00.png
12,SB,95s,0,0,0,100,false,frame_011.00.png
12,SB,94s,0,0,0,100,false,frame_011.00.png
12,SB,93s,0,0,0,100,false,frame_011.00.png
12,SB,92s,0,0,0,100,false,frame_011.00.png
12,SB,A8o,100,0,0,0,false,frame_011.00.png
12,SB,K8o,3,97,0,0,false,frame_011.00.png
12,SB,Q8o,0,0,0,100,false,frame_011.00.png
12,SB,J8o,0,0,0,100,false,frame_011.00.png
12,SB,T8o,0,0,0,100,false,frame_011.00.png
12,SB,98o,0,0,0,100,false,frame_011.00.png
12,SB,88,24,76,0,0,false,frame_011.00.png
12,SB,87s,100,0,0,0,false,frame_011.00.png
12,SB,86s,0,0,0,100,false,frame_011.00.png
12,SB,85s,0,0,0,100,false,frame_011.00.png
12,SB,84s,0,0,0,100,false,frame_011.00.png
12,SB,83s,0,0,0,100,false,frame_011.00.png
12,SB,82s,0,0,0,100,false,frame_011.00.png
12,SB,A7o,100,0,0,0,false,frame_011.00.png
12,SB,K7o,0,3,0,97,false,frame_011.00.png
12,SB,Q7o,0,0,0,100,false,frame_011.00.png
12,SB,J7o,0,0,0,100,false,frame_011.00.png
12,SB,T7o,0,0,0,100,false,frame_011.00.png
12,SB,97o,0,0,0,100,false,frame_011.00.png
12,SB,87o,0,0,0,100,false,frame_011.00.png
12,SB,77,100,0,0,0,false,frame_011.00.png
12,SB,76s,0,0,0,100,false,frame_011.00.png
12,SB,75s,0,0,0,100,false,frame_011.00.png
12,SB,74s,0,0,0,100,false,frame_011.00.png
12,SB,73s,0,0,0,100,false,frame_011.00.png
12,SB,72s,0,0,0,100,false,frame_011.00.png
12,SB,A6o,100,0,0,0,false,frame_011.00.png
12,SB,K6o,0,0,0,100,false,frame_011.00.png
12,SB,Q6o,0,0,0,100,false,frame_011.00.png
12,SB,J6o,0,0,0,100,false,frame_011.00.png
12,SB,T6o,0,0,0,100,false,frame_011.00.png
12,SB,96o,0,0,0,100,false,frame_011.00.png
12,SB,86o,0,0,0,100,false,frame_011.00.png
12,SB,76o,0,0,0,100,false,frame_011.00.png
12,SB,66,100,0,0,0,false,frame_011.00.png
12,SB,65s,0,0,0,100,false,frame_011.00.png
12,SB,64s,0,0,0,100,false,frame_011.00.png
12,SB,63s,0,0,0,100,false,frame_011.00.png
12,SB,62s,0,0,0,100,false,frame_011.00.png
12,SB,A5o,100,0,0,0,false,frame_011.00.png
12,SB,K5o,0,0,0,100,false,frame_011.00.png
12,SB,Q5o,0,0,0,100,false,frame_011.00.png
12,SB,J5o,0,0,0,100,false,frame_011.00.png
12,SB,T5o,0,0,0,100,false,frame_011.00.png
12,SB,95o,0,0,0,100,false,frame_011.00.png
12,SB,85o,0,0,0,100,false,frame_011.00.png
12,SB,75o,0,0,0,100,false,frame_011.00.png
12,SB,65o,0,0,0,100,false,frame_011.00.png
12,SB,55,100,0,0,0,false,frame_011.00.png
12,SB,54s,0,0,0,100,false,frame_011.00.png
12,SB,53s,0,0,0,100,false,frame_011.00.png
12,SB,52s,0,0,0,100,false,frame_011.00.png
12,SB,A4o,100,0,0,0,false,frame_011.00.png
12,SB,K4o,0,0,0,100,false,frame_011.00.png
12,SB,Q4o,0,0,0,100,false,frame_011.00.png
12,SB,J4o,0,0,0,100,false,frame_011.00.png
12,SB,T4o,0,0,0,100,false,frame_011.00.png
12,SB,94o,0,0,0,100,false,frame_011.00.png
12,SB,84o,0,0,0,100,false,frame_011.00.png
12,SB,74o,0,0,0,100,false,frame_011.00.png
12,SB,64o,0,0,0,100,false,frame_011.00.png
12,SB,54o,0,0,0,100,false,frame_011.00.png
12,SB,44,100,0,0,0,false,frame_011.00.png
12,SB,43s,0,0,0,100,false,frame_011.00.png
12,SB,42s,0,0,0,100,false,frame_011.00.png
12,SB,A3o,100,0,0,0,false,frame_011.00.png
12,SB,K3o,0,0,0,100,false,frame_011.00.png
12,SB,Q3o,0,0,0,100,false,frame_011.00.png
12,SB,J3o,0,0,0,100,false,frame_011.00.png
12,SB,T3o,0,0,0,100,false,frame_011.00.png
12,SB,93o,0,0,0,100,false,frame_011.00.png
12,SB,83o,0,0,0,100,false,frame_011.00.png
12,SB,73o,0,0,0,100,false,frame_011.00.png
12,SB,63o,0,0,0,100,false,frame_011.00.png
12,SB,53o,0,0,0,100,false,frame_011.00.png
12,SB,43o,0,0,0,100,false,frame_011.00.png
12,SB,33,100,0,0,0,false,frame_011.00.png
12,SB,32s,0,0,0,100,false,frame_011.00.png
12,SB,A2o,100,0,0,0,false,frame_011.00.png
12,SB,K2o,0,0,0,100,false,frame_011.00.png
12,SB,Q2o,0,0,0,100,false,frame_011.00.png
12,SB,J2o,0,0,0,100,false,frame_011.00.png
12,SB,T2o,0,0,0,100,false,frame_011.00.png
12,SB,92o,0,0,0,100,false,frame_011.00.png
12,SB,82o,0,0,0,100,false,frame_011.00.png
12,SB,72o,0,0,0,100,false,frame_011.00.png
12,SB,62o,0,0,0,100,false,frame_011.00.png
12,SB,52o,0,0,0,100,false,frame_011.00.png
12,SB,42o,0,0,0,100,false,frame_011.00.png
12,SB,32o,0,0,0,100,false,frame_011.00.png
12,SB,22,100,0,0,0,false,frame_011.00.png
15,UTG,AA,3,97,0,0,false,frame_000.00.png
15,UTG,AKs,2,98,0,0,false,frame_000.00.png
15,UTG,AQs,3,97,0,0,false,frame_000.00.png
15,UTG,AJs,2,98,0,0,false,frame_000.00.png
15,UTG,ATs,2,98,0,0,false,frame_000.00.png
15,UTG,A9s,3,97,0,0,false,frame_000.00.png
15,UTG,A8s,3,97,0,0,false,frame_000.00.png
15,UTG,A7s,2,98,0,0,false,frame_000.00.png
15,UTG,A6s,3,97,0,0,false,frame_000.00.png
15,UTG,A5s,2,98,0,0,false,frame_000.00.png
15,UTG,A4s,2,64,0,34,true,frame_000.00.png
15,UTG,A3s,0,0,0,100,false,frame_000.00.png
15,UTG,A2s,0,0,0,100,false,frame_000.00.png
15,UTG,AKo,3,97,0,0,false,frame_000.00.png
15,UTG,KK,0,100,0,0,false,frame_000.00.png
15,UTG,KQs,3,97,0,0,false,frame_000.00.png
15,UTG,KJs,10,90,0,0,false,frame_000.00.png
15,UTG,KTs,2,98,0,0,false,frame_000.00.png
15,UTG,K9s,3,97,0,0,false,frame_000.00.png
15,UTG,K8s,3,52,0,45,true,frame_000.00.png
15,UTG,K7s,0,0,0,100,false,frame_000.00.png
15,UTG,K6s,0,0,0,100,false,frame_000.00.png
15,UTG,K5s,0,0,0,100,false,frame_000.00.png
15,UTG,K4s,0,0,0,100,false,frame_000.00.png
15,UTG,K3s,0,0,0,100,false,frame_000.00.png
15,UTG,K2s,0,0,0,100,false,frame_000.00.png
15,UTG,AQo,7,93,0,0,false,frame_000.00.png
15,UTG,KQo,3,97,0,0,false,frame_000.00.png
15,UTG,QQ,3,97,0,0,false,frame_000.00.png
15,UTG,QJs,2,98,0,0,false,frame_000.00.png
15,UTG,QTs,2,98,0,0,false,frame_000.00.png
15,UTG,Q9s,4,96,0,0,false,frame_000.00.png
15,UTG,Q8s,0,0,0,100,false,frame_000.00.png
15,UTG,Q7s,0,0,0,100,false,frame_000.00.png
15,UTG,Q6s,0,0,0,100,false,frame_000.00.png
15,UTG,Q5s,0,0,0,100,false,frame_000.00.png
15,UTG,Q4s,0,0,0,100,false,frame_000.00.png
15,UTG,Q3s,0,0,0,100,false,frame_000.00.png
15,UTG,Q2s,0,0,0,100,false,frame_000.00.png
15,UTG,AJo,3,97,0,0,false,frame_000.00.png
15,UTG,KJo,2,95,0,3,false,frame_000.00.png
15,UTG,QJo,4,47,0,49,true,frame_000.00.png
15,UTG,JJ,0,100,0,0,false,frame_000.00.png
15,UTG,JTs,0,100,0,0,false,frame_000.00.png
15,UTG,J9s,0,0,0,100,false,frame_000.00.png
15,UTG,J8s,0,0,0,100,false,frame_000.00.png
15,UTG,J7s,0,0,0,100,false,frame_000.00.png
15,UTG,J6s,0,0,0,100,false,frame_000.00.png
15,UTG,J5s,0,0,0,100,false,frame_000.00.png
15,UTG,J4s,0,0,0,100,false,frame_000.00.png
15,UTG,J3s,0,0,0,100,false,frame_000.00.png
15,UTG,J2s,0,0,0,100,false,frame_000.00.png
15,UTG,ATo,2,98,0,0,false,frame_000.00.png
15,UTG,KTo,0,0,0,100,false,frame_000.00.png
15,UTG,QTo,0,0,0,100,false,frame_000.00.png
15,UTG,JTo,0,0,0,100,false,frame_000.00.png
15,UTG,TT,0,100,0,0,false,frame_000.00.png
15,UTG,T9s,4,83,0,13,false,frame_000.00.png
15,UTG,T8s,0,0,0,100,false,frame_000.00.png
15,UTG,T7s,0,0,0,100,false,frame_000.00.png
15,UTG,T6s,0,0,0,100,false,frame_000.00.png
15,UTG,T5s,0,0,0,100,false,frame_000.00.png
15,UTG,T4s,0,0,0,100,false,frame_000.00.png
15,UTG,T3s,0,0,0,100,false,frame_000.00.png
15,UTG,T2s,0,0,0,100,false,frame_000.00.png
15,UTG,A9o,0,9,0,91,false,frame_000.00.png
15,UTG,K9o,0,0,0,100,false,frame_000.00.png
15,UTG,Q9o,0,0,0,100,false,frame_000.00.png
15,UTG,J9o,0,0,0,100,false,frame_000.00.png
15,UTG,T9o,0,0,0,100,false,frame_000.00.png
15,UTG,99,2,98,0,0,false,frame_000.00.png
15,UTG,98s,0,0,0,100,false,frame_000.00.png
15,UTG,97s,0,0,0,100,false,frame_000.00.png
15,UTG,96s,0,0,0,100,false,frame_000.00.png
15,UTG,95s,0,0,0,100,false,frame_000.00.png
15,UTG,94s,0,0,0,100,false,frame_000.00.png
15,UTG,93s,0,0,0,100,false,frame_000.00.png
15,UTG,92s,0,0,0,100,false,frame_000.00.png
15,UTG,A8o,0,0,0,100,false,frame_000.00.png
15,UTG,K8o,0,0,0,100,false,frame_000.00.png
15,UTG,Q8o,0,0,0,100,false,frame_000.00.png
15,UTG,J8o,0,0,0,100,false,frame_000.00.png
15,UTG,T8o,0,0,0,100,false,frame_000.00.png
15,UTG,98o,0,0,0,100,false,frame_000.00.png
15,UTG,88,0,100,0,0,false,frame_000.00.png
15,UTG,87s,0,0,0,100,false,frame_000.00.png
15,UTG,86s,0,0,0,100,false,frame_000.00.png
15,UTG,85s,0,0,0,100,false,frame_000.00.png
15,UTG,84s,0,0,0,100,false,frame_000.00.png
15,UTG,83s,0,0,0,100,false,frame_000.00.png
15,UTG,82s,0,0,0,100,false,frame_000.00.png
15,UTG,A7o,0,0,0,100,false,frame_000.00.png
15,UTG,K7o,0,0,0,100,false,frame_000.00.png
15,UTG,Q7o,0,0,0,100,false,frame_000.00.png
15,UTG,J7o,0,0,0,100,false,frame_000.00.png
15,UTG,T7o,0,0,0,100,false,frame_000.00.png
15,UTG,97o,0,0,0,100,false,frame_000.00.png
15,UTG,87o,0,0,0,100,false,frame_000.00.png
15,UTG,77,0,100,0,0,false,frame_000.00.png
15,UTG,76s,0,0,0,100,false,frame_000.00.png
15,UTG,75s,0,0,0,100,false,frame_000.00.png
15,UTG,74s,0,0,0,100,false,frame_000.00.png
15,UTG,73s,0,0,0,100,false,frame_000.00.png
15,UTG,72s,0,0,0,100,false,frame_000.00.png
15,UTG,A6o,0,0,0,100,false,frame_000.00.png
15,UTG,K6o,0,0,0,100,false,frame_000.00.png
15,UTG,Q6o,0,0,0,100,false,frame_000.00.png
15,UTG,J6o,0,0,0,100,false,frame_000.00.png
15,UTG,T6o,0,0,0,100,false,frame_000.00.png
15,UTG,96o,0,0,0,100,false,frame_000.00.png
15,UTG,86o,0,0,0,100,false,frame_000.00.png
15,UTG,76o,0,0,0,100,false,frame_000.00.png
15,UTG,66,2,73,0,25,false,frame_000.00.png
15,UTG,65s,0,0,0,100,false,frame_000.00.png
15,UTG,64s,0,0,0,100,false,frame_000.00.png
15,UTG,63s,0,0,0,100,false,frame_000.00.png
15,UTG,62s,0,0,0,100,false,frame_000.00.png
15,UTG,A5o,0,0,0,100,false,frame_000.00.png
15,UTG,K5o,0,0,0,100,false,frame_000.00.png
15,UTG,Q5o,0,0,0,100,false,frame_000.00.png
15,UTG,J5o,0,0,0,100,false,frame_000.00.png
15,UTG,T5o,0,0,0,100,false,frame_000.00.png
15,UTG,95o,0,0,0,100,false,frame_000.00.png
15,UTG,85o,0,0,0,100,false,frame_000.00.png
15,UTG,75o,0,0,0,100,false,frame_000.00.png
15,UTG,65o,0,0,0,100,false,frame_000.00.png
15,UTG,55,0,0,0,100,false,frame_000.00.png
15,UTG,54s,0,0,0,100,false,frame_000.00.png
15,UTG,53s,0,0,0,100,false,frame_000.00.png
15,UTG,52s,0,0,0,100,false,frame_000.00.png
15,UTG,A4o,0,0,0,100,false,frame_000.00.png
15,UTG,K4o,0,0,0,100,false,frame_000.00.png
15,UTG,Q4o,0,0,0,100,false,frame_000.00.png
15,UTG,J4o,0,0,0,100,false,frame_000.00.png
15,UTG,T4o,0,0,0,100,false,frame_000.00.png
15,UTG,94o,0,0,0,100,false,frame_000.00.png
15,UTG,84o,0,0,0,100,false,frame_000.00.png
15,UTG,74o,0,0,0,100,false,frame_000.00.png
15,UTG,64o,0,0,0,100,false,frame_000.00.png
15,UTG,54o,0,0,0,100,false,frame_000.00.png
15,UTG,44,0,0,0,100,false,frame_000.00.png
15,UTG,43s,0,0,0,100,false,frame_000.00.png
15,UTG,42s,0,0,0,100,false,frame_000.00.png
15,UTG,A3o,0,0,0,100,false,frame_000.00.png
15,UTG,K3o,0,0,0,100,false,frame_000.00.png
15,UTG,Q3o,0,0,0,100,false,frame_000.00.png
15,UTG,J3o,0,0,0,100,false,frame_000.00.png
15,UTG,T3o,0,0,0,100,false,frame_000.00.png
15,UTG,93o,0,0,0,100,false,frame_000.00.png
15,UTG,83o,0,0,0,100,false,frame_000.00.png
15,UTG,73o,0,0,0,100,false,frame_000.00.png
15,UTG,63o,0,0,0,100,false,frame_000.00.png
15,UTG,53o,0,0,0,100,false,frame_000.00.png
15,UTG,43o,0,0,0,100,false,frame_000.00.png
15,UTG,33,0,0,0,100,false,frame_000.00.png
15,UTG,32s,0,0,0,100,false,frame_000.00.png
15,UTG,A2o,0,0,0,100,false,frame_000.00.png
15,UTG,K2o,0,0,0,100,false,frame_000.00.png
15,UTG,Q2o,0,0,0,100,false,frame_000.00.png
15,UTG,J2o,0,0,0,100,false,frame_000.00.png
15,UTG,T2o,0,0,0,100,false,frame_000.00.png
15,UTG,92o,0,0,0,100,false,frame_000.00.png
15,UTG,82o,0,0,0,100,false,frame_000.00.png
15,UTG,72o,0,0,0,100,false,frame_000.00.png
15,UTG,62o,0,0,0,100,false,frame_000.00.png
15,UTG,52o,0,0,0,100,false,frame_000.00.png
15,UTG,42o,0,0,0,100,false,frame_000.00.png
15,UTG,32o,0,0,0,100,false,frame_000.00.png
15,UTG,22,0,0,0,100,false,frame_000.00.png
15,UTG1,AA,3,97,0,0,false,frame_001.00.png
15,UTG1,AKs,3,97,0,0,false,frame_001.00.png
15,UTG1,AQs,3,97,0,0,false,frame_001.00.png
15,UTG1,AJs,2,98,0,0,false,frame_001.00.png
15,UTG1,ATs,2,98,0,0,false,frame_001.00.png
15,UTG1,A9s,3,97,0,0,false,frame_001.00.png
15,UTG1,A8s,2,98,0,0,false,frame_001.00.png
15,UTG1,A7s,2,98,0,0,false,frame_001.00.png
15,UTG1,A6s,3,97,0,0,false,frame_001.00.png
15,UTG1,A5s,2,98,0,0,false,frame_001.00.png
15,UTG1,A4s,2,64,0,34,true,frame_001.00.png
15,UTG1,A3s,0,0,0,100,false,frame_001.00.png
15,UTG1,A2s,0,0,0,100,false,frame_001.00.png
15,UTG1,AKo,3,97,0,0,false,frame_001.00.png
15,UTG1,KK,0,100,0,0,false,frame_001.00.png
15,UTG1,KQs,3,97,0,0,false,frame_001.00.png
15,UTG1,KJs,10,90,0,0,false,frame_001.00.png
15,UTG1,KTs,2,98,0,0,false,frame_001.00.png
15,UTG1,K9s,3,97,0,0,false,frame_001.00.png
15,UTG1,K8s,3,52,0,45,true,frame_001.00.png
15,UTG1,K7s,0,0,0,100,false,frame_001.00.png
15,UTG1,K6s,0,0,0,100,false,frame_001.00.png
15,UTG1,K5s,0,0,0,100,false,frame_001.00.png
15,UTG1,K4s,0,0,0,100,false,frame_001.00.png
15,UTG1,K3s,0,0,0,100,false,frame_001.00.png
15,UTG1,K2s,0,0,0,100,false,frame_001.00.png
15,UTG1,AQo,7,93,0,0,false,frame_001.00.png
15,UTG1,KQo,3,97,0,0,false,frame_001.00.png
15,UTG1,QQ,3,97,0,0,false,frame_001.00.png
15,UTG1,QJs,2,98,0,0,false,frame_001.00.png
15,UTG1,QTs,2,98,0,0,false,frame_001.00.png
15,UTG1,Q9s,4,96,0,0,false,frame_001.00.png
15,UTG1,Q8s,0,0,0,100,false,frame_001.00.png
15,UTG1,Q7s,0,0,0,100,false,frame_001.00.png
15,UTG1,Q6s,0,0,0,100,false,frame_001.00.png
15,UTG1,Q5s,0,0,0,100,false,frame_001.00.png
15,UTG1,Q4s,0,0,0,100,false,frame_001.00.png
15,UTG1,Q3s,0,0,0,100,false,frame_001.00.png
15,UTG1,Q2s,0,0,0,100,false,frame_001.00.png
15,UTG1,AJo,3,97,0,0,false,frame_001.00.png
15,UTG1,KJo,2,95,0,3,false,frame_001.00.png
15,UTG1,QJo,3,47,0,50,true,frame_001.00.png
15,UTG1,JJ,0,100,0,0,false,frame_001.00.png
15,UTG1,JTs,0,100,0,0,false,frame_001.00.png
15,UTG1,J9s,0,0,0,100,false,frame_001.00.png
15,UTG1,J8s,0,0,0,100,false,frame_001.00.png
15,UTG1,J7s,0,0,0,100,false,frame_001.00.png
15,UTG1,J6s,0,0,0,100,false,frame_001.00.png
15,UTG1,J5s,0,0,0,100,false,frame_001.00.png
15,UTG1,J4s,0,0,0,100,false,frame_001.00.png
15,UTG1,J3s,0,0,0,100,false,frame_001.00.png
15,UTG1,J2s,0,0,0,100,false,frame_001.00.png
15,UTG1,ATo,2,98,0,0,false,frame_001.00.png
15,UTG1,KTo,0,0,0,100,false,frame_001.00.png
15,UTG1,QTo,0,0,0,100,false,frame_001.00.png
15,UTG1,JTo,0,0,0,100,false,frame_001.00.png
15,UTG1,TT,0,100,0,0,false,frame_001.00.png
15,UTG1,T9s,4,83,0,13,false,frame_001.00.png
15,UTG1,T8s,0,0,0,100,false,frame_001.00.png
15,UTG1,T7s,0,0,0,100,false,frame_001.00.png
15,UTG1,T6s,0,0,0,100,false,frame_001.00.png
15,UTG1,T5s,0,0,0,100,false,frame_001.00.png
15,UTG1,T4s,0,0,0,100,false,frame_001.00.png
15,UTG1,T3s,0,0,0,100,false,frame_001.00.png
15,UTG1,T2s,0,0,0,100,false,frame_001.00.png
15,UTG1,A9o,0,9,0,91,false,frame_001.00.png
15,UTG1,K9o,0,0,0,100,false,frame_001.00.png
15,UTG1,Q9o,0,0,0,100,false,frame_001.00.png
15,UTG1,J9o,0,0,0,100,false,frame_001.00.png
15,UTG1,T9o,0,0,0,100,false,frame_001.00.png
15,UTG1,99,2,98,0,0,false,frame_001.00.png
15,UTG1,98s,0,0,0,100,false,frame_001.00.png
15,UTG1,97s,0,0,0,100,false,frame_001.00.png
15,UTG1,96s,0,0,0,100,false,frame_001.00.png
15,UTG1,95s,0,0,0,100,false,frame_001.00.png
15,UTG1,94s,0,0,0,100,false,frame_001.00.png
15,UTG1,93s,0,0,0,100,false,frame_001.00.png
15,UTG1,92s,0,0,0,100,false,frame_001.00.png
15,UTG1,A8o,0,0,0,100,false,frame_001.00.png
15,UTG1,K8o,0,0,0,100,false,frame_001.00.png
15,UTG1,Q8o,0,0,0,100,false,frame_001.00.png
15,UTG1,J8o,0,0,0,100,false,frame_001.00.png
15,UTG1,T8o,0,0,0,100,false,frame_001.00.png
15,UTG1,98o,0,0,0,100,false,frame_001.00.png
15,UTG1,88,2,98,0,0,false,frame_001.00.png
15,UTG1,87s,0,0,0,100,false,frame_001.00.png
15,UTG1,86s,0,0,0,100,false,frame_001.00.png
15,UTG1,85s,0,0,0,100,false,frame_001.00.png
15,UTG1,84s,0,0,0,100,false,frame_001.00.png
15,UTG1,83s,0,0,0,100,false,frame_001.00.png
15,UTG1,82s,0,0,0,100,false,frame_001.00.png
15,UTG1,A7o,0,0,0,100,false,frame_001.00.png
15,UTG1,K7o,0,0,0,100,false,frame_001.00.png
15,UTG1,Q7o,0,0,0,100,false,frame_001.00.png
15,UTG1,J7o,0,0,0,100,false,frame_001.00.png
15,UTG1,T7o,0,0,0,100,false,frame_001.00.png
15,UTG1,97o,0,0,0,100,false,frame_001.00.png
15,UTG1,87o,0,0,0,100,false,frame_001.00.png
15,UTG1,77,0,100,0,0,false,frame_001.00.png
15,UTG1,76s,0,0,0,100,false,frame_001.00.png
15,UTG1,75s,0,0,0,100,false,frame_001.00.png
15,UTG1,74s,0,0,0,100,false,frame_001.00.png
15,UTG1,73s,0,0,0,100,false,frame_001.00.png
15,UTG1,72s,0,0,0,100,false,frame_001.00.png
15,UTG1,A6o,0,0,0,100,false,frame_001.00.png
15,UTG1,K6o,0,0,0,100,false,frame_001.00.png
15,UTG1,Q6o,0,0,0,100,false,frame_001.00.png
15,UTG1,J6o,0,0,0,100,false,frame_001.00.png
15,UTG1,T6o,0,0,0,100,false,frame_001.00.png
15,UTG1,96o,0,0,0,100,false,frame_001.00.png
15,UTG1,86o,0,0,0,100,false,frame_001.00.png
15,UTG1,76o,0,0,0,100,false,frame_001.00.png
15,UTG1,66,3,72,0,25,false,frame_001.00.png
15,UTG1,65s,0,0,0,100,false,frame_001.00.png
15,UTG1,64s,0,0,0,100,false,frame_001.00.png
15,UTG1,63s,0,0,0,100,false,frame_001.00.png
15,UTG1,62s,0,0,0,100,false,frame_001.00.png
15,UTG1,A5o,0,0,0,100,false,frame_001.00.png
15,UTG1,K5o,0,0,0,100,false,frame_001.00.png
15,UTG1,Q5o,0,0,0,100,false,frame_001.00.png
15,UTG1,J5o,0,0,0,100,false,frame_001.00.png
15,UTG1,T5o,0,0,0,100,false,frame_001.00.png
15,UTG1,95o,0,0,0,100,false,frame_001.00.png
15,UTG1,85o,0,0,0,100,false,frame_001.00.png
15,UTG1,75o,0,0,0,100,false,frame_001.00.png
15,UTG1,65o,0,0,0,100,false,frame_001.00.png
15,UTG1,55,0,0,0,100,false,frame_001.00.png
15,UTG1,54s,0,0,0,100,false,frame_001.00.png
15,UTG1,53s,0,0,0,100,false,frame_001.00.png
15,UTG1,52s,0,0,0,100,false,frame_001.00.png
15,UTG1,A4o,0,0,0,100,false,frame_001.00.png
15,UTG1,K4o,0,0,0,100,false,frame_001.00.png
15,UTG1,Q4o,0,0,0,100,false,frame_001.00.png
15,UTG1,J4o,0,0,0,100,false,frame_001.00.png
15,UTG1,T4o,0,0,0,100,false,frame_001.00.png
15,UTG1,94o,0,0,0,100,false,frame_001.00.png
15,UTG1,84o,0,0,0,100,false,frame_001.00.png
15,UTG1,74o,0,0,0,100,false,frame_001.00.png
15,UTG1,64o,0,0,0,100,false,frame_001.00.png
15,UTG1,54o,0,0,0,100,false,frame_001.00.png
15,UTG1,44,0,0,0,100,false,frame_001.00.png
15,UTG1,43s,0,0,0,100,false,frame_001.00.png
15,UTG1,42s,0,0,0,100,false,frame_001.00.png
15,UTG1,A3o,0,0,0,100,false,frame_001.00.png
15,UTG1,K3o,0,0,0,100,false,frame_001.00.png
15,UTG1,Q3o,0,0,0,100,false,frame_001.00.png
15,UTG1,J3o,0,0,0,100,false,frame_001.00.png
15,UTG1,T3o,0,0,0,100,false,frame_001.00.png
15,UTG1,93o,0,0,0,100,false,frame_001.00.png
15,UTG1,83o,0,0,0,100,false,frame_001.00.png
15,UTG1,73o,0,0,0,100,false,frame_001.00.png
15,UTG1,63o,0,0,0,100,false,frame_001.00.png
15,UTG1,53o,0,0,0,100,false,frame_001.00.png
15,UTG1,43o,0,0,0,100,false,frame_001.00.png
15,UTG1,33,0,0,0,100,false,frame_001.00.png
15,UTG1,32s,0,0,0,100,false,frame_001.00.png
15,UTG1,A2o,0,0,0,100,false,frame_001.00.png
15,UTG1,K2o,0,0,0,100,false,frame_001.00.png
15,UTG1,Q2o,0,0,0,100,false,frame_001.00.png
15,UTG1,J2o,0,0,0,100,false,frame_001.00.png
15,UTG1,T2o,0,0,0,100,false,frame_001.00.png
15,UTG1,92o,0,0,0,100,false,frame_001.00.png
15,UTG1,82o,0,0,0,100,false,frame_001.00.png
15,UTG1,72o,0,0,0,100,false,frame_001.00.png
15,UTG1,62o,0,0,0,100,false,frame_001.00.png
15,UTG1,52o,0,0,0,100,false,frame_001.00.png
15,UTG1,42o,0,0,0,100,false,frame_001.00.png
15,UTG1,32o,0,0,0,100,false,frame_001.00.png
15,UTG1,22,0,0,0,100,false,frame_001.00.png
15,LJ,AA,3,97,0,0,false,frame_003.00.png
15,LJ,AKs,2,98,0,0,false,frame_003.00.png
15,LJ,AQs,3,97,0,0,false,frame_003.00.png
15,LJ,AJs,2,98,0,0,false,frame_003.00.png
15,LJ,ATs,2,98,0,0,false,frame_003.00.png
15,LJ,A9s,3,97,0,0,false,frame_003.00.png
15,LJ,A8s,2,98,0,0,false,frame_003.00.png
15,LJ,A7s,2,98,0,0,false,frame_003.00.png
15,LJ,A6s,3,97,0,0,false,frame_003.00.png
15,LJ,A5s,2,98,0,0,false,frame_003.00.png
15,LJ,A4s,2,98,0,0,false,frame_003.00.png
15,LJ,A3s,0,14,0,86,false,frame_003.00.png
15,LJ,A2s,0,0,0,100,false,frame_003.00.png
15,LJ,AKo,3,97,0,0,false,frame_003.00.png
15,LJ,KK,0,100,0,0,false,frame_003.00.png
15,LJ,KQs,3,97,0,0,false,frame_003.00.png
15,LJ,KJs,20,80,0,0,false,frame_003.00.png
15,LJ,KTs,100,0,0,0,false,frame_003.00.png
15,LJ,K9s,3,97,0,0,false,frame_003.00.png
15,LJ,K8s,3,97,0,0,false,frame_003.00.png
15,LJ,K7s,0,0,0,100,false,frame_003.00.png
15,LJ,K6s,0,0,0,100,false,frame_003.00.png
15,LJ,K5s,0,0,0,100,false,frame_003.00.png
15,LJ,K4s,0,0,0,100,false,frame_003.00.png
15,LJ,K3s,0,0,0,100,false,frame_003.00.png
15,LJ,K2s,0,0,0,100,false,frame_003.00.png
15,LJ,AQo,33,67,0,0,false,frame_003.00.png
15,LJ,KQo,6,94,0,0,false,frame_003.00.png
15,LJ,QQ,3,97,0,0,false,frame_003.00.png
15,LJ,QJs,2,98,0,0,false,frame_003.00.png
15,LJ,QTs,2,98,0,0,false,frame_003.00.png
15,LJ,Q9s,4,96,0,0,false,frame_003.00.png
15,LJ,Q8s,0,19,0,81,false,frame_003.00.png
15,LJ,Q7s,0,0,0,100,false,frame_003.00.png
15,LJ,Q6s,0,0,0,100,false,frame_003.00.png
15,LJ,Q5s,0,0,0,100,false,frame_003.00.png
15,LJ,Q4s,0,0,0,100,false,frame_003.00.png
15,LJ,Q3s,0,0,0,100,false,frame_003.00.png
15,LJ,Q2s,0,0,0,100,false,frame_003.00.png
15,LJ,AJo,35,65,0,0,false,frame_003.00.png
15,LJ,KJo,2,98,0,0,false,frame_003.00.png
15,LJ,QJo,3,97,0,0,false,frame_003.00.png
15,LJ,JJ,0,100,0,0,false,frame_003.00.png
15,LJ,JTs,17,83,0,0,false,frame_003.00.png
15,LJ,J9s,0,26,0,74,false,frame_003.00.png
15,LJ,J8s,0,0,0,100,false,frame_003.00.png
15,LJ,J7s,0,0,0,100,false,frame_003.00.png
15,LJ,J6s,0,0,0,100,false,frame_003.00.png
15,LJ,J5s,0,0,0,100,false,frame_003.00.png
15,LJ,J4s,0,0,0,100,false,frame_003.00.png
15,LJ,J3s,0,0,0,100,false,frame_003.00.png
15,LJ,J2s,0,0,0,100,false,frame_003.00.png
15,LJ,ATo,2,98,0,0,false,frame_003.00.png
15,LJ,KTo,0,3,0,97,false,frame_003.00.png
15,LJ,QTo,0,0,0,100,false,frame_003.00.png
15,LJ,JTo,0,0,0,100,false,frame_003.00.png
15,LJ,TT,0,100,0,0,false,frame_003.00.png
15,LJ,T9s,3,97,0,0,false,frame_003.00.png
15,LJ,T8s,0,0,0,100,false,frame_003.00.png
15,LJ,T7s,0,0,0,100,false,frame_003.00.png
15,LJ,T6s,0,0,0,100,false,frame_003.00.png
15,LJ,T5s,0,0,0,100,false,frame_003.00.png
15,LJ,T4s,0,0,0,100,false,frame_003.00.png
15,LJ,T3s,0,0,0,100,false,frame_003.00.png
15,LJ,T2s,0,0,0,100,false,frame_003.00.png
15,LJ,A9o,5,72,0,23,false,frame_003.00.png
15,LJ,K9o,0,0,0,100,false,frame_003.00.png
15,LJ,Q9o,0,0,0,100,false,frame_003.00.png
15,LJ,J9o,0,0,0,100,false,frame_003.00.png
15,LJ,T9o,0,0,0,100,false,frame_003.00.png
15,LJ,99,2,98,0,0,false,frame_003.00.png
15,LJ,98s,0,0,0,100,false,frame_003.00.png
15,LJ,97s,0,0,0,100,false,frame_003.00.png
15,LJ,96s,0,0,0,100,false,frame_003.00.png
15,LJ,95s,0,0,0,100,false,frame_003.00.png
15,LJ,94s,0,0,0,100,false,frame_003.00.png
15,LJ,93s,0,0,0,100,false,frame_003.00.png
15,LJ,92s,0,0,0,100,false,frame_003.00.png
15,LJ,A8o,0,0,0,100,false,frame_003.00.png
15,LJ,K8o,0,0,0,100,false,frame_003.00.png
15,LJ,Q8o,0,0,0,100,false,frame_003.00.png
15,LJ,J8o,0,0,0,100,false,frame_003.00.png
15,LJ,T8o,0,0,0,100,false,frame_003.00.png
15,LJ,98o,0,0,0,100,false,frame_003.00.png
15,LJ,88,0,100,0,0,false,frame_003.00.png
15,LJ,87s,0,0,0,100,false,frame_003.00.png
15,LJ,86s,0,0,0,100,false,frame_003.00.png
15,LJ,85s,0,0,0,100,false,frame_003.00.png
15,LJ,84s,0,0,0,100,false,frame_003.00.png
15,LJ,83s,0,0,0,100,false,frame_003.00.png
15,LJ,82s,0,0,0,100,false,frame_003.00.png
15,LJ,A7o,0,0,0,100,false,frame_003.00.png
15,LJ,K7o,0,0,0,100,false,frame_003.00.png
15,LJ,Q7o,0,0,0,100,false,frame_003.00.png
15,LJ,J7o,0,0,0,100,false,frame_003.00.png
15,LJ,T7o,0,0,0,100,false,frame_003.00.png
15,LJ,97o,0,0,0,100,false,frame_003.00.png
15,LJ,87o,0,0,0,100,false,frame_003.00.png
15,LJ,77,28,72,0,0,false,frame_003.00.png
15,LJ,76s,0,0,0,100,false,frame_003.00.png
15,LJ,75s,0,0,0,100,false,frame_003.00.png
15,LJ,74s,0,0,0,100,false,frame_003.00.png
15,LJ,73s,0,0,0,100,false,frame_003.00.png
15,LJ,72s,0,0,0,100,false,frame_003.00.png
15,LJ,A6o,0,0,0,100,false,frame_003.00.png
15,LJ,K6o,0,0,0,100,false,frame_003.00.png
15,LJ,Q6o,0,0,0,100,false,frame_003.00.png
15,LJ,J6o,0,0,0,100,false,frame_003.00.png
15,LJ,T6o,0,0,0,100,false,frame_003.00.png
15,LJ,96o,0,0,0,100,false,frame_003.00.png
15,LJ,86o,0,0,0,100,false,frame_003.00.png
15,LJ,76o,0,0,0,100,false,frame_003.00.png
15,LJ,66,17,83,0,0,false,frame_003.00.png
15,LJ,65s,0,0,0,100,false,frame_003.00.png
15,LJ,64s,0,0,0,100,false,frame_003.00.png
15,LJ,63s,0,0,0,100,false,frame_003.00.png
15,LJ,62s,0,0,0,100,false,frame_003.00.png
15,LJ,A5o,0,0,0,100,false,frame_003.00.png
15,LJ,K5o,0,0,0,100,false,frame_003.00.png
15,LJ,Q5o,0,0,0,100,false,frame_003.00.png
15,LJ,J5o,0,0,0,100,false,frame_003.00.png
15,LJ,T5o,0,0,0,100,false,frame_003.00.png
15,LJ,95o,0,0,0,100,false,frame_003.00.png
15,LJ,85o,0,0,0,100,false,frame_003.00.png
15,LJ,75o,0,0,0,100,false,frame_003.00.png
15,LJ,65o,0,0,0,100,false,frame_003.00.png
15,LJ,55,0,0,0,100,false,frame_003.00.png
15,LJ,54s,0,0,0,100,false,frame_003.00.png
15,LJ,53s,0,0,0,100,false,frame_003.00.png
15,LJ,52s,0,0,0,100,false,frame_003.00.png
15,LJ,A4o,0,0,0,100,false,frame_003.00.png
15,LJ,K4o,0,0,0,100,false,frame_003.00.png
15,LJ,Q4o,0,0,0,100,false,frame_003.00.png
15,LJ,J4o,0,0,0,100,false,frame_003.00.png
15,LJ,T4o,0,0,0,100,false,frame_003.00.png
15,LJ,94o,0,0,0,100,false,frame_003.00.png
15,LJ,84o,0,0,0,100,false,frame_003.00.png
15,LJ,74o,0,0,0,100,false,frame_003.00.png
15,LJ,64o,0,0,0,100,false,frame_003.00.png
15,LJ,54o,0,0,0,100,false,frame_003.00.png
15,LJ,44,0,0,0,100,false,frame_003.00.png
15,LJ,43s,0,0,0,100,false,frame_003.00.png
15,LJ,42s,0,0,0,100,false,frame_003.00.png
15,LJ,A3o,0,0,0,100,false,frame_003.00.png
15,LJ,K3o,0,0,0,100,false,frame_003.00.png
15,LJ,Q3o,0,0,0,100,false,frame_003.00.png
15,LJ,J3o,0,0,0,100,false,frame_003.00.png
15,LJ,T3o,0,0,0,100,false,frame_003.00.png
15,LJ,93o,0,0,0,100,false,frame_003.00.png
15,LJ,83o,0,0,0,100,false,frame_003.00.png
15,LJ,73o,0,0,0,100,false,frame_003.00.png
15,LJ,63o,0,0,0,100,false,frame_003.00.png
15,LJ,53o,0,0,0,100,false,frame_003.00.png
15,LJ,43o,0,0,0,100,false,frame_003.00.png
15,LJ,33,0,0,0,100,false,frame_003.00.png
15,LJ,32s,0,0,0,100,false,frame_003.00.png
15,LJ,A2o,0,0,0,100,false,frame_003.00.png
15,LJ,K2o,0,0,0,100,false,frame_003.00.png
15,LJ,Q2o,0,0,0,100,false,frame_003.00.png
15,LJ,J2o,0,0,0,100,false,frame_003.00.png
15,LJ,T2o,0,0,0,100,false,frame_003.00.png
15,LJ,92o,0,0,0,100,false,frame_003.00.png
15,LJ,82o,0,0,0,100,false,frame_003.00.png
15,LJ,72o,0,0,0,100,false,frame_003.00.png
15,LJ,62o,0,0,0,100,false,frame_003.00.png
15,LJ,52o,0,0,0,100,false,frame_003.00.png
15,LJ,42o,0,0,0,100,false,frame_003.00.png
15,LJ,32o,0,0,0,100,false,frame_003.00.png
15,LJ,22,0,0,0,100,false,frame_003.00.png
15,HJ,AA,3,97,0,0,false,frame_005.00.png
15,HJ,AKs,3,97,0,0,false,frame_005.00.png
15,HJ,AQs,3,97,0,0,false,frame_005.00.png
15,HJ,AJs,2,98,0,0,false,frame_005.00.png
15,HJ,ATs,2,98,0,0,false,frame_005.00.png
15,HJ,A9s,81,19,0,0,false,frame_005.00.png
15,HJ,A8s,2,98,0,0,false,frame_005.00.png
15,HJ,A7s,2,98,0,0,false,frame_005.00.png
15,HJ,A6s,3,97,0,0,false,frame_005.00.png
15,HJ,A5s,2,98,0,0,false,frame_005.00.png
15,HJ,A4s,2,98,0,0,false,frame_005.00.png
15,HJ,A3s,2,98,0,0,false,frame_005.00.png
15,HJ,A2s,0,26,0,74,false,frame_005.00.png
15,HJ,AKo,3,97,0,0,false,frame_005.00.png
15,HJ,KK,0,100,0,0,false,frame_005.00.png
15,HJ,KQs,3,97,0,0,false,frame_005.00.png
15,HJ,KJs,96,4,0,0,false,frame_005.00.png
15,HJ,KTs,100,0,0,0,false,frame_005.00.png
15,HJ,K9s,3,97,0,0,false,frame_005.00.png
15,HJ,K8s,3,87,0,10,false,frame_005.00.png
15,HJ,K7s,0,0,0,100,false,frame_005.00.png
15,HJ,K6s,0,0,0,100,false,frame_005.00.png
15,HJ,K5s,0,0,0,100,false,frame_005.00.png
15,HJ,K4s,0,0,0,100,false,frame_005.00.png
15,HJ,K3s,0,0,0,100,false,frame_005.00.png
15,HJ,K2s,0,0,0,100,false,frame_005.00.png
15,HJ,AQo,85,15,0,0,false,frame_005.00.png
15,HJ,KQo,59,41,0,0,false,frame_005.00.png
15,HJ,QQ,3,97,0,0,false,frame_005.00.png
15,HJ,QJs,100,0,0,0,false,frame_005.00.png
15,HJ,QTs,53,47,0,0,false,frame_005.00.png
15,HJ,Q9s,4,96,0,0,false,frame_005.00.png
15,HJ,Q8s,3,68,0,29,false,frame_005.00.png
15,HJ,Q7s,0,0,0,100,false,frame_005.00.png
15,HJ,Q6s,0,0,0,100,false,frame_005.00.png
15,HJ,Q5s,0,0,0,100,false,frame_005.00.png
15,HJ,Q4s,0,0,0,100,false,frame_005.00.png
15,HJ,Q3s,0,0,0,100,false,frame_005.00.png
15,HJ,Q2s,0,0,0,100,false,frame_005.00.png
15,HJ,AJo,78,22,0,0,false,frame_005.00.png
15,HJ,KJo,2,98,0,0,false,frame_005.00.png
15,HJ,QJo,3,97,0,0,false,frame_005.00.png
15,HJ,JJ,0,100,0,0,false,frame_005.00.png
15,HJ,JTs,100,0,0,0,false,frame_005.00.png
15,HJ,J9s,2,98,0,0,false,frame_005.00.png
15,HJ,J8s,0,0,0,100,false,frame_005.00.png
15,HJ,J7s,0,0,0,100,false,frame_005.00.png
15,HJ,J6s,0,0,0,100,false,frame_005.00.png
15,HJ,J5s,0,0,0,100,false,frame_005.00.png
15,HJ,J4s,0,0,0,100,false,frame_005.00.png
15,HJ,J3s,0,0,0,100,false,frame_005.00.png
15,HJ,J2s,0,0,0,100,false,frame_005.00.png
15,HJ,ATo,32,68,0,0,false,frame_005.00.png
15,HJ,KTo,2,57,0,41,true,frame_005.00.png
15,HJ,QTo,3,68,0,29,false,frame_005.00.png
15,HJ,JTo,0,0,0,100,false,frame_005.00.png
15,HJ,TT,0,100,0,0,false,frame_005.00.png
15,HJ,T9s,3,97,0,0,false,frame_005.00.png
15,HJ,T8s,0,0,0,100,false,frame_005.00.png
15,HJ,T7s,0,0,0,100,false,frame_005.00.png
15,HJ,T6s,0,0,0,100,false,frame_005.00.png
15,HJ,T5s,0,0,0,100,false,frame_005.00.png
15,HJ,T4s,0,0,0,100,false,frame_005.00.png
15,HJ,T3s,0,0,0,100,false,frame_005.00.png
15,HJ,T2s,0,0,0,100,false,frame_005.00.png
15,HJ,A9o,3,97,0,0,false,frame_005.00.png
15,HJ,K9o,0,0,0,100,false,frame_005.00.png
15,HJ,Q9o,0,0,0,100,false,frame_005.00.png
15,HJ,J9o,0,0,0,100,false,frame_005.00.png
15,HJ,T9o,0,0,0,100,false,frame_005.00.png
15,HJ,99,2,98,0,0,false,frame_005.00.png
15,HJ,98s,0,0,0,100,false,frame_005.00.png
15,HJ,97s,0,0,0,100,false,frame_005.00.png
15,HJ,96s,0,0,0,100,false,frame_005.00.png
15,HJ,95s,0,0,0,100,false,frame_005.00.png
15,HJ,94s,0,0,0,100,false,frame_005.00.png
15,HJ,93s,0,0,0,100,false,frame_005.00.png
15,HJ,92s,0,0,0,100,false,frame_005.00.png
15,HJ,A8o,3,28,0,69,true,frame_005.00.png
15,HJ,K8o,0,0,0,100,false,frame_005.00.png
15,HJ,Q8o,0,0,0,100,false,frame_005.00.png
15,HJ,J8o,0,0,0,100,false,frame_005.00.png
15,HJ,T8o,0,0,0,100,false,frame_005.00.png
15,HJ,98o,0,0,0,100,false,frame_005.00.png
15,HJ,88,0,100,0,0,false,frame_005.00.png
15,HJ,87s,0,0,0,100,false,frame_005.00.png
15,HJ,86s,0,0,0,100,false,frame_005.00.png
15,HJ,85s,0,0,0,100,false,frame_005.00.png
15,HJ,84s,0,0,0,100,false,frame_005.00.png
15,HJ,83s,0,0,0,100,false,frame_005.00.png
15,HJ,82s,0,0,0,100,false,frame_005.00.png
15,HJ,A7o,0,0,0,100,false,frame_005.00.png
15,HJ,K7o,0,0,0,100,false,frame_005.00.png
15,HJ,Q7o,0,0,0,100,false,frame_005.00.png
15,HJ,J7o,0,0,0,100,false,frame_005.00.png
15,HJ,T7o,0,0,0,100,false,frame_005.00.png
15,HJ,97o,0,0,0,100,false,frame_005.00.png
15,HJ,87o,0,0,0,100,false,frame_005.00.png
15,HJ,77,86,14,0,0,false,frame_005.00.png
15,HJ,76s,0,0,0,100,false,frame_005.00.png
15,HJ,75s,0,0,0,100,false,frame_005.00.png
15,HJ,74s,0,0,0,100,false,frame_005.00.png
15,HJ,73s,0,0,0,100,false,frame_005.00.png
15,HJ,72s,0,0,0,100,false,frame_005.00.png
15,HJ,A6o,0,0,0,100,false,frame_005.00.png
15,HJ,K6o,0,0,0,100,false,frame_005.00.png
15,HJ,Q6o,0,0,0,100,false,frame_005.00.png
15,HJ,J6o,0,0,0,100,false,frame_005.00.png
15,HJ,T6o,0,0,0,100,false,frame_005.00.png
15,HJ,96o,0,0,0,100,false,frame_005.00.png
15,HJ,86o,0,0,0,100,false,frame_005.00.png
15,HJ,76o,0,0,0,100,false,frame_005.00.png
15,HJ,66,16,84,0,0,false,frame_005.00.png
15,HJ,65s,0,0,0,100,false,frame_005.00.png
15,HJ,64s,0,0,0,100,false,frame_005.00.png
15,HJ,63s,0,0,0,100,false,frame_005.00.png
15,HJ,62s,0,0,0,100,false,frame_005.00.png
15,HJ,A5o,0,0,0,100,false,frame_005.00.png
15,HJ,K5o,0,0,0,100,false,frame_005.00.png
15,HJ,Q5o,0,0,0,100,false,frame_005.00.png
15,HJ,J5o,0,0,0,100,false,frame_005.00.png
15,HJ,T5o,0,0,0,100,false,frame_005.00.png
15,HJ,95o,0,0,0,100,false,frame_005.00.png
15,HJ,85o,0,0,0,100,false,frame_005.00.png
15,HJ,75o,0,0,0,100,false,frame_005.00.png
15,HJ,65o,0,0,0,100,false,frame_005.00.png
15,HJ,55,87,13,0,0,false,frame_005.00.png
15,HJ,54s,0,0,0,100,false,frame_005.00.png
15,HJ,53s,0,0,0,100,false,frame_005.00.png
15,HJ,52s,0,0,0,100,false,frame_005.00.png
15,HJ,A4o,0,0,0,100,false,frame_005.00.png
15,HJ,K4o,0,0,0,100,false,frame_005.00.png
15,HJ,Q4o,0,0,0,100,false,frame_005.00.png
15,HJ,J4o,0,0,0,100,false,frame_005.00.png
15,HJ,T4o,0,0,0,100,false,frame_005.00.png
15,HJ,94o,0,0,0,100,false,frame_005.00.png
15,HJ,84o,0,0,0,100,false,frame_005.00.png
15,HJ,74o,0,0,0,100,false,frame_005.00.png
15,HJ,64o,0,0,0,100,false,frame_005.00.png
15,HJ,54o,0,0,0,100,false,frame_005.00.png
15,HJ,44,0,0,0,100,false,frame_005.00.png
15,HJ,43s,0,0,0,100,false,frame_005.00.png
15,HJ,42s,0,0,0,100,false,frame_005.00.png
15,HJ,A3o,0,0,0,100,false,frame_005.00.png
15,HJ,K3o,0,0,0,100,false,frame_005.00.png
15,HJ,Q3o,0,0,0,100,false,frame_005.00.png
15,HJ,J3o,0,0,0,100,false,frame_005.00.png
15,HJ,T3o,0,0,0,100,false,frame_005.00.png
15,HJ,93o,0,0,0,100,false,frame_005.00.png
15,HJ,83o,0,0,0,100,false,frame_005.00.png
15,HJ,73o,0,0,0,100,false,frame_005.00.png
15,HJ,63o,0,0,0,100,false,frame_005.00.png
15,HJ,53o,0,0,0,100,false,frame_005.00.png
15,HJ,43o,0,0,0,100,false,frame_005.00.png
15,HJ,33,0,0,0,100,false,frame_005.00.png
15,HJ,32s,0,0,0,100,false,frame_005.00.png
15,HJ,A2o,0,0,0,100,false,frame_005.00.png
15,HJ,K2o,0,0,0,100,false,frame_005.00.png
15,HJ,Q2o,0,0,0,100,false,frame_005.00.png
15,HJ,J2o,0,0,0,100,false,frame_005.00.png
15,HJ,T2o,0,0,0,100,false,frame_005.00.png
15,HJ,92o,0,0,0,100,false,frame_005.00.png
15,HJ,82o,0,0,0,100,false,frame_005.00.png
15,HJ,72o,0,0,0,100,false,frame_005.00.png
15,HJ,62o,0,0,0,100,false,frame_005.00.png
15,HJ,52o,0,0,0,100,false,frame_005.00.png
15,HJ,42o,0,0,0,100,false,frame_005.00.png
15,HJ,32o,0,0,0,100,false,frame_005.00.png
15,HJ,22,0,0,0,100,false,frame_005.00.png
15,CO,AA,3,97,0,0,false,frame_007.00.png
15,CO,AKs,3,97,0,0,false,frame_007.00.png
15,CO,AQs,3,97,0,0,false,frame_007.00.png
15,CO,AJs,2,98,0,0,false,frame_007.00.png
15,CO,ATs,2,98,0,0,false,frame_007.00.png
15,CO,A9s,3,97,0,0,false,frame_007.00.png
15,CO,A8s,18,82,0,0,false,frame_007.00.png
15,CO,A7s,61,39,0,0,false,frame_007.00.png
15,CO,A6s,3,97,0,0,false,frame_007.00.png
15,CO,A5s,100,0,0,0,false,frame_007.00.png
15,CO,A4s,54,46,0,0,false,frame_007.00.png
15,CO,A3s,2,98,0,0,false,frame_007.00.png
15,CO,A2s,2,98,0,0,false,frame_007.00.png
15,CO,AKo,3,97,0,0,false,frame_007.00.png
15,CO,KK,0,100,0,0,false,frame_007.00.png
15,CO,KQs,3,97,0,0,false,frame_007.00.png
15,CO,KJs,47,53,0,0,false,frame_007.00.png
15,CO,KTs,100,0,0,0,false,frame_007.00.png
15,CO,K9s,3,97,0,0,false,frame_007.00.png
15,CO,K8s,3,97,0,0,false,frame_007.00.png
15,CO,K7s,0,32,0,68,true,frame_007.00.png
15,CO,K6s,0,0,0,100,false,frame_007.00.png
15,CO,K5s,0,0,0,100,false,frame_007.00.png
15,CO,K4s,0,0,0,100,false,frame_007.00.png
15,CO,K3s,0,0,0,100,false,frame_007.00.png
15,CO,K2s,0,0,0,100,false,frame_007.00.png
15,CO,AQo,66,34,0,0,false,frame_007.00.png
15,CO,KQo,90,10,0,0,false,frame_007.00.png
15,CO,QQ,3,97,0,0,false,frame_007.00.png
15,CO,QJs,100,0,0,0,false,frame_007.00.png
15,CO,QTs,100,0,0,0,false,frame_007.00.png
15,CO,Q9s,4,96,0,0,false,frame_007.00.png
15,CO,Q8s,3,97,0,0,false,frame_007.00.png
15,CO,Q7s,0,0,0,100,false,frame_007.00.png
15,CO,Q6s,0,0,0,100,false,frame_007.00.png
15,CO,Q5s,0,0,0,100,false,frame_007.00.png
15,CO,Q4s,0,0,0,100,false,frame_007.00.png
15,CO,Q3s,0,0,0,100,false,frame_007.00.png
15,CO,Q2s,0,0,0,100,false,frame_007.00.png
15,CO,AJo,97,3,0,0,false,frame_007.00.png
15,CO,KJo,2,98,0,0,false,frame_007.00.png
15,CO,QJo,3,97,0,0,false,frame_007.00.png
15,CO,JJ,0,100,0,0,false,frame_007.00.png
15,CO,JTs,100,0,0,0,false,frame_007.00.png
15,CO,J9s,2,98,0,0,false,frame_007.00.png
15,CO,J8s,0,0,0,100,false,frame_007.00.png
15,CO,J7s,0,0,0,100,false,frame_007.00.png
15,CO,J6s,0,0,0,100,false,frame_007.00.png
15,CO,J5s,0,0,0,100,false,frame_007.00.png
15,CO,J4s,0,0,0,100,false,frame_007.00.png
15,CO,J3s,0,0,0,100,false,frame_007.00.png
15,CO,J2s,0,0,0,100,false,frame_007.00.png
15,CO,ATo,85,15,0,0,false,frame_007.00.png
15,CO,KTo,2,98,0,0,false,frame_007.00.png
15,CO,QTo,3,97,0,0,false,frame_007.00.png
15,CO,JTo,0,46,0,54,true,frame_007.00.png
15,CO,TT,0,100,0,0,false,frame_007.00.png
15,CO,T9s,85,15,0,0,false,frame_007.00.png
15,CO,T8s,0,11,0,89,false,frame_007.00.png
15,CO,T7s,0,0,0,100,false,frame_007.00.png
15,CO,T6s,0,0,0,100,false,frame_007.00.png
15,CO,T5s,0,0,0,100,false,frame_007.00.png
15,CO,T4s,0,0,0,100,false,frame_007.00.png
15,CO,T3s,0,0,0,100,false,frame_007.00.png
15,CO,T2s,0,0,0,100,false,frame_007.00.png
15,CO,A9o,54,46,0,0,false,frame_007.00.png
15,CO,K9o,0,0,0,100,false,frame_007.00.png
15,CO,Q9o,0,0,0,100,false,frame_007.00.png
15,CO,J9o,0,0,0,100,false,frame_007.00.png
15,CO,T9o,0,0,0,100,false,frame_007.00.png
15,CO,99,2,98,0,0,false,frame_007.00.png
15,CO,98s,0,0,0,100,false,frame_007.00.png
15,CO,97s,0,0,0,100,false,frame_007.00.png
15,CO,96s,0,0,0,100,false,frame_007.00.png
15,CO,95s,0,0,0,100,false,frame_007.00.png
15,CO,94s,0,0,0,100,false,frame_007.00.png
15,CO,93s,0,0,0,100,false,frame_007.00.png
15,CO,92s,0,0,0,100,false,frame_007.00.png
15,CO,A8o,3,97,0,0,false,frame_007.00.png
15,CO,K8o,0,0,0,100,false,frame_007.00.png
15,CO,Q8o,0,0,0,100,false,frame_007.00.png
15,CO,J8o,0,0,0,100,false,frame_007.00.png
15,CO,T8o,0,0,0,100,false,frame_007.00.png
15,CO,98o,0,0,0,100,false,frame_007.00.png
15,CO,88,0,100,0,0,false,frame_007.00.png
15,CO,87s,0,0,0,100,false,frame_007.00.png
15,CO,86s,0,0,0,100,false,frame_007.00.png
15,CO,85s,0,0,0,100,false,frame_007.00.png
15,CO,84s,0,0,0,100,false,frame_007.00.png
15,CO,83s,0,0,0,100,false,frame_007.00.png
15,CO,82s,0,0,0,100,false,frame_007.00.png
15,CO,A7o,3,50,0,47,true,frame_007.00.png
15,CO,K7o,0,0,0,100,false,frame_007.00.png
15,CO,Q7o,0,0,0,100,false,frame_007.00.png
15,CO,J7o,0,0,0,100,false,frame_007.00.png
15,CO,T7o,0,0,0,100,false,frame_007.00.png
15,CO,97o,0,0,0,100,false,frame_007.00.png
15,CO,87o,0,0,0,100,false,frame_007.00.png
15,CO,77,55,45,0,0,false,frame_007.00.png
15,CO,76s,0,0,0,100,false,frame_007.00.png
15,CO,75s,0,0,0,100,false,frame_007.00.png
15,CO,74s,0,0,0,100,false,frame_007.00.png
15,CO,73s,0,0,0,100,false,frame_007.00.png
15,CO,72s,0,0,0,100,false,frame_007.00.png
15,CO,A6o,0,0,0,100,false,frame_007.00.png
15,CO,K6o,0,0,0,100,false,frame_007.00.png
15,CO,Q6o,0,0,0,100,false,frame_007.00.png
15,CO,J6o,0,0,0,100,false,frame_007.00.png
15,CO,T6o,0,0,0,100,false,frame_007.00.png
15,CO,96o,0,0,0,100,false,frame_007.00.png
15,CO,86o,0,0,0,100,false,frame_007.00.png
15,CO,76o,0,0,0,100,false,frame_007.00.png
15,CO,66,66,34,0,0,false,frame_007.00.png
15,CO,65s,0,0,0,100,false,frame_007.00.png
15,CO,64s,0,0,0,100,false,frame_007.00.png
15,CO,63s,0,0,0,100,false,frame_007.00.png
15,CO,62s,0,0,0,100,false,frame_007.00.png
15,CO,A5o,2,32,0,66,true,frame_007.00.png
15,CO,K5o,0,0,0,100,false,frame_007.00.png
15,CO,Q5o,0,0,0,100,false,frame_007.00.png
15,CO,J5o,0,0,0,100,false,frame_007.00.png
15,CO,T5o,0,0,0,100,false,frame_007.00.png
15,CO,95o,0,0,0,100,false,frame_007.00.png
15,CO,85o,0,0,0,100,false,frame_007.00.png
15,CO,75o,0,0,0,100,false,frame_007.00.png
15,CO,65o,0,0,0,100,false,frame_007.00.png
15,CO,55,70,30,0,0,false,frame_007.00.png
15,CO,54s,0,0,0,100,false,frame_007.00.png
15,CO,53s,0,0,0,100,false,frame_007.00.png
15,CO,52s,0,0,0,100,false,frame_007.00.png
15,CO,A4o,0,0,0,100,false,frame_007.00.png
15,CO,K4o,0,0,0,100,false,frame_007.00.png
15,CO,Q4o,0,0,0,100,false,frame_007.00.png
15,CO,J4o,0,0,0,100,false,frame_007.00.png
15,CO,T4o,0,0,0,100,false,frame_007.00.png
15,CO,94o,0,0,0,100,false,frame_007.00.png
15,CO,84o,0,0,0,100,false,frame_007.00.png
15,CO,74o,0,0,0,100,false,frame_007.00.png
15,CO,64o,0,0,0,100,false,frame_007.00.png
15,CO,54o,0,0,0,100,false,frame_007.00.png
15,CO,44,100,0,0,0,false,frame_007.00.png
15,CO,43s,0,0,0,100,false,frame_007.00.png
15,CO,42s,0,0,0,100,false,frame_007.00.png
15,CO,A3o,0,0,0,100,false,frame_007.00.png
15,CO,K3o,0,0,0,100,false,frame_007.00.png
15,CO,Q3o,0,0,0,100,false,frame_007.00.png
15,CO,J3o,0,0,0,100,false,frame_007.00.png
15,CO,T3o,0,0,0,100,false,frame_007.00.png
15,CO,93o,0,0,0,100,false,frame_007.00.png
15,CO,83o,0,0,0,100,false,frame_007.00.png
15,CO,73o,0,0,0,100,false,frame_007.00.png
15,CO,63o,0,0,0,100,false,frame_007.00.png
15,CO,53o,0,0,0,100,false,frame_007.00.png
15,CO,43o,0,0,0,100,false,frame_007.00.png
15,CO,33,68,0,0,32,true,frame_007.00.png
15,CO,32s,0,0,0,100,false,frame_007.00.png
15,CO,A2o,0,0,0,100,false,frame_007.00.png
15,CO,K2o,0,0,0,100,false,frame_007.00.png
15,CO,Q2o,0,0,0,100,false,frame_007.00.png
15,CO,J2o,0,0,0,100,false,frame_007.00.png
15,CO,T2o,0,0,0,100,false,frame_007.00.png
15,CO,92o,0,0,0,100,false,frame_007.00.png
15,CO,82o,0,0,0,100,false,frame_007.00.png
15,CO,72o,0,0,0,100,false,frame_007.00.png
15,CO,62o,0,0,0,100,false,frame_007.00.png
15,CO,52o,0,0,0,100,false,frame_007.00.png
15,CO,42o,0,0,0,100,false,frame_007.00.png
15,CO,32o,0,0,0,100,false,frame_007.00.png
15,CO,22,0,0,0,100,false,frame_007.00.png
15,BTN,AA,3,97,0,0,false,frame_009.00.png
15,BTN,AKs,3,97,0,0,false,frame_009.00.png
15,BTN,AQs,3,97,0,0,false,frame_009.00.png
15,BTN,AJs,2,98,0,0,false,frame_009.00.png
15,BTN,ATs,2,98,0,0,false,frame_009.00.png
15,BTN,A9s,3,97,0,0,false,frame_009.00.png
15,BTN,A8s,2,98,0,0,false,frame_009.00.png
15,BTN,A7s,2,98,0,0,false,frame_009.00.png
15,BTN,A6s,100,0,0,0,false,frame_009.00.png
15,BTN,A5s,100,0,0,0,false,frame_009.00.png
15,BTN,A4s,100,0,0,0,false,frame_009.00.png
15,BTN,A3s,100,0,0,0,false,frame_009.00.png
15,BTN,A2s,100,0,0,0,false,frame_009.00.png
15,BTN,AKo,3,97,0,0,false,frame_009.00.png
15,BTN,KK,0,100,0,0,false,frame_009.00.png
15,BTN,KQs,3,97,0,0,false,frame_009.00.png
15,BTN,KJs,2,98,0,0,false,frame_009.00.png
15,BTN,KTs,100,0,0,0,false,frame_009.00.png
15,BTN,K9s,93,7,0,0,false,frame_009.00.png
15,BTN,K8s,3,97,0,0,false,frame_009.00.png
15,BTN,K7s,2,98,0,0,false,frame_009.00.png
15,BTN,K6s,0,0,0,100,false,frame_009.00.png
15,BTN,K5s,0,5,0,95,false,frame_009.00.png
15,BTN,K4s,0,0,0,100,false,frame_009.00.png
15,BTN,K3s,0,0,0,100,false,frame_009.00.png
15,BTN,K2s,0,0,0,100,false,frame_009.00.png
15,BTN,AQo,63,37,0,0,false,frame_009.00.png
15,BTN,KQo,96,4,0,0,false,frame_009.00.png
15,BTN,QQ,3,97,0,0,false,frame_009.00.png
15,BTN,QJs,100,0,0,0,false,frame_009.00.png
15,BTN,QTs,100,0,0,0,false,frame_009.00.png
15,BTN,Q9s,4,96,0,0,false,frame_009.00.png
15,BTN,Q8s,3,97,0,0,false,frame_009.00.png
15,BTN,Q7s,2,41,0,57,true,frame_009.00.png
15,BTN,Q6s,0,0,0,100,false,frame_009.00.png
15,BTN,Q5s,0,0,0,100,false,frame_009.00.png
15,BTN,Q4s,0,0,0,100,false,frame_009.00.png
15,BTN,Q3s,0,0,0,100,false,frame_009.00.png
15,BTN,Q2s,0,0,0,100,false,frame_009.00.png
15,BTN,AJo,100,0,0,0,false,frame_009.00.png
15,BTN,KJo,78,22,0,0,false,frame_009.00.png
15,BTN,QJo,12,88,0,0,false,frame_009.00.png
15,BTN,JJ,0,100,0,0,false,frame_009.00.png
15,BTN,JTs,100,0,0,0,false,frame_009.00.png
15,BTN,J9s,100,0,0,0,false,frame_009.00.png
15,BTN,J8s,2,98,0,0,false,frame_009.00.png
15,BTN,J7s,0,0,0,100,false,frame_009.00.png
15,BTN,J6s,0,0,0,100,false,frame_009.00.png
15,BTN,J5s,0,0,0,100,false,frame_009.00.png
15,BTN,J4s,0,0,0,100,false,frame_009.00.png
15,BTN,J3s,0,0,0,100,false,frame_009.00.png
15,BTN,J2s,0,0,0,100,false,frame_009.00.png
15,BTN,ATo,100,0,0,0,false,frame_009.00.png
15,BTN,KTo,2,98,0,0,false,frame_009.00.png
15,BTN,QTo,3,97,0,0,false,frame_009.00.png
15,BTN,JTo,8,92,0,0,false,frame_009.00.png
15,BTN,TT,0,100,0,0,false,frame_009.00.png
15,BTN,T9s,100,0,0,0,false,frame_009.00.png
15,BTN,T8s,2,76,0,22,false,frame_009.00.png
15,BTN,T7s,0,0,0,100,false,frame_009.00.png
15,BTN,T6s,0,0,0,100,false,frame_009.00.png
15,BTN,T5s,0,0,0,100,false,frame_009.00.png
15,BTN,T4s,0,0,0,100,false,frame_009.00.png
15,BTN,T3s,0,0,0,100,false,frame_009.00.png
15,BTN,T2s,0,0,0,100,false,frame_009.00.png
15,BTN,A9o,100,0,0,0,false,frame_009.00.png
15,BTN,K9o,3,79,0,18,false,frame_009.00.png
15,BTN,Q9o,0,16,0,84,false,frame_009.00.png
15,BTN,J9o,0,0,0,100,false,frame_009.00.png
15,BTN,T9o,0,0,0,100,false,frame_009.00.png
15,BTN,99,2,98,0,0,false,frame_009.00.png
15,BTN,98s,3,97,0,0,false,frame_009.00.png
15,BTN,97s,0,0,0,100,false,frame_009.00.png
15,BTN,96s,0,0,0,100,false,frame_009.00.png
15,BTN,95s,0,0,0,100,false,frame_009.00.png
15,BTN,94s,0,0,0,100,false,frame_009.00.png
15,BTN,93s,0,0,0,100,false,frame_009.00.png
15,BTN,92s,0,0,0,100,false,frame_009.00.png
15,BTN,A8o,100,0,0,0,false,frame_009.00.png
15,BTN,K8o,0,0,0,100,false,frame_009.00.png
15,BTN,Q8o,0,0,0,100,false,frame_009.00.png
15,BTN,J8o,0,0,0,100,false,frame_009.00.png
15,BTN,T8o,0,0,0,100,false,frame_009.00.png
15,BTN,98o,0,0,0,100,false,frame_009.00.png
15,BTN,88,0,100,0,0,false,frame_009.00.png
15,BTN,87s,0,0,0,100,false,frame_009.00.png
15,BTN,86s,0,0,0,100,false,frame_009.00.png
15,BTN,85s,0,0,0,100,false,frame_009.00.png
15,BTN,84s,0,0,0,100,false,frame_009.00.png
15,BTN,83s,0,0,0,100,false,frame_009.00.png
15,BTN,82s,0,0,0,100,false,frame_009.00.png
15,BTN,A7o,42,58,0,0,false,frame_009.00.png
15,BTN,K7o,0,0,0,100,false,frame_009.00.png
15,BTN,Q7o,0,0,0,100,false,frame_009.00.png
15,BTN,J7o,0,0,0,100,false,frame_009.00.png
15,BTN,T7o,0,0,0,100,false,frame_009.00.png
15,BTN,97o,0,0,0,100,false,frame_009.00.png
15,BTN,87o,0,0,0,100,false,frame_009.00.png
15,BTN,77,42,58,0,0,false,frame_009.00.png
15,BTN,76s,0,0,0,100,false,frame_009.00.png
15,BTN,75s,0,0,0,100,false,frame_009.00.png
15,BTN,74s,0,0,0,100,false,frame_009.00.png
15,BTN,73s,0,0,0,100,false,frame_009.00.png
15,BTN,72s,0,0,0,100,false,frame_009.00.png
15,BTN,A6o,3,97,0,0,false,frame_009.00.png
15,BTN,K6o,0,0,0,100,false,frame_009.00.png
15,BTN,Q6o,0,0,0,100,false,frame_009.00.png
15,BTN,J6o,0,0,0,100,false,frame_009.00.png
15,BTN,T6o,0,0,0,100,false,frame_009.00.png
15,BTN,96o,0,0,0,100,false,frame_009.00.png
15,BTN,86o,0,0,0,100,false,frame_009.00.png
15,BTN,76o,0,0,0,100,false,frame_009.00.png
15,BTN,66,94,6,0,0,false,frame_009.00.png
15,BTN,65s,0,0,0,100,false,frame_009.00.png
15,BTN,64s,0,0,0,100,false,frame_009.00.png
15,BTN,63s,0,0,0,100,false,frame_009.00.png
15,BTN,62s,0,0,0,100,false,frame_009.00.png
15,BTN,A5o,32,68,0,0,false,frame_009.00.png
15,BTN,K5o,0,0,0,100,false,frame_009.00.png
15,BTN,Q5o,0,0,0,100,false,frame_009.00.png
15,BTN,J5o,0,0,0,100,false,frame_009.00.png
15,BTN,T5o,0,0,0,100,false,frame_009.00.png
15,BTN,95o,0,0,0,100,false,frame_009.00.png
15,BTN,85o,0,0,0,100,false,frame_009.00.png
15,BTN,75o,0,0,0,100,false,frame_009.00.png
15,BTN,65o,0,0,0,100,false,frame_009.00.png
15,BTN,55,100,0,0,0,false,frame_009.00.png
15,BTN,54s,0,0,0,100,false,frame_009.00.png
15,BTN,53s,0,0,0,100,false,frame_009.00.png
15,BTN,52s,0,0,0,100,false,frame_009.00.png
15,BTN,A4o,5,72,0,23,false,frame_009.00.png
15,BTN,K4o,0,0,0,100,false,frame_009.00.png
15,BTN,Q4o,0,0,0,100,false,frame_009.00.png
15,BTN,J4o,0,0,0,100,false,frame_009.00.png
15,BTN,T4o,0,0,0,100,false,frame_009.00.png
15,BTN,94o,0,0,0,100,false,frame_009.00.png
15,BTN,84o,0,0,0,100,false,frame_009.00.png
15,BTN,74o,0,0,0,100,false,frame_009.00.png
15,BTN,64o,0,0,0,100,false,frame_009.00.png
15,BTN,54o,0,0,0,100,false,frame_009.00.png
15,BTN,44,100,0,0,0,false,frame_009.00.png
15,BTN,43s,0,0,0,100,false,frame_009.00.png
15,BTN,42s,0,0,0,100,false,frame_009.00.png
15,BTN,A3o,0,0,0,100,false,frame_009.00.png
15,BTN,K3o,0,0,0,100,false,frame_009.00.png
15,BTN,Q3o,0,0,0,100,false,frame_009.00.png
15,BTN,J3o,0,0,0,100,false,frame_009.00.png
15,BTN,T3o,0,0,0,100,false,frame_009.00.png
15,BTN,93o,0,0,0,100,false,frame_009.00.png
15,BTN,83o,0,0,0,100,false,frame_009.00.png
15,BTN,73o,0,0,0,100,false,frame_009.00.png
15,BTN,63o,0,0,0,100,false,frame_009.00.png
15,BTN,53o,0,0,0,100,false,frame_009.00.png
15,BTN,43o,0,0,0,100,false,frame_009.00.png
15,BTN,33,100,0,0,0,false,frame_009.00.png
15,BTN,32s,0,0,0,100,false,frame_009.00.png
15,BTN,A2o,0,0,0,100,false,frame_009.00.png
15,BTN,K2o,0,0,0,100,false,frame_009.00.png
15,BTN,Q2o,0,0,0,100,false,frame_009.00.png
15,BTN,J2o,0,0,0,100,false,frame_009.00.png
15,BTN,T2o,0,0,0,100,false,frame_009.00.png
15,BTN,92o,0,0,0,100,false,frame_009.00.png
15,BTN,82o,0,0,0,100,false,frame_009.00.png
15,BTN,72o,0,0,0,100,false,frame_009.00.png
15,BTN,62o,0,0,0,100,false,frame_009.00.png
15,BTN,52o,0,0,0,100,false,frame_009.00.png
15,BTN,42o,0,0,0,100,false,frame_009.00.png
15,BTN,32o,0,0,0,100,false,frame_009.00.png
15,BTN,22,100,0,0,0,false,frame_009.00.png
15,SB,AA,3,97,0,0,false,frame_011.00.png
15,SB,AKs,3,97,0,0,false,frame_011.00.png
15,SB,AQs,3,97,0,0,false,frame_011.00.png
15,SB,AJs,2,98,0,0,false,frame_011.00.png
15,SB,ATs,2,98,0,0,false,frame_011.00.png
15,SB,A9s,13,87,0,0,false,frame_011.00.png
15,SB,A8s,34,66,0,0,false,frame_011.00.png
15,SB,A7s,90,10,0,0,false,frame_011.00.png
15,SB,A6s,100,0,0,0,false,frame_011.00.png
15,SB,A5s,100,0,0,0,false,frame_011.00.png
15,SB,A4s,100,0,0,0,false,frame_011.00.png
15,SB,A3s,100,0,0,0,false,frame_011.00.png
15,SB,A2s,100,0,0,0,false,frame_011.00.png
15,SB,AKo,27,73,0,0,false,frame_011.00.png
15,SB,KK,0,100,0,0,false,frame_011.00.png
15,SB,KQs,3,97,0,0,false,frame_011.00.png
15,SB,KJs,2,98,0,0,false,frame_011.00.png
15,SB,KTs,2,98,0,0,false,frame_011.00.png
15,SB,K9s,100,0,0,0,false,frame_011.00.png
15,SB,K8s,3,97,0,0,false,frame_011.00.png
15,SB,K7s,2,98,0,0,false,frame_011.00.png
15,SB,K6s,3,97,0,0,false,frame_011.00.png
15,SB,K5s,2,98,0,0,false,frame_011.00.png
15,SB,K4s,3,97,0,0,false,frame_011.00.png
15,SB,K3s,3,97,0,0,false,frame_011.00.png
15,SB,K2s,0,0,0,100,false,frame_011.00.png
15,SB,AQo,51,49,0,0,false,frame_011.00.png
15,SB,KQo,100,0,0,0,false,frame_011.00.png
15,SB,QQ,3,97,0,0,false,frame_011.00.png
15,SB,QJs,2,98,0,0,false,frame_011.00.png
15,SB,QTs,31,69,0,0,false,frame_011.00.png
15,SB,Q9s,100,0,0,0,false,frame_011.00.png
15,SB,Q8s,3,97,0,0,false,frame_011.00.png
15,SB,Q7s,2,98,0,0,false,frame_011.00.png
15,SB,Q6s,3,97,0,0,false,frame_011.00.png
15,SB,Q5s,2,98,0,0,false,frame_011.00.png
15,SB,Q4s,0,35,0,65,true,frame_011.00.png
15,SB,Q3s,0,0,0,100,false,frame_011.00.png
15,SB,Q2s,0,0,0,100,false,frame_011.00.png
15,SB,AJo,100,0,0,0,false,frame_011.00.png
15,SB,KJo,100,0,0,0,false,frame_011.00.png
15,SB,QJo,100,0,0,0,false,frame_011.00.png
15,SB,JJ,0,100,0,0,false,frame_011.00.png
15,SB,JTs,100,0,0,0,false,frame_011.00.png
15,SB,J9s,100,0,0,0,false,frame_011.00.png
15,SB,J8s,2,98,0,0,false,frame_011.00.png
15,SB,J7s,0,100,0,0,false,frame_011.00.png
15,SB,J6s,3,71,0,26,false,frame_011.00.png
15,SB,J5s,0,7,0,93,false,frame_011.00.png
15,SB,J4s,0,0,0,100,false,frame_011.00.png
15,SB,J3s,0,0,0,100,false,frame_011.00.png
15,SB,J2s,0,0,0,100,false,frame_011.00.png
15,SB,ATo,100,0,0,0,false,frame_011.00.png
15,SB,KTo,100,0,0,0,false,frame_011.00.png
15,SB,QTo,32,68,0,0,false,frame_011.00.png
15,SB,JTo,87,13,0,0,false,frame_011.00.png
15,SB,TT,0,100,0,0,false,frame_011.00.png
15,SB,T9s,100,0,0,0,false,frame_011.00.png
15,SB,T8s,100,0,0,0,false,frame_011.00.png
15,SB,T7s,0,100,0,0,false,frame_011.00.png
15,SB,T6s,2,17,0,81,false,frame_011.00.png
15,SB,T5s,0,0,0,100,false,frame_011.00.png
15,SB,T4s,0,0,0,100,false,frame_011.00.png
15,SB,T3s,0,0,0,100,false,frame_011.00.png
15,SB,T2s,0,0,0,100,false,frame_011.00.png
15,SB,A9o,100,0,0,0,false,frame_011.00.png
15,SB,K9o,3,97,0,0,false,frame_011.00.png
15,SB,Q9o,3,97,0,0,false,frame_011.00.png
15,SB,J9o,2,98,0,0,false,frame_011.00.png
15,SB,T9o,0,61,0,39,true,frame_011.00.png
15,SB,99,2,98,0,0,false,frame_011.00.png
15,SB,98s,100,0,0,0,false,frame_011.00.png
15,SB,97s,0,75,0,25,false,frame_011.00.png
15,SB,96s,0,0,0,100,false,frame_011.00.png
15,SB,95s,0,0,0,100,false,frame_011.00.png
15,SB,94s,0,0,0,100,false,frame_011.00.png
15,SB,93s,0,0,0,100,false,frame_011.00.png
15,SB,92s,0,0,0,100,false,frame_011.00.png
15,SB,A8o,100,0,0,0,false,frame_011.00.png
15,SB,K8o,3,73,0,24,false,frame_011.00.png
15,SB,Q8o,0,0,0,100,false,frame_011.00.png
15,SB,J8o,0,0,0,100,false,frame_011.00.png
15,SB,T8o,0,0,0,100,false,frame_011.00.png
15,SB,98o,0,0,0,100,false,frame_011.00.png
15,SB,88,0,100,0,0,false,frame_011.00.png
15,SB,87s,0,100,0,0,false,frame_011.00.png
15,SB,86s,0,0,0,100,false,frame_011.00.png
15,SB,85s,0,0,0,100,false,frame_011.00.png
15,SB,84s,0,0,0,100,false,frame_011.00.png
15,SB,83s,0,0,0,100,false,frame_011.00.png
15,SB,82s,0,0,0,100,false,frame_011.00.png
15,SB,A7o,100,0,0,0,false,frame_011.00.png
15,SB,K7o,0,0,0,100,false,frame_011.00.png
15,SB,Q7o,0,0,0,100,false,frame_011.00.png
15,SB,J7o,0,0,0,100,false,frame_011.00.png
15,SB,T7o,0,0,0,100,false,frame_011.00.png
15,SB,97o,0,0,0,100,false,frame_011.00.png
15,SB,87o,0,0,0,100,false,frame_011.00.png
15,SB,77,0,100,0,0,false,frame_011.00.png
15,SB,76s,0,11,0,89,false,frame_011.00.png
15,SB,75s,0,0,0,100,false,frame_011.00.png
15,SB,74s,0,0,0,100,false,frame_011.00.png
15,SB,73s,0,0,0,100,false,frame_011.00.png
15,SB,72s,0,0,0,100,false,frame_011.00.png
15,SB,A6o,100,0,0,0,false,frame_011.00.png
15,SB,K6o,0,0,0,100,false,frame_011.00.png
15,SB,Q6o,0,0,0,100,false,frame_011.00.png
15,SB,J6o,0,0,0,100,false,frame_011.00.png
15,SB,T6o,0,0,0,100,false,frame_011.00.png
15,SB,96o,0,0,0,100,false,frame_011.00.png
15,SB,86o,0,0,0,100,false,frame_011.00.png
15,SB,76o,0,0,0,100,false,frame_011.00.png
15,SB,66,100,0,0,0,false,frame_011.00.png
15,SB,65s,0,0,0,100,false,frame_011.00.png
15,SB,64s,0,0,0,100,false,frame_011.00.png
15,SB,63s,0,0,0,100,false,frame_011.00.png
15,SB,62s,0,0,0,100,false,frame_011.00.png
15,SB,A5o,85,15,0,0,false,frame_011.00.png
15,SB,K5o,0,0,0,100,false,frame_011.00.png
15,SB,Q5o,0,0,0,100,false,frame_011.00.png
15,SB,J5o,0,0,0,100,false,frame_011.00.png
15,SB,T5o,0,0,0,100,false,frame_011.00.png
15,SB,95o,0,0,0,100,false,frame_011.00.png
15,SB,85o,0,0,0,100,false,frame_011.00.png
15,SB,75o,0,0,0,100,false,frame_011.00.png
15,SB,65o,0,0,0,100,false,frame_011.00.png
15,SB,55,100,0,0,0,false,frame_011.00.png
15,SB,54s,0,0,0,100,false,frame_011.00.png
15,SB,53s,0,0,0,100,false,frame_011.00.png
15,SB,52s,0,0,0,100,false,frame_011.00.png
15,SB,A4o,97,3,0,0,false,frame_011.00.png
15,SB,K4o,0,0,0,100,false,frame_011.00.png
15,SB,Q4o,0,0,0,100,false,frame_011.00.png
15,SB,J4o,0,0,0,100,false,frame_011.00.png
15,SB,T4o,0,0,0,100,false,frame_011.00.png
15,SB,94o,0,0,0,100,false,frame_011.00.png
15,SB,84o,0,0,0,100,false,frame_011.00.png
15,SB,74o,0,0,0,100,false,frame_011.00.png
15,SB,64o,0,0,0,100,false,frame_011.00.png
15,SB,54o,0,0,0,100,false,frame_011.00.png
15,SB,44,100,0,0,0,false,frame_011.00.png
15,SB,43s,0,0,0,100,false,frame_011.00.png
15,SB,42s,0,0,0,100,false,frame_011.00.png
15,SB,A3o,79,21,0,0,false,frame_011.00.png
15,SB,K3o,0,0,0,100,false,frame_011.00.png
15,SB,Q3o,0,0,0,100,false,frame_011.00.png
15,SB,J3o,0,0,0,100,false,frame_011.00.png
15,SB,T3o,0,0,0,100,false,frame_011.00.png
15,SB,93o,0,0,0,100,false,frame_011.00.png
15,SB,83o,0,0,0,100,false,frame_011.00.png
15,SB,73o,0,0,0,100,false,frame_011.00.png
15,SB,63o,0,0,0,100,false,frame_011.00.png
15,SB,53o,0,0,0,100,false,frame_011.00.png
15,SB,43o,0,0,0,100,false,frame_011.00.png
15,SB,33,100,0,0,0,false,frame_011.00.png
15,SB,32s,0,0,0,100,false,frame_011.00.png
15,SB,A2o,88,12,0,0,false,frame_011.00.png
15,SB,K2o,0,0,0,100,false,frame_011.00.png
15,SB,Q2o,0,0,0,100,false,frame_011.00.png
15,SB,J2o,0,0,0,100,false,frame_011.00.png
15,SB,T2o,0,0,0,100,false,frame_011.00.png
15,SB,92o,0,0,0,100,false,frame_011.00.png
15,SB,82o,0,0,0,100,false,frame_011.00.png
15,SB,72o,0,0,0,100,false,frame_011.00.png
15,SB,62o,0,0,0,100,false,frame_011.00.png
15,SB,52o,0,0,0,100,false,frame_011.00.png
15,SB,42o,0,0,0,100,false,frame_011.00.png
15,SB,32o,0,0,0,100,false,frame_011.00.png
15,SB,22,100,0,0,0,false,frame_011.00.png
20,UTG,AA,3,97,0,0,false,frame_000.00.png
20,UTG,AKs,2,98,0,0,false,frame_000.00.png
20,UTG,AQs,3,97,0,0,false,frame_000.00.png
20,UTG,AJs,2,98,0,0,false,frame_000.00.png
20,UTG,ATs,2,98,0,0,false,frame_000.00.png
20,UTG,A9s,3,97,0,0,false,frame_000.00.png
20,UTG,A8s,3,97,0,0,false,frame_000.00.png
20,UTG,A7s,2,98,0,0,false,frame_000.00.png
20,UTG,A6s,3,97,0,0,false,frame_000.00.png
20,UTG,A5s,2,98,0,0,false,frame_000.00.png
20,UTG,A4s,2,98,0,0,false,frame_000.00.png
20,UTG,A3s,2,98,0,0,false,frame_000.00.png
20,UTG,A2s,0,0,0,100,false,frame_000.00.png
20,UTG,AKo,3,97,0,0,false,frame_000.00.png
20,UTG,KK,0,100,0,0,false,frame_000.00.png
20,UTG,KQs,3,97,0,0,false,frame_000.00.png
20,UTG,KJs,2,98,0,0,false,frame_000.00.png
20,UTG,KTs,2,98,0,0,false,frame_000.00.png
20,UTG,K9s,3,97,0,0,false,frame_000.00.png
20,UTG,K8s,3,97,0,0,false,frame_000.00.png
20,UTG,K7s,0,0,0,100,false,frame_000.00.png
20,UTG,K6s,0,0,0,100,false,frame_000.00.png
20,UTG,K5s,0,0,0,100,false,frame_000.00.png
20,UTG,K4s,0,0,0,100,false,frame_000.00.png
20,UTG,K3s,0,0,0,100,false,frame_000.00.png
20,UTG,K2s,0,0,0,100,false,frame_000.00.png
20,UTG,AQo,4,96,0,0,false,frame_000.00.png
20,UTG,KQo,3,97,0,0,false,frame_000.00.png
20,UTG,QQ,3,97,0,0,false,frame_000.00.png
20,UTG,QJs,2,98,0,0,false,frame_000.00.png
20,UTG,QTs,2,98,0,0,false,frame_000.00.png
20,UTG,Q9s,4,96,0,0,false,frame_000.00.png
20,UTG,Q8s,0,0,0,100,false,frame_000.00.png
20,UTG,Q7s,0,0,0,100,false,frame_000.00.png
20,UTG,Q6s,0,0,0,100,false,frame_000.00.png
20,UTG,Q5s,0,0,0,100,false,frame_000.00.png
20,UTG,Q4s,0,0,0,100,false,frame_000.00.png
20,UTG,Q3s,0,0,0,100,false,frame_000.00.png
20,UTG,Q2s,0,0,0,100,false,frame_000.00.png
20,UTG,AJo,3,97,0,0,false,frame_000.00.png
20,UTG,KJo,2,98,0,0,false,frame_000.00.png
20,UTG,QJo,4,41,0,55,true,frame_000.00.png
20,UTG,JJ,0,100,0,0,false,frame_000.00.png
20,UTG,JTs,0,100,0,0,false,frame_000.00.png
20,UTG,J9s,2,98,0,0,false,frame_000.00.png
20,UTG,J8s,0,0,0,100,false,frame_000.00.png
20,UTG,J7s,0,0,0,100,false,frame_000.00.png
20,UTG,J6s,0,0,0,100,false,frame_000.00.png
20,UTG,J5s,0,0,0,100,false,frame_000.00.png
20,UTG,J4s,0,0,0,100,false,frame_000.00.png
20,UTG,J3s,0,0,0,100,false,frame_000.00.png
20,UTG,J2s,0,0,0,100,false,frame_000.00.png
20,UTG,ATo,2,98,0,0,false,frame_000.00.png
20,UTG,KTo,0,4,0,96,false,frame_000.00.png
20,UTG,QTo,0,0,0,100,false,frame_000.00.png
20,UTG,JTo,0,0,0,100,false,frame_000.00.png
20,UTG,TT,0,100,0,0,false,frame_000.00.png
20,UTG,T9s,3,97,0,0,false,frame_000.00.png
20,UTG,T8s,0,28,0,72,false,frame_000.00.png
20,UTG,T7s,0,0,0,100,false,frame_000.00.png
20,UTG,T6s,0,0,0,100,false,frame_000.00.png
20,UTG,T5s,0,0,0,100,false,frame_000.00.png
20,UTG,T4s,0,0,0,100,false,frame_000.00.png
20,UTG,T3s,0,0,0,100,false,frame_000.00.png
20,UTG,T2s,0,0,0,100,false,frame_000.00.png
20,UTG,A9o,0,7,0,93,false,frame_000.00.png
20,UTG,K9o,0,0,0,100,false,frame_000.00.png
20,UTG,Q9o,0,0,0,100,false,frame_000.00.png
20,UTG,J9o,0,0,0,100,false,frame_000.00.png
20,UTG,T9o,0,0,0,100,false,frame_000.00.png
20,UTG,99,2,98,0,0,false,frame_000.00.png
20,UTG,98s,2,92,0,6,false,frame_000.00.png
20,UTG,97s,0,0,0,100,false,frame_000.00.png
20,UTG,96s,0,0,0,100,false,frame_000.00.png
20,UTG,95s,0,0,0,100,false,frame_000.00.png
20,UTG,94s,0,0,0,100,false,frame_000.00.png
20,UTG,93s,0,0,0,100,false,frame_000.00.png
20,UTG,92s,0,0,0,100,false,frame_000.00.png
20,UTG,A8o,0,0,0,100,false,frame_000.00.png
20,UTG,K8o,0,0,0,100,false,frame_000.00.png
20,UTG,Q8o,0,0,0,100,false,frame_000.00.png
20,UTG,J8o,0,0,0,100,false,frame_000.00.png
20,UTG,T8o,0,0,0,100,false,frame_000.00.png
20,UTG,98o,0,0,0,100,false,frame_000.00.png
20,UTG,88,0,100,0,0,false,frame_000.00.png
20,UTG,87s,0,0,0,100,false,frame_000.00.png
20,UTG,86s,0,0,0,100,false,frame_000.00.png
20,UTG,85s,0,0,0,100,false,frame_000.00.png
20,UTG,84s,0,0,0,100,false,frame_000.00.png
20,UTG,83s,0,0,0,100,false,frame_000.00.png
20,UTG,82s,0,0,0,100,false,frame_000.00.png
20,UTG,A7o,0,0,0,100,false,frame_000.00.png
20,UTG,K7o,0,0,0,100,false,frame_000.00.png
20,UTG,Q7o,0,0,0,100,false,frame_000.00.png
20,UTG,J7o,0,0,0,100,false,frame_000.00.png
20,UTG,T7o,0,0,0,100,false,frame_000.00.png
20,UTG,97o,0,0,0,100,false,frame_000.00.png
20,UTG,87o,0,0,0,100,false,frame_000.00.png
20,UTG,77,0,100,0,0,false,frame_000.00.png
20,UTG,76s,0,0,0,100,false,frame_000.00.png
20,UTG,75s,0,0,0,100,false,frame_000.00.png
20,UTG,74s,0,0,0,100,false,frame_000.00.png
20,UTG,73s,0,0,0,100,false,frame_000.00.png
20,UTG,72s,0,0,0,100,false,frame_000.00.png
20,UTG,A6o,0,0,0,100,false,frame_000.00.png
20,UTG,K6o,0,0,0,100,false,frame_000.00.png
20,UTG,Q6o,0,0,0,100,false,frame_000.00.png
20,UTG,J6o,0,0,0,100,false,frame_000.00.png
20,UTG,T6o,0,0,0,100,false,frame_000.00.png
20,UTG,96o,0,0,0,100,false,frame_000.00.png
20,UTG,86o,0,0,0,100,false,frame_000.00.png
20,UTG,76o,0,0,0,100,false,frame_000.00.png
20,UTG,66,2,98,0,0,false,frame_000.00.png
20,UTG,65s,0,0,0,100,false,frame_000.00.png
20,UTG,64s,0,0,0,100,false,frame_000.00.png
20,UTG,63s,0,0,0,100,false,frame_000.00.png
20,UTG,62s,0,0,0,100,false,frame_000.00.png
20,UTG,A5o,0,0,0,100,false,frame_000.00.png
20,UTG,K5o,0,0,0,100,false,frame_000.00.png
20,UTG,Q5o,0,0,0,100,false,frame_000.00.png
20,UTG,J5o,0,0,0,100,false,frame_000.00.png
20,UTG,T5o,0,0,0,100,false,frame_000.00.png
20,UTG,95o,0,0,0,100,false,frame_000.00.png
20,UTG,85o,0,0,0,100,false,frame_000.00.png
20,UTG,75o,0,0,0,100,false,frame_000.00.png
20,UTG,65o,0,0,0,100,false,frame_000.00.png
20,UTG,55,0,31,0,69,true,frame_000.00.png
20,UTG,54s,0,0,0,100,false,frame_000.00.png
20,UTG,53s,0,0,0,100,false,frame_000.00.png
20,UTG,52s,0,0,0,100,false,frame_000.00.png
20,UTG,A4o,0,0,0,100,false,frame_000.00.png
20,UTG,K4o,0,0,0,100,false,frame_000.00.png
20,UTG,Q4o,0,0,0,100,false,frame_000.00.png
20,UTG,J4o,0,0,0,100,false,frame_000.00.png
20,UTG,T4o,0,0,0,100,false,frame_000.00.png
20,UTG,94o,0,0,0,100,false,frame_000.00.png
20,UTG,84o,0,0,0,100,false,frame_000.00.png
20,UTG,74o,0,0,0,100,false,frame_000.00.png
20,UTG,64o,0,0,0,100,false,frame_000.00.png
20,UTG,54o,0,0,0,100,false,frame_000.00.png
20,UTG,44,0,0,0,100,false,frame_000.00.png
20,UTG,43s,0,0,0,100,false,frame_000.00.png
20,UTG,42s,0,0,0,100,false,frame_000.00.png
20,UTG,A3o,0,0,0,100,false,frame_000.00.png
20,UTG,K3o,0,0,0,100,false,frame_000.00.png
20,UTG,Q3o,0,0,0,100,false,frame_000.00.png
20,UTG,J3o,0,0,0,100,false,frame_000.00.png
20,UTG,T3o,0,0,0,100,false,frame_000.00.png
20,UTG,93o,0,0,0,100,false,frame_000.00.png
20,UTG,83o,0,0,0,100,false,frame_000.00.png
20,UTG,73o,0,0,0,100,false,frame_000.00.png
20,UTG,63o,0,0,0,100,false,frame_000.00.png
20,UTG,53o,0,0,0,100,false,frame_000.00.png
20,UTG,43o,0,0,0,100,false,frame_000.00.png
20,UTG,33,0,0,0,100,false,frame_000.00.png
20,UTG,32s,0,0,0,100,false,frame_000.00.png
20,UTG,A2o,0,0,0,100,false,frame_000.00.png
20,UTG,K2o,0,0,0,100,false,frame_000.00.png
20,UTG,Q2o,0,0,0,100,false,frame_000.00.png
20,UTG,J2o,0,0,0,100,false,frame_000.00.png
20,UTG,T2o,0,0,0,100,false,frame_000.00.png
20,UTG,92o,0,0,0,100,false,frame_000.00.png
20,UTG,82o,0,0,0,100,false,frame_000.00.png
20,UTG,72o,0,0,0,100,false,frame_000.00.png
20,UTG,62o,0,0,0,100,false,frame_000.00.png
20,UTG,52o,0,0,0,100,false,frame_000.00.png
20,UTG,42o,0,0,0,100,false,frame_000.00.png
20,UTG,32o,0,0,0,100,false,frame_000.00.png
20,UTG,22,0,0,0,100,false,frame_000.00.png
20,UTG1,AA,3,97,0,0,false,frame_001.00.png
20,UTG1,AKs,3,97,0,0,false,frame_001.00.png
20,UTG1,AQs,3,97,0,0,false,frame_001.00.png
20,UTG1,AJs,2,98,0,0,false,frame_001.00.png
20,UTG1,ATs,2,98,0,0,false,frame_001.00.png
20,UTG1,A9s,3,97,0,0,false,frame_001.00.png
20,UTG1,A8s,2,98,0,0,false,frame_001.00.png
20,UTG1,A7s,2,98,0,0,false,frame_001.00.png
20,UTG1,A6s,3,97,0,0,false,frame_001.00.png
20,UTG1,A5s,2,98,0,0,false,frame_001.00.png
20,UTG1,A4s,2,98,0,0,false,frame_001.00.png
20,UTG1,A3s,2,98,0,0,false,frame_001.00.png
20,UTG1,A2s,0,0,0,100,false,frame_001.00.png
20,UTG1,AKo,3,97,0,0,false,frame_001.00.png
20,UTG1,KK,0,100,0,0,false,frame_001.00.png
20,UTG1,KQs,3,97,0,0,false,frame_001.00.png
20,UTG1,KJs,2,98,0,0,false,frame_001.00.png
20,UTG1,KTs,2,98,0,0,false,frame_001.00.png
20,UTG1,K9s,3,97,0,0,false,frame_001.00.png
20,UTG1,K8s,3,97,0,0,false,frame_001.00.png
20,UTG1,K7s,0,0,0,100,false,frame_001.00.png
20,UTG1,K6s,0,0,0,100,false,frame_001.00.png
20,UTG1,K5s,0,0,0,100,false,frame_001.00.png
20,UTG1,K4s,0,0,0,100,false,frame_001.00.png
20,UTG1,K3s,0,0,0,100,false,frame_001.00.png
20,UTG1,K2s,0,0,0,100,false,frame_001.00.png
20,UTG1,AQo,4,96,0,0,false,frame_001.00.png
20,UTG1,KQo,3,97,0,0,false,frame_001.00.png
20,UTG1,QQ,3,97,0,0,false,frame_001.00.png
20,UTG1,QJs,2,98,0,0,false,frame_001.00.png
20,UTG1,QTs,2,98,0,0,false,frame_001.00.png
20,UTG1,Q9s,4,96,0,0,false,frame_001.00.png
20,UTG1,Q8s,0,0,0,100,false,frame_001.00.png
20,UTG1,Q7s,0,0,0,100,false,frame_001.00.png
20,UTG1,Q6s,0,0,0,100,false,frame_001.00.png
20,UTG1,Q5s,0,0,0,100,false,frame_001.00.png
20,UTG1,Q4s,0,0,0,100,false,frame_001.00.png
20,UTG1,Q3s,0,0,0,100,false,frame_001.00.png
20,UTG1,Q2s,0,0,0,100,false,frame_001.00.png
20,UTG1,AJo,3,97,0,0,false,frame_001.00.png
20,UTG1,KJo,2,98,0,0,false,frame_001.00.png
20,UTG1,QJo,4,42,0,54,true,frame_001.00.png
20,UTG1,JJ,0,100,0,0,false,frame_001.00.png
20,UTG1,JTs,0,100,0,0,false,frame_001.00.png
20,UTG1,J9s,2,98,0,0,false,frame_001.00.png
20,UTG1,J8s,0,0,0,100,false,frame_001.00.png
20,UTG1,J7s,0,0,0,100,false,frame_001.00.png
20,UTG1,J6s,0,0,0,100,false,frame_001.00.png
20,UTG1,J5s,0,0,0,100,false,frame_001.00.png
20,UTG1,J4s,0,0,0,100,false,frame_001.00.png
20,UTG1,J3s,0,0,0,100,false,frame_001.00.png
20,UTG1,J2s,0,0,0,100,false,frame_001.00.png
20,UTG1,ATo,2,98,0,0,false,frame_001.00.png
20,UTG1,KTo,0,4,0,96,false,frame_001.00.png
20,UTG1,QTo,0,0,0,100,false,frame_001.00.png
20,UTG1,JTo,0,0,0,100,false,frame_001.00.png
20,UTG1,TT,0,100,0,0,false,frame_001.00.png
20,UTG1,T9s,3,97,0,0,false,frame_001.00.png
20,UTG1,T8s,0,28,0,72,false,frame_001.00.png
20,UTG1,T7s,0,0,0,100,false,frame_001.00.png
20,UTG1,T6s,0,0,0,100,false,frame_001.00.png
20,UTG1,T5s,0,0,0,100,false,frame_001.00.png
20,UTG1,T4s,0,0,0,100,false,frame_001.00.png
20,UTG1,T3s,0,0,0,100,false,frame_001.00.png
20,UTG1,T2s,0,0,0,100,false,frame_001.00.png
20,UTG1,A9o,0,7,0,93,false,frame_001.00.png
20,UTG1,K9o,0,0,0,100,false,frame_001.00.png
20,UTG1,Q9o,0,0,0,100,false,frame_001.00.png
20,UTG1,J9o,0,0,0,100,false,frame_001.00.png
20,UTG1,T9o,0,0,0,100,false,frame_001.00.png
20,UTG1,99,2,98,0,0,false,frame_001.00.png
20,UTG1,98s,2,92,0,6,false,frame_001.00.png
20,UTG1,97s,0,0,0,100,false,frame_001.00.png
20,UTG1,96s,0,0,0,100,false,frame_001.00.png
20,UTG1,95s,0,0,0,100,false,frame_001.00.png
20,UTG1,94s,0,0,0,100,false,frame_001.00.png
20,UTG1,93s,0,0,0,100,false,frame_001.00.png
20,UTG1,92s,0,0,0,100,false,frame_001.00.png
20,UTG1,A8o,0,0,0,100,false,frame_001.00.png
20,UTG1,K8o,0,0,0,100,false,frame_001.00.png
20,UTG1,Q8o,0,0,0,100,false,frame_001.00.png
20,UTG1,J8o,0,0,0,100,false,frame_001.00.png
20,UTG1,T8o,0,0,0,100,false,frame_001.00.png
20,UTG1,98o,0,0,0,100,false,frame_001.00.png
20,UTG1,88,0,100,0,0,false,frame_001.00.png
20,UTG1,87s,0,0,0,100,false,frame_001.00.png
20,UTG1,86s,0,0,0,100,false,frame_001.00.png
20,UTG1,85s,0,0,0,100,false,frame_001.00.png
20,UTG1,84s,0,0,0,100,false,frame_001.00.png
20,UTG1,83s,0,0,0,100,false,frame_001.00.png
20,UTG1,82s,0,0,0,100,false,frame_001.00.png
20,UTG1,A7o,0,0,0,100,false,frame_001.00.png
20,UTG1,K7o,0,0,0,100,false,frame_001.00.png
20,UTG1,Q7o,0,0,0,100,false,frame_001.00.png
20,UTG1,J7o,0,0,0,100,false,frame_001.00.png
20,UTG1,T7o,0,0,0,100,false,frame_001.00.png
20,UTG1,97o,0,0,0,100,false,frame_001.00.png
20,UTG1,87o,0,0,0,100,false,frame_001.00.png
20,UTG1,77,0,100,0,0,false,frame_001.00.png
20,UTG1,76s,0,0,0,100,false,frame_001.00.png
20,UTG1,75s,0,0,0,100,false,frame_001.00.png
20,UTG1,74s,0,0,0,100,false,frame_001.00.png
20,UTG1,73s,0,0,0,100,false,frame_001.00.png
20,UTG1,72s,0,0,0,100,false,frame_001.00.png
20,UTG1,A6o,0,0,0,100,false,frame_001.00.png
20,UTG1,K6o,0,0,0,100,false,frame_001.00.png
20,UTG1,Q6o,0,0,0,100,false,frame_001.00.png
20,UTG1,J6o,0,0,0,100,false,frame_001.00.png
20,UTG1,T6o,0,0,0,100,false,frame_001.00.png
20,UTG1,96o,0,0,0,100,false,frame_001.00.png
20,UTG1,86o,0,0,0,100,false,frame_001.00.png
20,UTG1,76o,0,0,0,100,false,frame_001.00.png
20,UTG1,66,2,98,0,0,false,frame_001.00.png
20,UTG1,65s,0,0,0,100,false,frame_001.00.png
20,UTG1,64s,0,0,0,100,false,frame_001.00.png
20,UTG1,63s,0,0,0,100,false,frame_001.00.png
20,UTG1,62s,0,0,0,100,false,frame_001.00.png
20,UTG1,A5o,0,0,0,100,false,frame_001.00.png
20,UTG1,K5o,0,0,0,100,false,frame_001.00.png
20,UTG1,Q5o,0,0,0,100,false,frame_001.00.png
20,UTG1,J5o,0,0,0,100,false,frame_001.00.png
20,UTG1,T5o,0,0,0,100,false,frame_001.00.png
20,UTG1,95o,0,0,0,100,false,frame_001.00.png
20,UTG1,85o,0,0,0,100,false,frame_001.00.png
20,UTG1,75o,0,0,0,100,false,frame_001.00.png
20,UTG1,65o,0,0,0,100,false,frame_001.00.png
20,UTG1,55,0,31,0,69,true,frame_001.00.png
20,UTG1,54s,0,0,0,100,false,frame_001.00.png
20,UTG1,53s,0,0,0,100,false,frame_001.00.png
20,UTG1,52s,0,0,0,100,false,frame_001.00.png
20,UTG1,A4o,0,0,0,100,false,frame_001.00.png
20,UTG1,K4o,0,0,0,100,false,frame_001.00.png
20,UTG1,Q4o,0,0,0,100,false,frame_001.00.png
20,UTG1,J4o,0,0,0,100,false,frame_001.00.png
20,UTG1,T4o,0,0,0,100,false,frame_001.00.png
20,UTG1,94o,0,0,0,100,false,frame_001.00.png
20,UTG1,84o,0,0,0,100,false,frame_001.00.png
20,UTG1,74o,0,0,0,100,false,frame_001.00.png
20,UTG1,64o,0,0,0,100,false,frame_001.00.png
20,UTG1,54o,0,0,0,100,false,frame_001.00.png
20,UTG1,44,0,0,0,100,false,frame_001.00.png
20,UTG1,43s,0,0,0,100,false,frame_001.00.png
20,UTG1,42s,0,0,0,100,false,frame_001.00.png
20,UTG1,A3o,0,0,0,100,false,frame_001.00.png
20,UTG1,K3o,0,0,0,100,false,frame_001.00.png
20,UTG1,Q3o,0,0,0,100,false,frame_001.00.png
20,UTG1,J3o,0,0,0,100,false,frame_001.00.png
20,UTG1,T3o,0,0,0,100,false,frame_001.00.png
20,UTG1,93o,0,0,0,100,false,frame_001.00.png
20,UTG1,83o,0,0,0,100,false,frame_001.00.png
20,UTG1,73o,0,0,0,100,false,frame_001.00.png
20,UTG1,63o,0,0,0,100,false,frame_001.00.png
20,UTG1,53o,0,0,0,100,false,frame_001.00.png
20,UTG1,43o,0,0,0,100,false,frame_001.00.png
20,UTG1,33,0,0,0,100,false,frame_001.00.png
20,UTG1,32s,0,0,0,100,false,frame_001.00.png
20,UTG1,A2o,0,0,0,100,false,frame_001.00.png
20,UTG1,K2o,0,0,0,100,false,frame_001.00.png
20,UTG1,Q2o,0,0,0,100,false,frame_001.00.png
20,UTG1,J2o,0,0,0,100,false,frame_001.00.png
20,UTG1,T2o,0,0,0,100,false,frame_001.00.png
20,UTG1,92o,0,0,0,100,false,frame_001.00.png
20,UTG1,82o,0,0,0,100,false,frame_001.00.png
20,UTG1,72o,0,0,0,100,false,frame_001.00.png
20,UTG1,62o,0,0,0,100,false,frame_001.00.png
20,UTG1,52o,0,0,0,100,false,frame_001.00.png
20,UTG1,42o,0,0,0,100,false,frame_001.00.png
20,UTG1,32o,0,0,0,100,false,frame_001.00.png
20,UTG1,22,0,0,0,100,false,frame_001.00.png
20,LJ,AA,3,97,0,0,false,frame_005.00.png
20,LJ,AKs,3,97,0,0,false,frame_005.00.png
20,LJ,AQs,3,97,0,0,false,frame_005.00.png
20,LJ,AJs,2,98,0,0,false,frame_005.00.png
20,LJ,ATs,2,98,0,0,false,frame_005.00.png
20,LJ,A9s,3,97,0,0,false,frame_005.00.png
20,LJ,A8s,2,98,0,0,false,frame_005.00.png
20,LJ,A7s,2,98,0,0,false,frame_005.00.png
20,LJ,A6s,3,97,0,0,false,frame_005.00.png
20,LJ,A5s,2,98,0,0,false,frame_005.00.png
20,LJ,A4s,2,98,0,0,false,frame_005.00.png
20,LJ,A3s,2,98,0,0,false,frame_005.00.png
20,LJ,A2s,2,98,0,0,false,frame_005.00.png
20,LJ,AKo,3,97,0,0,false,frame_005.00.png
20,LJ,KK,0,100,0,0,false,frame_005.00.png
20,LJ,KQs,3,97,0,0,false,frame_005.00.png
20,LJ,KJs,2,98,0,0,false,frame_005.00.png
20,LJ,KTs,2,98,0,0,false,frame_005.00.png
20,LJ,K9s,3,97,0,0,false,frame_005.00.png
20,LJ,K8s,3,97,0,0,false,frame_005.00.png
20,LJ,K7s,0,100,0,0,false,frame_005.00.png
20,LJ,K6s,0,0,0,100,false,frame_005.00.png
20,LJ,K5s,0,0,0,100,false,frame_005.00.png
20,LJ,K4s,0,0,0,100,false,frame_005.00.png
20,LJ,K3s,0,0,0,100,false,frame_005.00.png
20,LJ,K2s,0,0,0,100,false,frame_005.00.png
20,LJ,AQo,4,96,0,0,false,frame_005.00.png
20,LJ,KQo,3,97,0,0,false,frame_005.00.png
20,LJ,QQ,3,97,0,0,false,frame_005.00.png
20,LJ,QJs,2,98,0,0,false,frame_005.00.png
20,LJ,QTs,2,98,0,0,false,frame_005.00.png
20,LJ,Q9s,100,0,0,0,false,frame_005.00.png
20,LJ,Q8s,3,97,0,0,false,frame_005.00.png
20,LJ,Q7s,0,0,0,100,false,frame_005.00.png
20,LJ,Q6s,0,0,0,100,false,frame_005.00.png
20,LJ,Q5s,0,0,0,100,false,frame_005.00.png
20,LJ,Q4s,0,0,0,100,false,frame_005.00.png
20,LJ,Q3s,0,0,0,100,false,frame_005.00.png
20,LJ,Q2s,0,0,0,100,false,frame_005.00.png
20,LJ,AJo,3,97,0,0,false,frame_005.00.png
20,LJ,KJo,2,98,0,0,false,frame_005.00.png
20,LJ,QJo,3,97,0,0,false,frame_005.00.png
20,LJ,JJ,0,100,0,0,false,frame_005.00.png
20,LJ,JTs,0,100,0,0,false,frame_005.00.png
20,LJ,J9s,2,98,0,0,false,frame_005.00.png
20,LJ,J8s,2,89,0,9,false,frame_005.00.png
20,LJ,J7s,0,0,0,100,false,frame_005.00.png
20,LJ,J6s,0,0,0,100,false,frame_005.00.png
20,LJ,J5s,0,0,0,100,false,frame_005.00.png
20,LJ,J4s,0,0,0,100,false,frame_005.00.png
20,LJ,J3s,0,0,0,100,false,frame_005.00.png
20,LJ,J2s,0,0,0,100,false,frame_005.00.png
20,LJ,ATo,2,98,0,0,false,frame_005.00.png
20,LJ,KTo,2,91,0,7,false,frame_005.00.png
20,LJ,QTo,4,57,0,39,true,frame_005.00.png
20,LJ,JTo,0,6,0,94,false,frame_005.00.png
20,LJ,TT,0,100,0,0,false,frame_005.00.png
20,LJ,T9s,3,97,0,0,false,frame_005.00.png
20,LJ,T8s,2,98,0,0,false,frame_005.00.png
20,LJ,T7s,0,0,0,100,false,frame_005.00.png
20,LJ,T6s,0,0,0,100,false,frame_005.00.png
20,LJ,T5s,0,0,0,100,false,frame_005.00.png
20,LJ,T4s,0,0,0,100,false,frame_005.00.png
20,LJ,T3s,0,0,0,100,false,frame_005.00.png
20,LJ,T2s,0,0,0,100,false,frame_005.00.png
20,LJ,A9o,3,97,0,0,false,frame_005.00.png
20,LJ,K9o,0,0,0,100,false,frame_005.00.png
20,LJ,Q9o,0,0,0,100,false,frame_005.00.png
20,LJ,J9o,0,0,0,100,false,frame_005.00.png
20,LJ,T9o,0,0,0,100,false,frame_005.00.png
20,LJ,99,2,98,0,0,false,frame_005.00.png
20,LJ,98s,2,98,0,0,false,frame_005.00.png
20,LJ,97s,0,0,0,100,false,frame_005.00.png
20,LJ,96s,0,0,0,100,false,frame_005.00.png
20,LJ,95s,0,0,0,100,false,frame_005.00.png
20,LJ,94s,0,0,0,100,false,frame_005.00.png
20,LJ,93s,0,0,0,100,false,frame_005.00.png
20,LJ,92s,0,0,0,100,false,frame_005.00.png
20,LJ,A8o,3,26,0,71,false,frame_005.00.png
20,LJ,K8o,0,0,0,100,false,frame_005.00.png
20,LJ,Q8o,0,0,0,100,false,frame_005.00.png
20,LJ,J8o,0,0,0,100,false,frame_005.00.png
20,LJ,T8o,0,0,0,100,false,frame_005.00.png
20,LJ,98o,0,0,0,100,false,frame_005.00.png
20,LJ,88,0,100,0,0,false,frame_005.00.png
20,LJ,87s,0,58,0,42,true,frame_005.00.png
20,LJ,86s,0,0,0,100,false,frame_005.00.png
20,LJ,85s,0,0,0,100,false,frame_005.00.png
20,LJ,84s,0,0,0,100,false,frame_005.00.png
20,LJ,83s,0,0,0,100,false,frame_005.00.png
20,LJ,82s,0,0,0,100,false,frame_005.00.png
20,LJ,A7o,0,0,0,100,false,frame_005.00.png
20,LJ,K7o,0,0,0,100,false,frame_005.00.png
20,LJ,Q7o,0,0,0,100,false,frame_005.00.png
20,LJ,J7o,0,0,0,100,false,frame_005.00.png
20,LJ,T7o,0,0,0,100,false,frame_005.00.png
20,LJ,97o,0,0,0,100,false,frame_005.00.png
20,LJ,87o,0,0,0,100,false,frame_005.00.png
20,LJ,77,0,100,0,0,false,frame_005.00.png
20,LJ,76s,0,0,0,100,false,frame_005.00.png
20,LJ,75s,0,0,0,100,false,frame_005.00.png
20,LJ,74s,0,0,0,100,false,frame_005.00.png
20,LJ,73s,0,0,0,100,false,frame_005.00.png
20,LJ,72s,0,0,0,100,false,frame_005.00.png
20,LJ,A6o,0,0,0,100,false,frame_005.00.png
20,LJ,K6o,0,0,0,100,false,frame_005.00.png
20,LJ,Q6o,0,0,0,100,false,frame_005.00.png
20,LJ,J6o,0,0,0,100,false,frame_005.00.png
20,LJ,T6o,0,0,0,100,false,frame_005.00.png
20,LJ,96o,0,0,0,100,false,frame_005.00.png
20,LJ,86o,0,0,0,100,false,frame_005.00.png
20,LJ,76o,0,0,0,100,false,frame_005.00.png
20,LJ,66,2,98,0,0,false,frame_005.00.png
20,LJ,65s,0,0,0,100,false,frame_005.00.png
20,LJ,64s,0,0,0,100,false,frame_005.00.png
20,LJ,63s,0,0,0,100,false,frame_005.00.png
20,LJ,62s,0,0,0,100,false,frame_005.00.png
20,LJ,A5o,0,0,0,100,false,frame_005.00.png
20,LJ,K5o,0,0,0,100,false,frame_005.00.png
20,LJ,Q5o,0,0,0,100,false,frame_005.00.png
20,LJ,J5o,0,0,0,100,false,frame_005.00.png
20,LJ,T5o,0,0,0,100,false,frame_005.00.png
20,LJ,95o,0,0,0,100,false,frame_005.00.png
20,LJ,85o,0,0,0,100,false,frame_005.00.png
20,LJ,75o,0,0,0,100,false,frame_005.00.png
20,LJ,65o,0,0,0,100,false,frame_005.00.png
20,LJ,55,0,100,0,0,false,frame_005.00.png
20,LJ,54s,0,0,0,100,false,frame_005.00.png
20,LJ,53s,0,0,0,100,false,frame_005.00.png
20,LJ,52s,0,0,0,100,false,frame_005.00.png
20,LJ,A4o,0,0,0,100,false,frame_005.00.png
20,LJ,K4o,0,0,0,100,false,frame_005.00.png
20,LJ,Q4o,0,0,0,100,false,frame_005.00.png
20,LJ,J4o,0,0,0,100,false,frame_005.00.png
20,LJ,T4o,0,0,0,100,false,frame_005.00.png
20,LJ,94o,0,0,0,100,false,frame_005.00.png
20,LJ,84o,0,0,0,100,false,frame_005.00.png
20,LJ,74o,0,0,0,100,false,frame_005.00.png
20,LJ,64o,0,0,0,100,false,frame_005.00.png
20,LJ,54o,0,0,0,100,false,frame_005.00.png
20,LJ,44,0,0,0,100,false,frame_005.00.png
20,LJ,43s,0,0,0,100,false,frame_005.00.png
20,LJ,42s,0,0,0,100,false,frame_005.00.png
20,LJ,A3o,0,0,0,100,false,frame_005.00.png
20,LJ,K3o,0,0,0,100,false,frame_005.00.png
20,LJ,Q3o,0,0,0,100,false,frame_005.00.png
20,LJ,J3o,0,0,0,100,false,frame_005.00.png
20,LJ,T3o,0,0,0,100,false,frame_005.00.png
20,LJ,93o,0,0,0,100,false,frame_005.00.png
20,LJ,83o,0,0,0,100,false,frame_005.00.png
20,LJ,73o,0,0,0,100,false,frame_005.00.png
20,LJ,63o,0,0,0,100,false,frame_005.00.png
20,LJ,53o,0,0,0,100,false,frame_005.00.png
20,LJ,43o,0,0,0,100,false,frame_005.00.png
20,LJ,33,0,0,0,100,false,frame_005.00.png
20,LJ,32s,0,0,0,100,false,frame_005.00.png
20,LJ,A2o,0,0,0,100,false,frame_005.00.png
20,LJ,K2o,0,0,0,100,false,frame_005.00.png
20,LJ,Q2o,0,0,0,100,false,frame_005.00.png
20,LJ,J2o,0,0,0,100,false,frame_005.00.png
20,LJ,T2o,0,0,0,100,false,frame_005.00.png
20,LJ,92o,0,0,0,100,false,frame_005.00.png
20,LJ,82o,0,0,0,100,false,frame_005.00.png
20,LJ,72o,0,0,0,100,false,frame_005.00.png
20,LJ,62o,0,0,0,100,false,frame_005.00.png
20,LJ,52o,0,0,0,100,false,frame_005.00.png
20,LJ,42o,0,0,0,100,false,frame_005.00.png
20,LJ,32o,0,0,0,100,false,frame_005.00.png
20,LJ,22,0,0,0,100,false,frame_005.00.png
20,HJ,AA,3,97,0,0,false,frame_007.00.png
20,HJ,AKs,3,97,0,0,false,frame_007.00.png
20,HJ,AQs,3,97,0,0,false,frame_007.00.png
20,HJ,AJs,2,98,0,0,false,frame_007.00.png
20,HJ,ATs,2,98,0,0,false,frame_007.00.png
20,HJ,A9s,3,97,0,0,false,frame_007.00.png
20,HJ,A8s,2,98,0,0,false,frame_007.00.png
20,HJ,A7s,2,98,0,0,false,frame_007.00.png
20,HJ,A6s,3,97,0,0,false,frame_007.00.png
20,HJ,A5s,2,98,0,0,false,frame_007.00.png
20,HJ,A4s,2,98,0,0,false,frame_007.00.png
20,HJ,A3s,2,98,0,0,false,frame_007.00.png
20,HJ,A2s,2,98,0,0,false,frame_007.00.png
20,HJ,AKo,3,97,0,0,false,frame_007.00.png
20,HJ,KK,0,100,0,0,false,frame_007.00.png
20,HJ,KQs,3,97,0,0,false,frame_007.00.png
20,HJ,KJs,2,98,0,0,false,frame_007.00.png
20,HJ,KTs,2,98,0,0,false,frame_007.00.png
20,HJ,K9s,3,97,0,0,false,frame_007.00.png
20,HJ,K8s,3,97,0,0,false,frame_007.00.png
20,HJ,K7s,100,0,0,0,false,frame_007.00.png
20,HJ,K6s,3,97,0,0,false,frame_007.00.png
20,HJ,K5s,2,95,0,3,false,frame_007.00.png
20,HJ,K4s,0,0,0,100,false,frame_007.00.png
20,HJ,K3s,0,0,0,100,false,frame_007.00.png
20,HJ,K2s,0,0,0,100,false,frame_007.00.png
20,HJ,AQo,4,96,0,0,false,frame_007.00.png
20,HJ,KQo,3,97,0,0,false,frame_007.00.png
20,HJ,QQ,3,97,0,0,false,frame_007.00.png
20,HJ,QJs,2,98,0,0,false,frame_007.00.png
20,HJ,QTs,2,98,0,0,false,frame_007.00.png
20,HJ,Q9s,4,96,0,0,false,frame_007.00.png
20,HJ,Q8s,3,97,0,0,false,frame_007.00.png
20,HJ,Q7s,2,98,0,0,false,frame_007.00.png
20,HJ,Q6s,0,0,0,100,false,frame_007.00.png
20,HJ,Q5s,0,0,0,100,false,frame_007.00.png
20,HJ,Q4s,0,0,0,100,false,frame_007.00.png
20,HJ,Q3s,0,0,0,100,false,frame_007.00.png
20,HJ,Q2s,0,0,0,100,false,frame_007.00.png
20,HJ,AJo,3,97,0,0,false,frame_007.00.png
20,HJ,KJo,2,98,0,0,false,frame_007.00.png
20,HJ,QJo,3,97,0,0,false,frame_007.00.png
20,HJ,JJ,0,100,0,0,false,frame_007.00.png
20,HJ,JTs,0,100,0,0,false,frame_007.00.png
20,HJ,J9s,2,98,0,0,false,frame_007.00.png
20,HJ,J8s,2,98,0,0,false,frame_007.00.png
20,HJ,J7s,0,0,0,100,false,frame_007.00.png
20,HJ,J6s,0,0,0,100,false,frame_007.00.png
20,HJ,J5s,0,0,0,100,false,frame_007.00.png
20,HJ,J4s,0,0,0,100,false,frame_007.00.png
20,HJ,J3s,0,0,0,100,false,frame_007.00.png
20,HJ,J2s,0,0,0,100,false,frame_007.00.png
20,HJ,ATo,2,98,0,0,false,frame_007.00.png
20,HJ,KTo,2,98,0,0,false,frame_007.00.png
20,HJ,QTo,3,97,0,0,false,frame_007.00.png
20,HJ,JTo,0,100,0,0,false,frame_007.00.png
20,HJ,TT,0,100,0,0,false,frame_007.00.png
20,HJ,T9s,3,97,0,0,false,frame_007.00.png
20,HJ,T8s,2,98,0,0,false,frame_007.00.png
20,HJ,T7s,0,0,0,100,false,frame_007.00.png
20,HJ,T6s,0,0,0,100,false,frame_007.00.png
20,HJ,T5s,0,0,0,100,false,frame_007.00.png
20,HJ,T4s,0,0,0,100,false,frame_007.00.png
20,HJ,T3s,0,0,0,100,false,frame_007.00.png
20,HJ,T2s,0,0,0,100,false,frame_007.00.png
20,HJ,A9o,3,97,0,0,false,frame_007.00.png
20,HJ,K9o,0,0,0,100,false,frame_007.00.png
20,HJ,Q9o,0,0,0,100,false,frame_007.00.png
20,HJ,J9o,0,0,0,100,false,frame_007.00.png
20,HJ,T9o,0,0,0,100,false,frame_007.00.png
20,HJ,99,2,98,0,0,false,frame_007.00.png
20,HJ,98s,3,97,0,0,false,frame_007.00.png
20,HJ,97s,0,48,0,52,true,frame_007.00.png
20,HJ,96s,0,0,0,100,false,frame_007.00.png
20,HJ,95s,0,0,0,100,false,frame_007.00.png
20,HJ,94s,0,0,0,100,false,frame_007.00.png
20,HJ,93s,0,0,0,100,false,frame_007.00.png
20,HJ,92s,0,0,0,100,false,frame_007.00.png
20,HJ,A8o,3,97,0,0,false,frame_007.00.png
20,HJ,K8o,0,0,0,100,false,frame_007.00.png
20,HJ,Q8o,0,0,0,100,false,frame_007.00.png
20,HJ,J8o,0,0,0,100,false,frame_007.00.png
20,HJ,T8o,0,0,0,100,false,frame_007.00.png
20,HJ,98o,0,0,0,100,false,frame_007.00.png
20,HJ,88,0,100,0,0,false,frame_007.00.png
20,HJ,87s,0,100,0,0,false,frame_007.00.png
20,HJ,86s,0,0,0,100,false,frame_007.00.png
20,HJ,85s,0,0,0,100,false,frame_007.00.png
20,HJ,84s,0,0,0,100,false,frame_007.00.png
20,HJ,83s,0,0,0,100,false,frame_007.00.png
20,HJ,82s,0,0,0,100,false,frame_007.00.png
20,HJ,A7o,3,31,0,66,true,frame_007.00.png
20,HJ,K7o,0,0,0,100,false,frame_007.00.png
20,HJ,Q7o,0,0,0,100,false,frame_007.00.png
20,HJ,J7o,0,0,0,100,false,frame_007.00.png
20,HJ,T7o,0,0,0,100,false,frame_007.00.png
20,HJ,97o,0,0,0,100,false,frame_007.00.png
20,HJ,87o,0,0,0,100,false,frame_007.00.png
20,HJ,77,0,100,0,0,false,frame_007.00.png
20,HJ,76s,0,0,0,100,false,frame_007.00.png
20,HJ,75s,0,0,0,100,false,frame_007.00.png
20,HJ,74s,0,0,0,100,false,frame_007.00.png
20,HJ,73s,0,0,0,100,false,frame_007.00.png
20,HJ,72s,0,0,0,100,false,frame_007.00.png
20,HJ,A6o,0,0,0,100,false,frame_007.00.png
20,HJ,K6o,0,0,0,100,false,frame_007.00.png
20,HJ,Q6o,0,0,0,100,false,frame_007.00.png
20,HJ,J6o,0,0,0,100,false,frame_007.00.png
20,HJ,T6o,0,0,0,100,false,frame_007.00.png
20,HJ,96o,0,0,0,100,false,frame_007.00.png
20,HJ,86o,0,0,0,100,false,frame_007.00.png
20,HJ,76o,0,0,0,100,false,frame_007.00.png
20,HJ,66,2,98,0,0,false,frame_007.00.png
20,HJ,65s,0,0,0,100,false,frame_007.00.png
20,HJ,64s,0,0,0,100,false,frame_007.00.png
20,HJ,63s,0,0,0,100,false,frame_007.00.png
20,HJ,62s,0,0,0,100,false,frame_007.00.png
20,HJ,A5o,3,26,0,71,false,frame_007.00.png
20,HJ,K5o,0,0,0,100,false,frame_007.00.png
20,HJ,Q5o,0,0,0,100,false,frame_007.00.png
20,HJ,J5o,0,0,0,100,false,frame_007.00.png
20,HJ,T5o,0,0,0,100,false,frame_007.00.png
20,HJ,95o,0,0,0,100,false,frame_007.00.png
20,HJ,85o,0,0,0,100,false,frame_007.00.png
20,HJ,75o,0,0,0,100,false,frame_007.00.png
20,HJ,65o,0,0,0,100,false,frame_007.00.png
20,HJ,55,0,100,0,0,false,frame_007.00.png
20,HJ,54s,0,0,0,100,false,frame_007.00.png
20,HJ,53s,0,0,0,100,false,frame_007.00.png
20,HJ,52s,0,0,0,100,false,frame_007.00.png
20,HJ,A4o,0,0,0,100,false,frame_007.00.png
20,HJ,K4o,0,0,0,100,false,frame_007.00.png
20,HJ,Q4o,0,0,0,100,false,frame_007.00.png
20,HJ,J4o,0,0,0,100,false,frame_007.00.png
20,HJ,T4o,0,0,0,100,false,frame_007.00.png
20,HJ,94o,0,0,0,100,false,frame_007.00.png
20,HJ,84o,0,0,0,100,false,frame_007.00.png
20,HJ,74o,0,0,0,100,false,frame_007.00.png
20,HJ,64o,0,0,0,100,false,frame_007.00.png
20,HJ,54o,0,0,0,100,false,frame_007.00.png
20,HJ,44,3,36,0,61,true,frame_007.00.png
20,HJ,43s,0,0,0,100,false,frame_007.00.png
20,HJ,42s,0,0,0,100,false,frame_007.00.png
20,HJ,A3o,0,0,0,100,false,frame_007.00.png
20,HJ,K3o,0,0,0,100,false,frame_007.00.png
20,HJ,Q3o,0,0,0,100,false,frame_007.00.png
20,HJ,J3o,0,0,0,100,false,frame_007.00.png
20,HJ,T3o,0,0,0,100,false,frame_007.00.png
20,HJ,93o,0,0,0,100,false,frame_007.00.png
20,HJ,83o,0,0,0,100,false,frame_007.00.png
20,HJ,73o,0,0,0,100,false,frame_007.00.png
20,HJ,63o,0,0,0,100,false,frame_007.00.png
20,HJ,53o,0,0,0,100,false,frame_007.00.png
20,HJ,43o,0,0,0,100,false,frame_007.00.png
20,HJ,33,0,0,0,100,false,frame_007.00.png
20,HJ,32s,0,0,0,100,false,frame_007.00.png
20,HJ,A2o,0,0,0,100,false,frame_007.00.png
20,HJ,K2o,0,0,0,100,false,frame_007.00.png
20,HJ,Q2o,0,0,0,100,false,frame_007.00.png
20,HJ,J2o,0,0,0,100,false,frame_007.00.png
20,HJ,T2o,0,0,0,100,false,frame_007.00.png
20,HJ,92o,0,0,0,100,false,frame_007.00.png
20,HJ,82o,0,0,0,100,false,frame_007.00.png
20,HJ,72o,0,0,0,100,false,frame_007.00.png
20,HJ,62o,0,0,0,100,false,frame_007.00.png
20,HJ,52o,0,0,0,100,false,frame_007.00.png
20,HJ,42o,0,0,0,100,false,frame_007.00.png
20,HJ,32o,0,0,0,100,false,frame_007.00.png
20,HJ,22,0,0,0,100,false,frame_007.00.png
20,CO,AA,3,97,0,0,false,frame_008.00.png
20,CO,AKs,3,97,0,0,false,frame_008.00.png
20,CO,AQs,3,97,0,0,false,frame_008.00.png
20,CO,AJs,2,98,0,0,false,frame_008.00.png
20,CO,ATs,2,98,0,0,false,frame_008.00.png
20,CO,A9s,3,97,0,0,false,frame_008.00.png
20,CO,A8s,2,98,0,0,false,frame_008.00.png
20,CO,A7s,2,98,0,0,false,frame_008.00.png
20,CO,A6s,3,97,0,0,false,frame_008.00.png
20,CO,A5s,2,98,0,0,false,frame_008.00.png
20,CO,A4s,2,98,0,0,false,frame_008.00.png
20,CO,A3s,2,98,0,0,false,frame_008.00.png
20,CO,A2s,2,98,0,0,false,frame_008.00.png
20,CO,AKo,3,97,0,0,false,frame_008.00.png
20,CO,KK,0,100,0,0,false,frame_008.00.png
20,CO,KQs,3,97,0,0,false,frame_008.00.png
20,CO,KJs,2,98,0,0,false,frame_008.00.png
20,CO,KTs,2,98,0,0,false,frame_008.00.png
20,CO,K9s,3,97,0,0,false,frame_008.00.png
20,CO,K8s,3,97,0,0,false,frame_008.00.png
20,CO,K7s,2,98,0,0,false,frame_008.00.png
20,CO,K6s,3,97,0,0,false,frame_008.00.png
20,CO,K5s,2,95,0,3,false,frame_008.00.png
20,CO,K4s,0,0,0,100,false,frame_008.00.png
20,CO,K3s,0,0,0,100,false,frame_008.00.png
20,CO,K2s,0,0,0,100,false,frame_008.00.png
20,CO,AQo,4,96,0,0,false,frame_008.00.png
20,CO,KQo,3,97,0,0,false,frame_008.00.png
20,CO,QQ,3,97,0,0,false,frame_008.00.png
20,CO,QJs,2,98,0,0,false,frame_008.00.png
20,CO,QTs,2,98,0,0,false,frame_008.00.png
20,CO,Q9s,4,96,0,0,false,frame_008.00.png
20,CO,Q8s,3,97,0,0,false,frame_008.00.png
20,CO,Q7s,2,98,0,0,false,frame_008.00.png
20,CO,Q6s,0,0,0,100,false,frame_008.00.png
20,CO,Q5s,0,0,0,100,false,frame_008.00.png
20,CO,Q4s,0,0,0,100,false,frame_008.00.png
20,CO,Q3s,0,0,0,100,false,frame_008.00.png
20,CO,Q2s,0,0,0,100,false,frame_008.00.png
20,CO,AJo,3,97,0,0,false,frame_008.00.png
20,CO,KJo,2,98,0,0,false,frame_008.00.png
20,CO,QJo,3,97,0,0,false,frame_008.00.png
20,CO,JJ,0,100,0,0,false,frame_008.00.png
20,CO,JTs,0,100,0,0,false,frame_008.00.png
20,CO,J9s,2,98,0,0,false,frame_008.00.png
20,CO,J8s,2,98,0,0,false,frame_008.00.png
20,CO,J7s,0,0,0,100,false,frame_008.00.png
20,CO,J6s,0,0,0,100,false,frame_008.00.png
20,CO,J5s,0,0,0,100,false,frame_008.00.png
20,CO,J4s,0,0,0,100,false,frame_008.00.png
20,CO,J3s,0,0,0,100,false,frame_008.00.png
20,CO,J2s,0,0,0,100,false,frame_008.00.png
20,CO,ATo,3,97,0,0,false,frame_008.00.png
20,CO,KTo,2,98,0,0,false,frame_008.00.png
20,CO,QTo,3,97,0,0,false,frame_008.00.png
20,CO,JTo,0,100,0,0,false,frame_008.00.png
20,CO,TT,0,100,0,0,false,frame_008.00.png
20,CO,T9s,3,97,0,0,false,frame_008.00.png
20,CO,T8s,2,98,0,0,false,frame_008.00.png
20,CO,T7s,0,0,0,100,false,frame_008.00.png
20,CO,T6s,0,0,0,100,false,frame_008.00.png
20,CO,T5s,0,0,0,100,false,frame_008.00.png
20,CO,T4s,0,0,0,100,false,frame_008.00.png
20,CO,T3s,0,0,0,100,false,frame_008.00.png
20,CO,T2s,0,0,0,100,false,frame_008.00.png
20,CO,A9o,3,97,0,0,false,frame_008.00.png
20,CO,K9o,0,0,0,100,false,frame_008.00.png
20,CO,Q9o,0,0,0,100,false,frame_008.00.png
20,CO,J9o,0,0,0,100,false,frame_008.00.png
20,CO,T9o,0,0,0,100,false,frame_008.00.png
20,CO,99,2,98,0,0,false,frame_008.00.png
20,CO,98s,2,98,0,0,false,frame_008.00.png
20,CO,97s,0,48,0,52,true,frame_008.00.png
20,CO,96s,0,0,0,100,false,frame_008.00.png
20,CO,95s,0,0,0,100,false,frame_008.00.png
20,CO,94s,0,0,0,100,false,frame_008.00.png
20,CO,93s,0,0,0,100,false,frame_008.00.png
20,CO,92s,0,0,0,100,false,frame_008.00.png
20,CO,A8o,4,96,0,0,false,frame_008.00.png
20,CO,K8o,0,0,0,100,false,frame_008.00.png
20,CO,Q8o,0,0,0,100,false,frame_008.00.png
20,CO,J8o,0,0,0,100,false,frame_008.00.png
20,CO,T8o,0,0,0,100,false,frame_008.00.png
20,CO,98o,0,0,0,100,false,frame_008.00.png
20,CO,88,0,100,0,0,false,frame_008.00.png
20,CO,87s,0,100,0,0,false,frame_008.00.png
20,CO,86s,0,0,0,100,false,frame_008.00.png
20,CO,85s,0,0,0,100,false,frame_008.00.png
20,CO,84s,0,0,0,100,false,frame_008.00.png
20,CO,83s,0,0,0,100,false,frame_008.00.png
20,CO,82s,0,0,0,100,false,frame_008.00.png
20,CO,A7o,3,31,0,66,true,frame_008.00.png
20,CO,K7o,0,0,0,100,false,frame_008.00.png
20,CO,Q7o,0,0,0,100,false,frame_008.00.png
20,CO,J7o,0,0,0,100,false,frame_008.00.png
20,CO,T7o,0,0,0,100,false,frame_008.00.png
20,CO,97o,0,0,0,100,false,frame_008.00.png
20,CO,87o,0,0,0,100,false,frame_008.00.png
20,CO,77,0,100,0,0,false,frame_008.00.png
20,CO,76s,0,0,0,100,false,frame_008.00.png
20,CO,75s,0,0,0,100,false,frame_008.00.png
20,CO,74s,0,0,0,100,false,frame_008.00.png
20,CO,73s,0,0,0,100,false,frame_008.00.png
20,CO,72s,0,0,0,100,false,frame_008.00.png
20,CO,A6o,0,0,0,100,false,frame_008.00.png
20,CO,K6o,0,0,0,100,false,frame_008.00.png
20,CO,Q6o,0,0,0,100,false,frame_008.00.png
20,CO,J6o,0,0,0,100,false,frame_008.00.png
20,CO,T6o,0,0,0,100,false,frame_008.00.png
20,CO,96o,0,0,0,100,false,frame_008.00.png
20,CO,86o,0,0,0,100,false,frame_008.00.png
20,CO,76o,0,0,0,100,false,frame_008.00.png
20,CO,66,2,98,0,0,false,frame_008.00.png
20,CO,65s,0,0,0,100,false,frame_008.00.png
20,CO,64s,0,0,0,100,false,frame_008.00.png
20,CO,63s,0,0,0,100,false,frame_008.00.png
20,CO,62s,0,0,0,100,false,frame_008.00.png
20,CO,A5o,3,26,0,71,false,frame_008.00.png
20,CO,K5o,0,0,0,100,false,frame_008.00.png
20,CO,Q5o,0,0,0,100,false,frame_008.00.png
20,CO,J5o,0,0,0,100,false,frame_008.00.png
20,CO,T5o,0,0,0,100,false,frame_008.00.png
20,CO,95o,0,0,0,100,false,frame_008.00.png
20,CO,85o,0,0,0,100,false,frame_008.00.png
20,CO,75o,0,0,0,100,false,frame_008.00.png
20,CO,65o,0,0,0,100,false,frame_008.00.png
20,CO,55,0,100,0,0,false,frame_008.00.png
20,CO,54s,0,0,0,100,false,frame_008.00.png
20,CO,53s,0,0,0,100,false,frame_008.00.png
20,CO,52s,0,0,0,100,false,frame_008.00.png
20,CO,A4o,0,0,0,100,false,frame_008.00.png
20,CO,K4o,0,0,0,100,false,frame_008.00.png
20,CO,Q4o,0,0,0,100,false,frame_008.00.png
20,CO,J4o,0,0,0,100,false,frame_008.00.png
20,CO,T4o,0,0,0,100,false,frame_008.00.png
20,CO,94o,0,0,0,100,false,frame_008.00.png
20,CO,84o,0,0,0,100,false,frame_008.00.png
20,CO,74o,0,0,0,100,false,frame_008.00.png
20,CO,64o,0,0,0,100,false,frame_008.00.png
20,CO,54o,0,0,0,100,false,frame_008.00.png
20,CO,44,3,36,0,61,true,frame_008.00.png
20,CO,43s,0,0,0,100,false,frame_008.00.png
20,CO,42s,0,0,0,100,false,frame_008.00.png
20,CO,A3o,0,0,0,100,false,frame_008.00.png
20,CO,K3o,0,0,0,100,false,frame_008.00.png
20,CO,Q3o,0,0,0,100,false,frame_008.00.png
20,CO,J3o,0,0,0,100,false,frame_008.00.png
20,CO,T3o,0,0,0,100,false,frame_008.00.png
20,CO,93o,0,0,0,100,false,frame_008.00.png
20,CO,83o,0,0,0,100,false,frame_008.00.png
20,CO,73o,0,0,0,100,false,frame_008.00.png
20,CO,63o,0,0,0,100,false,frame_008.00.png
20,CO,53o,0,0,0,100,false,frame_008.00.png
20,CO,43o,0,0,0,100,false,frame_008.00.png
20,CO,33,0,0,0,100,false,frame_008.00.png
20,CO,32s,0,0,0,100,false,frame_008.00.png
20,CO,A2o,0,0,0,100,false,frame_008.00.png
20,CO,K2o,0,0,0,100,false,frame_008.00.png
20,CO,Q2o,0,0,0,100,false,frame_008.00.png
20,CO,J2o,0,0,0,100,false,frame_008.00.png
20,CO,T2o,0,0,0,100,false,frame_008.00.png
20,CO,92o,0,0,0,100,false,frame_008.00.png
20,CO,82o,0,0,0,100,false,frame_008.00.png
20,CO,72o,0,0,0,100,false,frame_008.00.png
20,CO,62o,0,0,0,100,false,frame_008.00.png
20,CO,52o,0,0,0,100,false,frame_008.00.png
20,CO,42o,0,0,0,100,false,frame_008.00.png
20,CO,32o,0,0,0,100,false,frame_008.00.png
20,CO,22,0,0,0,100,false,frame_008.00.png
20,BTN,AA,3,97,0,0,false,frame_010.00.png
20,BTN,AKs,3,97,0,0,false,frame_010.00.png
20,BTN,AQs,3,97,0,0,false,frame_010.00.png
20,BTN,AJs,2,98,0,0,false,frame_010.00.png
20,BTN,ATs,2,98,0,0,false,frame_010.00.png
20,BTN,A9s,3,97,0,0,false,frame_010.00.png
20,BTN,A8s,2,98,0,0,false,frame_010.00.png
20,BTN,A7s,2,98,0,0,false,frame_010.00.png
20,BTN,A6s,3,97,0,0,false,frame_010.00.png
20,BTN,A5s,2,98,0,0,false,frame_010.00.png
20,BTN,A4s,2,98,0,0,false,frame_010.00.png
20,BTN,A3s,3,97,0,0,false,frame_010.00.png
20,BTN,A2s,2,98,0,0,false,frame_010.00.png
20,BTN,AKo,3,97,0,0,false,frame_010.00.png
20,BTN,KK,0,100,0,0,false,frame_010.00.png
20,BTN,KQs,3,97,0,0,false,frame_010.00.png
20,BTN,KJs,2,98,0,0,false,frame_010.00.png
20,BTN,KTs,2,98,0,0,false,frame_010.00.png
20,BTN,K9s,3,97,0,0,false,frame_010.00.png
20,BTN,K8s,3,97,0,0,false,frame_010.00.png
20,BTN,K7s,2,98,0,0,false,frame_010.00.png
20,BTN,K6s,3,97,0,0,false,frame_010.00.png
20,BTN,K5s,2,98,0,0,false,frame_010.00.png
20,BTN,K4s,3,97,0,0,false,frame_010.00.png
20,BTN,K3s,0,0,0,100,false,frame_010.00.png
20,BTN,K2s,0,0,0,100,false,frame_010.00.png
20,BTN,AQo,4,96,0,0,false,frame_010.00.png
20,BTN,KQo,3,97,0,0,false,frame_010.00.png
20,BTN,QQ,3,97,0,0,false,frame_010.00.png
20,BTN,QJs,2,98,0,0,false,frame_010.00.png
20,BTN,QTs,2,98,0,0,false,frame_010.00.png
20,BTN,Q9s,4,96,0,0,false,frame_010.00.png
20,BTN,Q8s,3,97,0,0,false,frame_010.00.png
20,BTN,Q7s,2,98,0,0,false,frame_010.00.png
20,BTN,Q6s,3,97,0,0,false,frame_010.00.png
20,BTN,Q5s,3,97,0,0,false,frame_010.00.png
20,BTN,Q4s,0,0,0,100,false,frame_010.00.png
20,BTN,Q3s,0,0,0,100,false,frame_010.00.png
20,BTN,Q2s,0,0,0,100,false,frame_010.00.png
20,BTN,AJo,3,97,0,0,false,frame_010.00.png
20,BTN,KJo,2,98,0,0,false,frame_010.00.png
20,BTN,QJo,3,97,0,0,false,frame_010.00.png
20,BTN,JJ,0,100,0,0,false,frame_010.00.png
20,BTN,JTs,0,100,0,0,false,frame_010.00.png
20,BTN,J9s,2,98,0,0,false,frame_010.00.png
20,BTN,J8s,2,98,0,0,false,frame_010.00.png
20,BTN,J7s,0,100,0,0,false,frame_010.00.png
20,BTN,J6s,0,0,0,100,false,frame_010.00.png
20,BTN,J5s,0,0,0,100,false,frame_010.00.png
20,BTN,J4s,0,0,0,100,false,frame_010.00.png
20,BTN,J3s,0,0,0,100,false,frame_010.00.png
20,BTN,J2s,0,0,0,100,false,frame_010.00.png
20,BTN,ATo,3,97,0,0,false,frame_010.00.png
20,BTN,KTo,2,98,0,0,false,frame_010.00.png
20,BTN,QTo,3,97,0,0,false,frame_010.00.png
20,BTN,JTo,2,98,0,0,false,frame_010.00.png
20,BTN,TT,0,100,0,0,false,frame_010.00.png
20,BTN,T9s,3,97,0,0,false,frame_010.00.png
20,BTN,T8s,2,98,0,0,false,frame_010.00.png
20,BTN,T7s,0,97,0,3,false,frame_010.00.png
20,BTN,T6s,0,0,0,100,false,frame_010.00.png
20,BTN,T5s,0,0,0,100,false,frame_010.00.png
20,BTN,T4s,0,0,0,100,false,frame_010.00.png
20,BTN,T3s,0,0,0,100,false,frame_010.00.png
20,BTN,T2s,0,0,0,100,false,frame_010.00.png
20,BTN,A9o,3,97,0,0,false,frame_010.00.png
20,BTN,K9o,3,97,0,0,false,frame_010.00.png
20,BTN,Q9o,5,52,0,43,true,frame_010.00.png
20,BTN,J9o,0,30,0,70,true,frame_010.00.png
20,BTN,T9o,0,0,0,100,false,frame_010.00.png
20,BTN,99,2,98,0,0,false,frame_010.00.png
20,BTN,98s,2,98,0,0,false,frame_010.00.png
20,BTN,97s,0,100,0,0,false,frame_010.00.png
20,BTN,96s,0,0,0,100,false,frame_010.00.png
20,BTN,95s,0,0,0,100,false,frame_010.00.png
20,BTN,94s,0,0,0,100,false,frame_010.00.png
20,BTN,93s,0,0,0,100,false,frame_010.00.png
20,BTN,92s,0,0,0,100,false,frame_010.00.png
20,BTN,A8o,3,97,0,0,false,frame_010.00.png
20,BTN,K8o,0,0,0,100,false,frame_010.00.png
20,BTN,Q8o,0,0,0,100,false,frame_010.00.png
20,BTN,J8o,0,0,0,100,false,frame_010.00.png
20,BTN,T8o,0,0,0,100,false,frame_010.00.png
20,BTN,98o,0,0,0,100,false,frame_010.00.png
20,BTN,88,0,100,0,0,false,frame_010.00.png
20,BTN,87s,2,98,0,0,false,frame_010.00.png
20,BTN,86s,0,0,0,100,false,frame_010.00.png
20,BTN,85s,0,0,0,100,false,frame_010.00.png
20,BTN,84s,0,0,0,100,false,frame_010.00.png
20,BTN,83s,0,0,0,100,false,frame_010.00.png
20,BTN,82s,0,0,0,100,false,frame_010.00.png
20,BTN,A7o,3,97,0,0,false,frame_010.00.png
20,BTN,K7o,0,0,0,100,false,frame_010.00.png
20,BTN,Q7o,0,0,0,100,false,frame_010.00.png
20,BTN,J7o,0,0,0,100,false,frame_010.00.png
20,BTN,T7o,0,0,0,100,false,frame_010.00.png
20,BTN,97o,0,0,0,100,false,frame_010.00.png
20,BTN,87o,0,0,0,100,false,frame_010.00.png
20,BTN,77,0,100,0,0,false,frame_010.00.png
20,BTN,76s,0,9,0,91,false,frame_010.00.png
20,BTN,75s,0,0,0,100,false,frame_010.00.png
20,BTN,74s,0,0,0,100,false,frame_010.00.png
20,BTN,73s,0,0,0,100,false,frame_010.00.png
20,BTN,72s,0,0,0,100,false,frame_010.00.png
20,BTN,A6o,3,97,0,0,false,frame_010.00.png
20,BTN,K6o,0,0,0,100,false,frame_010.00.png
20,BTN,Q6o,0,0,0,100,false,frame_010.00.png
20,BTN,J6o,0,0,0,100,false,frame_010.00.png
20,BTN,T6o,0,0,0,100,false,frame_010.00.png
20,BTN,96o,0,0,0,100,false,frame_010.00.png
20,BTN,86o,0,0,0,100,false,frame_010.00.png
20,BTN,76o,0,0,0,100,false,frame_010.00.png
20,BTN,66,2,98,0,0,false,frame_010.00.png
20,BTN,65s,0,0,0,100,false,frame_010.00.png
20,BTN,64s,0,0,0,100,false,frame_010.00.png
20,BTN,63s,0,0,0,100,false,frame_010.00.png
20,BTN,62s,0,0,0,100,false,frame_010.00.png
20,BTN,A5o,3,97,0,0,false,frame_010.00.png
20,BTN,K5o,0,0,0,100,false,frame_010.00.png
20,BTN,Q5o,0,0,0,100,false,frame_010.00.png
20,BTN,J5o,0,0,0,100,false,frame_010.00.png
20,BTN,T5o,0,0,0,100,false,frame_010.00.png
20,BTN,95o,0,0,0,100,false,frame_010.00.png
20,BTN,85o,0,0,0,100,false,frame_010.00.png
20,BTN,75o,0,0,0,100,false,frame_010.00.png
20,BTN,65o,0,0,0,100,false,frame_010.00.png
20,BTN,55,0,100,0,0,false,frame_010.00.png
20,BTN,54s,0,0,0,100,false,frame_010.00.png
20,BTN,53s,0,0,0,100,false,frame_010.00.png
20,BTN,52s,0,0,0,100,false,frame_010.00.png
20,BTN,A4o,0,0,0,100,false,frame_010.00.png
20,BTN,K4o,0,0,0,100,false,frame_010.00.png
20,BTN,Q4o,0,0,0,100,false,frame_010.00.png
20,BTN,J4o,0,0,0,100,false,frame_010.00.png
20,BTN,T4o,0,0,0,100,false,frame_010.00.png
20,BTN,94o,0,0,0,100,false,frame_010.00.png
20,BTN,84o,0,0,0,100,false,frame_010.00.png
20,BTN,74o,0,0,0,100,false,frame_010.00.png
20,BTN,64o,0,0,0,100,false,frame_010.00.png
20,BTN,54o,0,0,0,100,false,frame_010.00.png
20,BTN,44,0,100,0,0,false,frame_010.00.png
20,BTN,43s,0,0,0,100,false,frame_010.00.png
20,BTN,42s,0,0,0,100,false,frame_010.00.png
20,BTN,A3o,0,0,0,100,false,frame_010.00.png
20,BTN,K3o,0,0,0,100,false,frame_010.00.png
20,BTN,Q3o,0,0,0,100,false,frame_010.00.png
20,BTN,J3o,0,0,0,100,false,frame_010.00.png
20,BTN,T3o,0,0,0,100,false,frame_010.00.png
20,BTN,93o,0,0,0,100,false,frame_010.00.png
20,BTN,83o,0,0,0,100,false,frame_010.00.png
20,BTN,73o,0,0,0,100,false,frame_010.00.png
20,BTN,63o,0,0,0,100,false,frame_010.00.png
20,BTN,53o,0,0,0,100,false,frame_010.00.png
20,BTN,43o,0,0,0,100,false,frame_010.00.png
20,BTN,33,0,0,0,100,false,frame_010.00.png
20,BTN,32s,0,0,0,100,false,frame_010.00.png
20,BTN,A2o,0,0,0,100,false,frame_010.00.png
20,BTN,K2o,0,0,0,100,false,frame_010.00.png
20,BTN,Q2o,0,0,0,100,false,frame_010.00.png
20,BTN,J2o,0,0,0,100,false,frame_010.00.png
20,BTN,T2o,0,0,0,100,false,frame_010.00.png
20,BTN,92o,0,0,0,100,false,frame_010.00.png
20,BTN,82o,0,0,0,100,false,frame_010.00.png
20,BTN,72o,0,0,0,100,false,frame_010.00.png
20,BTN,62o,0,0,0,100,false,frame_010.00.png
20,BTN,52o,0,0,0,100,false,frame_010.00.png
20,BTN,42o,0,0,0,100,false,frame_010.00.png
20,BTN,32o,0,0,0,100,false,frame_010.00.png
20,BTN,22,0,0,0,100,false,frame_010.00.png
20,SB,AA,3,97,0,0,false,frame_013.00.png
20,SB,AKs,3,97,0,0,false,frame_013.00.png
20,SB,AQs,3,97,0,0,false,frame_013.00.png
20,SB,AJs,2,98,0,0,false,frame_013.00.png
20,SB,ATs,2,98,0,0,false,frame_013.00.png
20,SB,A9s,3,97,0,0,false,frame_013.00.png
20,SB,A8s,2,98,0,0,false,frame_013.00.png
20,SB,A7s,2,98,0,0,false,frame_013.00.png
20,SB,A6s,3,97,0,0,false,frame_013.00.png
20,SB,A5s,15,85,0,0,false,frame_013.00.png
20,SB,A4s,100,0,0,0,false,frame_013.00.png
20,SB,A3s,100,0,0,0,false,frame_013.00.png
20,SB,A2s,100,0,0,0,false,frame_013.00.png
20,SB,AKo,3,97,0,0,false,frame_013.00.png
20,SB,KK,0,100,0,0,false,frame_013.00.png
20,SB,KQs,3,97,0,0,false,frame_013.00.png
20,SB,KJs,2,98,0,0,false,frame_013.00.png
20,SB,KTs,2,98,0,0,false,frame_013.00.png
20,SB,K9s,3,97,0,0,false,frame_013.00.png
20,SB,K8s,3,97,0,0,false,frame_013.00.png
20,SB,K7s,2,98,0,0,false,frame_013.00.png
20,SB,K6s,3,97,0,0,false,frame_013.00.png
20,SB,K5s,2,98,0,0,false,frame_013.00.png
20,SB,K4s,3,97,0,0,false,frame_013.00.png
20,SB,K3s,3,97,0,0,false,frame_013.00.png
20,SB,K2s,0,20,0,80,false,frame_013.00.png
20,SB,AQo,4,96,0,0,false,frame_013.00.png
20,SB,KQo,9,91,0,0,false,frame_013.00.png
20,SB,QQ,3,97,0,0,false,frame_013.00.png
20,SB,QJs,2,98,0,0,false,frame_013.00.png
20,SB,QTs,63,37,0,0,false,frame_013.00.png
20,SB,Q9s,4,96,0,0,false,frame_013.00.png
20,SB,Q8s,3,97,0,0,false,frame_013.00.png
20,SB,Q7s,2,98,0,0,false,frame_013.00.png
20,SB,Q6s,3,97,0,0,false,frame_013.00.png
20,SB,Q5s,3,97,0,0,false,frame_013.00.png
20,SB,Q4s,2,98,0,0,false,frame_013.00.png
20,SB,Q3s,0,0,0,100,false,frame_013.00.png
20,SB,Q2s,0,0,0,100,false,frame_013.00.png
20,SB,AJo,3,97,0,0,false,frame_013.00.png
20,SB,KJo,19,81,0,0,false,frame_013.00.png
20,SB,QJo,3,97,0,0,false,frame_013.00.png
20,SB,JJ,0,100,0,0,false,frame_013.00.png
20,SB,JTs,20,80,0,0,false,frame_013.00.png
20,SB,J9s,2,98,0,0,false,frame_013.00.png
20,SB,J8s,2,98,0,0,false,frame_013.00.png
20,SB,J7s,0,100,0,0,false,frame_013.00.png
20,SB,J6s,3,97,0,0,false,frame_013.00.png
20,SB,J5s,0,100,0,0,false,frame_013.00.png
20,SB,J4s,0,0,0,100,false,frame_013.00.png
20,SB,J3s,0,0,0,100,false,frame_013.00.png
20,SB,J2s,0,0,0,100,false,frame_013.00.png
20,SB,ATo,3,97,0,0,false,frame_013.00.png
20,SB,KTo,2,98,0,0,false,frame_013.00.png
20,SB,QTo,3,97,0,0,false,frame_013.00.png
20,SB,JTo,0,100,0,0,false,frame_013.00.png
20,SB,TT,0,100,0,0,false,frame_013.00.png
20,SB,T9s,3,97,0,0,false,frame_013.00.png
20,SB,T8s,2,98,0,0,false,frame_013.00.png
20,SB,T7s,0,100,0,0,false,frame_013.00.png
20,SB,T6s,3,97,0,0,false,frame_013.00.png
20,SB,T5s,0,0,0,100,false,frame_013.00.png
20,SB,T4s,0,0,0,100,false,frame_013.00.png
20,SB,T3s,0,0,0,100,false,frame_013.00.png
20,SB,T2s,0,0,0,100,false,frame_013.00.png
20,SB,A9o,13,87,0,0,false,frame_013.00.png
20,SB,K9o,3,97,0,0,false,frame_013.00.png
20,SB,Q9o,3,97,0,0,false,frame_013.00.png
20,SB,J9o,2,98,0,0,false,frame_013.00.png
20,SB,T9o,0,100,0,0,false,frame_013.00.png
20,SB,99,2,98,0,0,false,frame_013.00.png
20,SB,98s,2,98,0,0,false,frame_013.00.png
20,SB,97s,0,100,0,0,false,frame_013.00.png
20,SB,96s,0,0,0,100,false,frame_013.00.png
20,SB,95s,0,0,0,100,false,frame_013.00.png
20,SB,94s,0,0,0,100,false,frame_013.00.png
20,SB,93s,0,0,0,100,false,frame_013.00.png
20,SB,92s,0,0,0,100,false,frame_013.00.png
20,SB,A8o,90,10,0,0,false,frame_013.00.png
20,SB,K8o,3,97,0,0,false,frame_013.00.png
20,SB,Q8o,4,43,0,53,true,frame_013.00.png
20,SB,J8o,0,40,0,60,true,frame_013.00.png
20,SB,T8o,0,0,0,100,false,frame_013.00.png
20,SB,98o,0,0,0,100,false,frame_013.00.png
20,SB,88,0,100,0,0,false,frame_013.00.png
20,SB,87s,0,100,0,0,false,frame_013.00.png
20,SB,86s,3,97,0,0,false,frame_013.00.png
20,SB,85s,0,0,0,100,false,frame_013.00.png
20,SB,84s,0,0,0,100,false,frame_013.00.png
20,SB,83s,0,0,0,100,false,frame_013.00.png
20,SB,82s,0,0,0,100,false,frame_013.00.png
20,SB,A7o,72,28,0,0,false,frame_013.00.png
20,SB,K7o,0,28,0,72,false,frame_013.00.png
20,SB,Q7o,0,0,0,100,false,frame_013.00.png
20,SB,J7o,0,0,0,100,false,frame_013.00.png
20,SB,T7o,0,0,0,100,false,frame_013.00.png
20,SB,97o,0,0,0,100,false,frame_013.00.png
20,SB,87o,0,0,0,100,false,frame_013.00.png
20,SB,77,0,100,0,0,false,frame_013.00.png
20,SB,76s,2,98,0,0,false,frame_013.00.png
20,SB,75s,0,0,0,100,false,frame_013.00.png
20,SB,74s,0,0,0,100,false,frame_013.00.png
20,SB,73s,0,0,0,100,false,frame_013.00.png
20,SB,72s,0,0,0,100,false,frame_013.00.png
20,SB,A6o,3,97,0,0,false,frame_013.00.png
20,SB,K6o,0,0,0,100,false,frame_013.00.png
20,SB,Q6o,0,0,0,100,false,frame_013.00.png
20,SB,J6o,0,0,0,100,false,frame_013.00.png
20,SB,T6o,0,0,0,100,false,frame_013.00.png
20,SB,96o,0,0,0,100,false,frame_013.00.png
20,SB,86o,0,0,0,100,false,frame_013.00.png
20,SB,76o,0,0,0,100,false,frame_013.00.png
20,SB,66,2,98,0,0,false,frame_013.00.png
20,SB,65s,0,8,0,92,false,frame_013.00.png
20,SB,64s,0,0,0,100,false,frame_013.00.png
20,SB,63s,0,0,0,100,false,frame_013.00.png
20,SB,62s,0,0,0,100,false,frame_013.00.png
20,SB,A5o,3,97,0,0,false,frame_013.00.png
20,SB,K5o,0,0,0,100,false,frame_013.00.png
20,SB,Q5o,0,0,0,100,false,frame_013.00.png
20,SB,J5o,0,0,0,100,false,frame_013.00.png
20,SB,T5o,0,0,0,100,false,frame_013.00.png
20,SB,95o,0,0,0,100,false,frame_013.00.png
20,SB,85o,0,0,0,100,false,frame_013.00.png
20,SB,75o,0,0,0,100,false,frame_013.00.png
20,SB,65o,0,0,0,100,false,frame_013.00.png
20,SB,55,0,100,0,0,false,frame_013.00.png
20,SB,54s,0,0,0,100,false,frame_013.00.png
20,SB,53s,0,0,0,100,false,frame_013.00.png
20,SB,52s,0,0,0,100,false,frame_013.00.png
20,SB,A4o,3,97,0,0,false,frame_013.00.png
20,SB,K4o,0,0,0,100,false,frame_013.00.png
20,SB,Q4o,0,0,0,100,false,frame_013.00.png
20,SB,J4o,0,0,0,100,false,frame_013.00.png
20,SB,T4o,0,0,0,100,false,frame_013.00.png
20,SB,94o,0,0,0,100,false,frame_013.00.png
20,SB,84o,0,0,0,100,false,frame_013.00.png
20,SB,74o,0,0,0,100,false,frame_013.00.png
20,SB,64o,0,0,0,100,false,frame_013.00.png
20,SB,54o,0,0,0,100,false,frame_013.00.png
20,SB,44,100,0,0,0,false,frame_013.00.png
20,SB,43s,0,0,0,100,false,frame_013.00.png
20,SB,42s,0,0,0,100,false,frame_013.00.png
20,SB,A3o,3,97,0,0,false,frame_013.00.png
20,SB,K3o,0,0,0,100,false,frame_013.00.png
20,SB,Q3o,0,0,0,100,false,frame_013.00.png
20,SB,J3o,0,0,0,100,false,frame_013.00.png
20,SB,T3o,0,0,0,100,false,frame_013.00.png
20,SB,93o,0,0,0,100,false,frame_013.00.png
20,SB,83o,0,0,0,100,false,frame_013.00.png
20,SB,73o,0,0,0,100,false,frame_013.00.png
20,SB,63o,0,0,0,100,false,frame_013.00.png
20,SB,53o,0,0,0,100,false,frame_013.00.png
20,SB,43o,0,0,0,100,false,frame_013.00.png
20,SB,33,100,0,0,0,false,frame_013.00.png
20,SB,32s,0,0,0,100,false,frame_013.00.png
20,SB,A2o,3,97,0,0,false,frame_013.00.png
20,SB,K2o,0,0,0,100,false,frame_013.00.png
20,SB,Q2o,0,0,0,100,false,frame_013.00.png
20,SB,J2o,0,0,0,100,false,frame_013.00.png
20,SB,T2o,0,0,0,100,false,frame_013.00.png
20,SB,92o,0,0,0,100,false,frame_013.00.png
20,SB,82o,0,0,0,100,false,frame_013.00.png
20,SB,72o,0,0,0,100,false,frame_013.00.png
20,SB,62o,0,0,0,100,false,frame_013.00.png
20,SB,52o,0,0,0,100,false,frame_013.00.png
20,SB,42o,0,0,0,100,false,frame_013.00.png
20,SB,32o,0,0,0,100,false,frame_013.00.png
20,SB,22,100,0,0,0,false,frame_013.00.png
25,UTG,AA,3,97,0,0,false,frame_000.00.png
25,UTG,AKs,2,98,0,0,false,frame_000.00.png
25,UTG,AQs,3,97,0,0,false,frame_000.00.png
25,UTG,AJs,2,98,0,0,false,frame_000.00.png
25,UTG,ATs,2,98,0,0,false,frame_000.00.png
25,UTG,A9s,3,97,0,0,false,frame_000.00.png
25,UTG,A8s,3,97,0,0,false,frame_000.00.png
25,UTG,A7s,2,98,0,0,false,frame_000.00.png
25,UTG,A6s,3,97,0,0,false,frame_000.00.png
25,UTG,A5s,2,98,0,0,false,frame_000.00.png
25,UTG,A4s,2,98,0,0,false,frame_000.00.png
25,UTG,A3s,2,98,0,0,false,frame_000.00.png
25,UTG,A2s,0,17,0,83,false,frame_000.00.png
25,UTG,AKo,3,97,0,0,false,frame_000.00.png
25,UTG,KK,0,100,0,0,false,frame_000.00.png
25,UTG,KQs,3,97,0,0,false,frame_000.00.png
25,UTG,KJs,2,98,0,0,false,frame_000.00.png
25,UTG,KTs,2,98,0,0,false,frame_000.00.png
25,UTG,K9s,3,97,0,0,false,frame_000.00.png
25,UTG,K8s,3,97,0,0,false,frame_000.00.png
25,UTG,K7s,0,0,0,100,false,frame_000.00.png
25,UTG,K6s,0,0,0,100,false,frame_000.00.png
25,UTG,K5s,0,0,0,100,false,frame_000.00.png
25,UTG,K4s,0,0,0,100,false,frame_000.00.png
25,UTG,K3s,0,0,0,100,false,frame_000.00.png
25,UTG,K2s,0,0,0,100,false,frame_000.00.png
25,UTG,AQo,4,96,0,0,false,frame_000.00.png
25,UTG,KQo,3,97,0,0,false,frame_000.00.png
25,UTG,QQ,3,97,0,0,false,frame_000.00.png
25,UTG,QJs,2,98,0,0,false,frame_000.00.png
25,UTG,QTs,2,98,0,0,false,frame_000.00.png
25,UTG,Q9s,4,96,0,0,false,frame_000.00.png
25,UTG,Q8s,0,0,0,100,false,frame_000.00.png
25,UTG,Q7s,0,0,0,100,false,frame_000.00.png
25,UTG,Q6s,0,0,0,100,false,frame_000.00.png
25,UTG,Q5s,0,0,0,100,false,frame_000.00.png
25,UTG,Q4s,0,0,0,100,false,frame_000.00.png
25,UTG,Q3s,0,0,0,100,false,frame_000.00.png
25,UTG,Q2s,0,0,0,100,false,frame_000.00.png
25,UTG,AJo,3,97,0,0,false,frame_000.00.png
25,UTG,KJo,2,98,0,0,false,frame_000.00.png
25,UTG,QJo,4,58,0,38,true,frame_000.00.png
25,UTG,JJ,0,100,0,0,false,frame_000.00.png
25,UTG,JTs,0,100,0,0,false,frame_000.00.png
25,UTG,J9s,2,98,0,0,false,frame_000.00.png
25,UTG,J8s,0,0,0,100,false,frame_000.00.png
25,UTG,J7s,0,0,0,100,false,frame_000.00.png
25,UTG,J6s,0,0,0,100,false,frame_000.00.png
25,UTG,J5s,0,0,0,100,false,frame_000.00.png
25,UTG,J4s,0,0,0,100,false,frame_000.00.png
25,UTG,J3s,0,0,0,100,false,frame_000.00.png
25,UTG,J2s,0,0,0,100,false,frame_000.00.png
25,UTG,ATo,2,98,0,0,false,frame_000.00.png
25,UTG,KTo,2,44,0,54,true,frame_000.00.png
25,UTG,QTo,0,0,0,100,false,frame_000.00.png
25,UTG,JTo,0,0,0,100,false,frame_000.00.png
25,UTG,TT,0,100,0,0,false,frame_000.00.png
25,UTG,T9s,3,97,0,0,false,frame_000.00.png
25,UTG,T8s,2,98,0,0,false,frame_000.00.png
25,UTG,T7s,0,0,0,100,false,frame_000.00.png
25,UTG,T6s,0,0,0,100,false,frame_000.00.png
25,UTG,T5s,0,0,0,100,false,frame_000.00.png
25,UTG,T4s,0,0,0,100,false,frame_000.00.png
25,UTG,T3s,0,0,0,100,false,frame_000.00.png
25,UTG,T2s,0,0,0,100,false,frame_000.00.png
25,UTG,A9o,0,0,0,100,false,frame_000.00.png
25,UTG,K9o,0,0,0,100,false,frame_000.00.png
25,UTG,Q9o,0,0,0,100,false,frame_000.00.png
25,UTG,J9o,0,0,0,100,false,frame_000.00.png
25,UTG,T9o,0,0,0,100,false,frame_000.00.png
25,UTG,99,2,98,0,0,false,frame_000.00.png
25,UTG,98s,2,98,0,0,false,frame_000.00.png
25,UTG,97s,0,0,0,100,false,frame_000.00.png
25,UTG,96s,0,0,0,100,false,frame_000.00.png
25,UTG,95s,0,0,0,100,false,frame_000.00.png
25,UTG,94s,0,0,0,100,false,frame_000.00.png
25,UTG,93s,0,0,0,100,false,frame_000.00.png
25,UTG,92s,0,0,0,100,false,frame_000.00.png
25,UTG,A8o,0,0,0,100,false,frame_000.00.png
25,UTG,K8o,0,0,0,100,false,frame_000.00.png
25,UTG,Q8o,0,0,0,100,false,frame_000.00.png
25,UTG,J8o,0,0,0,100,false,frame_000.00.png
25,UTG,T8o,0,0,0,100,false,frame_000.00.png
25,UTG,98o,0,0,0,100,false,frame_000.00.png
25,UTG,88,0,100,0,0,false,frame_000.00.png
25,UTG,87s,0,3,0,97,false,frame_000.00.png
25,UTG,86s,0,0,0,100,false,frame_000.00.png
25,UTG,85s,0,0,0,100,false,frame_000.00.png
25,UTG,84s,0,0,0,100,false,frame_000.00.png
25,UTG,83s,0,0,0,100,false,frame_000.00.png
25,UTG,82s,0,0,0,100,false,frame_000.00.png
25,UTG,A7o,0,0,0,100,false,frame_000.00.png
25,UTG,K7o,0,0,0,100,false,frame_000.00.png
25,UTG,Q7o,0,0,0,100,false,frame_000.00.png
25,UTG,J7o,0,0,0,100,false,frame_000.00.png
25,UTG,T7o,0,0,0,100,false,frame_000.00.png
25,UTG,97o,0,0,0,100,false,frame_000.00.png
25,UTG,87o,0,0,0,100,false,frame_000.00.png
25,UTG,77,0,100,0,0,false,frame_000.00.png
25,UTG,76s,0,28,0,72,false,frame_000.00.png
25,UTG,75s,0,0,0,100,false,frame_000.00.png
25,UTG,74s,0,0,0,100,false,frame_000.00.png
25,UTG,73s,0,0,0,100,false,frame_000.00.png
25,UTG,72s,0,0,0,100,false,frame_000.00.png
25,UTG,A6o,0,0,0,100,false,frame_000.00.png
25,UTG,K6o,0,0,0,100,false,frame_000.00.png
25,UTG,Q6o,0,0,0,100,false,frame_000.00.png
25,UTG,J6o,0,0,0,100,false,frame_000.00.png
25,UTG,T6o,0,0,0,100,false,frame_000.00.png
25,UTG,96o,0,0,0,100,false,frame_000.00.png
25,UTG,86o,0,0,0,100,false,frame_000.00.png
25,UTG,76o,0,0,0,100,false,frame_000.00.png
25,UTG,66,2,98,0,0,false,frame_000.00.png
25,UTG,65s,0,18,0,82,false,frame_000.00.png
25,UTG,64s,0,0,0,100,false,frame_000.00.png
25,UTG,63s,0,0,0,100,false,frame_000.00.png
25,UTG,62s,0,0,0,100,false,frame_000.00.png
25,UTG,A5o,0,0,0,100,false,frame_000.00.png
25,UTG,K5o,0,0,0,100,false,frame_000.00.png
25,UTG,Q5o,0,0,0,100,false,frame_000.00.png
25,UTG,J5o,0,0,0,100,false,frame_000.00.png
25,UTG,T5o,0,0,0,100,false,frame_000.00.png
25,UTG,95o,0,0,0,100,false,frame_000.00.png
25,UTG,85o,0,0,0,100,false,frame_000.00.png
25,UTG,75o,0,0,0,100,false,frame_000.00.png
25,UTG,65o,0,0,0,100,false,frame_000.00.png
25,UTG,55,0,100,0,0,false,frame_000.00.png
25,UTG,54s,0,0,0,100,false,frame_000.00.png
25,UTG,53s,0,0,0,100,false,frame_000.00.png
25,UTG,52s,0,0,0,100,false,frame_000.00.png
25,UTG,A4o,0,0,0,100,false,frame_000.00.png
25,UTG,K4o,0,0,0,100,false,frame_000.00.png
25,UTG,Q4o,0,0,0,100,false,frame_000.00.png
25,UTG,J4o,0,0,0,100,false,frame_000.00.png
25,UTG,T4o,0,0,0,100,false,frame_000.00.png
25,UTG,94o,0,0,0,100,false,frame_000.00.png
25,UTG,84o,0,0,0,100,false,frame_000.00.png
25,UTG,74o,0,0,0,100,false,frame_000.00.png
25,UTG,64o,0,0,0,100,false,frame_000.00.png
25,UTG,54o,0,0,0,100,false,frame_000.00.png
25,UTG,44,0,0,0,100,false,frame_000.00.png
25,UTG,43s,0,0,0,100,false,frame_000.00.png
25,UTG,42s,0,0,0,100,false,frame_000.00.png
25,UTG,A3o,0,0,0,100,false,frame_000.00.png
25,UTG,K3o,0,0,0,100,false,frame_000.00.png
25,UTG,Q3o,0,0,0,100,false,frame_000.00.png
25,UTG,J3o,0,0,0,100,false,frame_000.00.png
25,UTG,T3o,0,0,0,100,false,frame_000.00.png
25,UTG,93o,0,0,0,100,false,frame_000.00.png
25,UTG,83o,0,0,0,100,false,frame_000.00.png
25,UTG,73o,0,0,0,100,false,frame_000.00.png
25,UTG,63o,0,0,0,100,false,frame_000.00.png
25,UTG,53o,0,0,0,100,false,frame_000.00.png
25,UTG,43o,0,0,0,100,false,frame_000.00.png
25,UTG,33,0,0,0,100,false,frame_000.00.png
25,UTG,32s,0,0,0,100,false,frame_000.00.png
25,UTG,A2o,0,0,0,100,false,frame_000.00.png
25,UTG,K2o,0,0,0,100,false,frame_000.00.png
25,UTG,Q2o,0,0,0,100,false,frame_000.00.png
25,UTG,J2o,0,0,0,100,false,frame_000.00.png
25,UTG,T2o,0,0,0,100,false,frame_000.00.png
25,UTG,92o,0,0,0,100,false,frame_000.00.png
25,UTG,82o,0,0,0,100,false,frame_000.00.png
25,UTG,72o,0,0,0,100,false,frame_000.00.png
25,UTG,62o,0,0,0,100,false,frame_000.00.png
25,UTG,52o,0,0,0,100,false,frame_000.00.png
25,UTG,42o,0,0,0,100,false,frame_000.00.png
25,UTG,32o,0,0,0,100,false,frame_000.00.png
25,UTG,22,0,0,0,100,false,frame_000.00.png
25,UTG1,AA,3,97,0,0,false,frame_002.00.png
25,UTG1,AKs,3,97,0,0,false,frame_002.00.png
25,UTG1,AQs,3,97,0,0,false,frame_002.00.png
25,UTG1,AJs,2,98,0,0,false,frame_002.00.png
25,UTG1,ATs,2,98,0,0,false,frame_002.00.png
25,UTG1,A9s,3,97,0,0,false,frame_002.00.png
25,UTG1,A8s,3,97,0,0,false,frame_002.00.png
25,UTG1,A7s,2,98,0,0,false,frame_002.00.png
25,UTG1,A6s,3,97,0,0,false,frame_002.00.png
25,UTG1,A5s,2,98,0,0,false,frame_002.00.png
25,UTG1,A4s,2,98,0,0,false,frame_002.00.png
25,UTG1,A3s,2,98,0,0,false,frame_002.00.png
25,UTG1,A2s,0,17,0,83,false,frame_002.00.png
25,UTG1,AKo,3,97,0,0,false,frame_002.00.png
25,UTG1,KK,0,100,0,0,false,frame_002.00.png
25,UTG1,KQs,3,97,0,0,false,frame_002.00.png
25,UTG1,KJs,2,98,0,0,false,frame_002.00.png
25,UTG1,KTs,2,98,0,0,false,frame_002.00.png
25,UTG1,K9s,3,97,0,0,false,frame_002.00.png
25,UTG1,K8s,3,97,0,0,false,frame_002.00.png
25,UTG1,K7s,0,0,0,100,false,frame_002.00.png
25,UTG1,K6s,0,0,0,100,false,frame_002.00.png
25,UTG1,K5s,0,0,0,100,false,frame_002.00.png
25,UTG1,K4s,0,0,0,100,false,frame_002.00.png
25,UTG1,K3s,0,0,0,100,false,frame_002.00.png
25,UTG1,K2s,0,0,0,100,false,frame_002.00.png
25,UTG1,AQo,4,96,0,0,false,frame_002.00.png
25,UTG1,KQo,3,97,0,0,false,frame_002.00.png
25,UTG1,QQ,3,97,0,0,false,frame_002.00.png
25,UTG1,QJs,2,98,0,0,false,frame_002.00.png
25,UTG1,QTs,2,98,0,0,false,frame_002.00.png
25,UTG1,Q9s,4,96,0,0,false,frame_002.00.png
25,UTG1,Q8s,0,0,0,100,false,frame_002.00.png
25,UTG1,Q7s,0,0,0,100,false,frame_002.00.png
25,UTG1,Q6s,0,0,0,100,false,frame_002.00.png
25,UTG1,Q5s,0,0,0,100,false,frame_002.00.png
25,UTG1,Q4s,0,0,0,100,false,frame_002.00.png
25,UTG1,Q3s,0,0,0,100,false,frame_002.00.png
25,UTG1,Q2s,0,0,0,100,false,frame_002.00.png
25,UTG1,AJo,3,97,0,0,false,frame_002.00.png
25,UTG1,KJo,2,98,0,0,false,frame_002.00.png
25,UTG1,QJo,4,58,0,38,true,frame_002.00.png
25,UTG1,JJ,0,100,0,0,false,frame_002.00.png
25,UTG1,JTs,0,100,0,0,false,frame_002.00.png
25,UTG1,J9s,2,98,0,0,false,frame_002.00.png
25,UTG1,J8s,0,0,0,100,false,frame_002.00.png
25,UTG1,J7s,0,0,0,100,false,frame_002.00.png
25,UTG1,J6s,0,0,0,100,false,frame_002.00.png
25,UTG1,J5s,0,0,0,100,false,frame_002.00.png
25,UTG1,J4s,0,0,0,100,false,frame_002.00.png
25,UTG1,J3s,0,0,0,100,false,frame_002.00.png
25,UTG1,J2s,0,0,0,100,false,frame_002.00.png
25,UTG1,ATo,2,98,0,0,false,frame_002.00.png
25,UTG1,KTo,0,45,0,55,true,frame_002.00.png
25,UTG1,QTo,0,0,0,100,false,frame_002.00.png
25,UTG1,JTo,0,0,0,100,false,frame_002.00.png
25,UTG1,TT,0,100,0,0,false,frame_002.00.png
25,UTG1,T9s,3,97,0,0,false,frame_002.00.png
25,UTG1,T8s,2,98,0,0,false,frame_002.00.png
25,UTG1,T7s,0,0,0,100,false,frame_002.00.png
25,UTG1,T6s,0,0,0,100,false,frame_002.00.png
25,UTG1,T5s,0,0,0,100,false,frame_002.00.png
25,UTG1,T4s,0,0,0,100,false,frame_002.00.png
25,UTG1,T3s,0,0,0,100,false,frame_002.00.png
25,UTG1,T2s,0,0,0,100,false,frame_002.00.png
25,UTG1,A9o,0,0,0,100,false,frame_002.00.png
25,UTG1,K9o,0,0,0,100,false,frame_002.00.png
25,UTG1,Q9o,0,0,0,100,false,frame_002.00.png
25,UTG1,J9o,0,0,0,100,false,frame_002.00.png
25,UTG1,T9o,0,0,0,100,false,frame_002.00.png
25,UTG1,99,2,98,0,0,false,frame_002.00.png
25,UTG1,98s,2,98,0,0,false,frame_002.00.png
25,UTG1,97s,0,0,0,100,false,frame_002.00.png
25,UTG1,96s,0,0,0,100,false,frame_002.00.png
25,UTG1,95s,0,0,0,100,false,frame_002.00.png
25,UTG1,94s,0,0,0,100,false,frame_002.00.png
25,UTG1,93s,0,0,0,100,false,frame_002.00.png
25,UTG1,92s,0,0,0,100,false,frame_002.00.png
25,UTG1,A8o,0,0,0,100,false,frame_002.00.png
25,UTG1,K8o,0,0,0,100,false,frame_002.00.png
25,UTG1,Q8o,0,0,0,100,false,frame_002.00.png
25,UTG1,J8o,0,0,0,100,false,frame_002.00.png
25,UTG1,T8o,0,0,0,100,false,frame_002.00.png
25,UTG1,98o,0,0,0,100,false,frame_002.00.png
25,UTG1,88,0,100,0,0,false,frame_002.00.png
25,UTG1,87s,0,3,0,97,false,frame_002.00.png
25,UTG1,86s,0,0,0,100,false,frame_002.00.png
25,UTG1,85s,0,0,0,100,false,frame_002.00.png
25,UTG1,84s,0,0,0,100,false,frame_002.00.png
25,UTG1,83s,0,0,0,100,false,frame_002.00.png
25,UTG1,82s,0,0,0,100,false,frame_002.00.png
25,UTG1,A7o,0,0,0,100,false,frame_002.00.png
25,UTG1,K7o,0,0,0,100,false,frame_002.00.png
25,UTG1,Q7o,0,0,0,100,false,frame_002.00.png
25,UTG1,J7o,0,0,0,100,false,frame_002.00.png
25,UTG1,T7o,0,0,0,100,false,frame_002.00.png
25,UTG1,97o,0,0,0,100,false,frame_002.00.png
25,UTG1,87o,0,0,0,100,false,frame_002.00.png
25,UTG1,77,0,100,0,0,false,frame_002.00.png
25,UTG1,76s,3,27,0,70,true,frame_002.00.png
25,UTG1,75s,0,0,0,100,false,frame_002.00.png
25,UTG1,74s,0,0,0,100,false,frame_002.00.png
25,UTG1,73s,0,0,0,100,false,frame_002.00.png
25,UTG1,72s,0,0,0,100,false,frame_002.00.png
25,UTG1,A6o,0,0,0,100,false,frame_002.00.png
25,UTG1,K6o,0,0,0,100,false,frame_002.00.png
25,UTG1,Q6o,0,0,0,100,false,frame_002.00.png
25,UTG1,J6o,0,0,0,100,false,frame_002.00.png
25,UTG1,T6o,0,0,0,100,false,frame_002.00.png
25,UTG1,96o,0,0,0,100,false,frame_002.00.png
25,UTG1,86o,0,0,0,100,false,frame_002.00.png
25,UTG1,76o,0,0,0,100,false,frame_002.00.png
25,UTG1,66,2,98,0,0,false,frame_002.00.png
25,UTG1,65s,0,18,0,82,false,frame_002.00.png
25,UTG1,64s,0,0,0,100,false,frame_002.00.png
25,UTG1,63s,0,0,0,100,false,frame_002.00.png
25,UTG1,62s,0,0,0,100,false,frame_002.00.png
25,UTG1,A5o,0,0,0,100,false,frame_002.00.png
25,UTG1,K5o,0,0,0,100,false,frame_002.00.png
25,UTG1,Q5o,0,0,0,100,false,frame_002.00.png
25,UTG1,J5o,0,0,0,100,false,frame_002.00.png
25,UTG1,T5o,0,0,0,100,false,frame_002.00.png
25,UTG1,95o,0,0,0,100,false,frame_002.00.png
25,UTG1,85o,0,0,0,100,false,frame_002.00.png
25,UTG1,75o,0,0,0,100,false,frame_002.00.png
25,UTG1,65o,0,0,0,100,false,frame_002.00.png
25,UTG1,55,0,100,0,0,false,frame_002.00.png
25,UTG1,54s,0,0,0,100,false,frame_002.00.png
25,UTG1,53s,0,0,0,100,false,frame_002.00.png
25,UTG1,52s,0,0,0,100,false,frame_002.00.png
25,UTG1,A4o,0,0,0,100,false,frame_002.00.png
25,UTG1,K4o,0,0,0,100,false,frame_002.00.png
25,UTG1,Q4o,0,0,0,100,false,frame_002.00.png
25,UTG1,J4o,0,0,0,100,false,frame_002.00.png
25,UTG1,T4o,0,0,0,100,false,frame_002.00.png
25,UTG1,94o,0,0,0,100,false,frame_002.00.png
25,UTG1,84o,0,0,0,100,false,frame_002.00.png
25,UTG1,74o,0,0,0,100,false,frame_002.00.png
25,UTG1,64o,0,0,0,100,false,frame_002.00.png
25,UTG1,54o,0,0,0,100,false,frame_002.00.png
25,UTG1,44,0,0,0,100,false,frame_002.00.png
25,UTG1,43s,0,0,0,100,false,frame_002.00.png
25,UTG1,42s,0,0,0,100,false,frame_002.00.png
25,UTG1,A3o,0,0,0,100,false,frame_002.00.png
25,UTG1,K3o,0,0,0,100,false,frame_002.00.png
25,UTG1,Q3o,0,0,0,100,false,frame_002.00.png
25,UTG1,J3o,0,0,0,100,false,frame_002.00.png
25,UTG1,T3o,0,0,0,100,false,frame_002.00.png
25,UTG1,93o,0,0,0,100,false,frame_002.00.png
25,UTG1,83o,0,0,0,100,false,frame_002.00.png
25,UTG1,73o,0,0,0,100,false,frame_002.00.png
25,UTG1,63o,0,0,0,100,false,frame_002.00.png
25,UTG1,53o,0,0,0,100,false,frame_002.00.png
25,UTG1,43o,0,0,0,100,false,frame_002.00.png
25,UTG1,33,0,0,0,100,false,frame_002.00.png
25,UTG1,32s,0,0,0,100,false,frame_002.00.png
25,UTG1,A2o,0,0,0,100,false,frame_002.00.png
25,UTG1,K2o,0,0,0,100,false,frame_002.00.png
25,UTG1,Q2o,0,0,0,100,false,frame_002.00.png
25,UTG1,J2o,0,0,0,100,false,frame_002.00.png
25,UTG1,T2o,0,0,0,100,false,frame_002.00.png
25,UTG1,92o,0,0,0,100,false,frame_002.00.png
25,UTG1,82o,0,0,0,100,false,frame_002.00.png
25,UTG1,72o,0,0,0,100,false,frame_002.00.png
25,UTG1,62o,0,0,0,100,false,frame_002.00.png
25,UTG1,52o,0,0,0,100,false,frame_002.00.png
25,UTG1,42o,0,0,0,100,false,frame_002.00.png
25,UTG1,32o,0,0,0,100,false,frame_002.00.png
25,UTG1,22,0,0,0,100,false,frame_002.00.png
25,LJ,AA,3,97,0,0,false,frame_005.00.png
25,LJ,AKs,3,97,0,0,false,frame_005.00.png
25,LJ,AQs,3,97,0,0,false,frame_005.00.png
25,LJ,AJs,2,98,0,0,false,frame_005.00.png
25,LJ,ATs,2,98,0,0,false,frame_005.00.png
25,LJ,A9s,3,97,0,0,false,frame_005.00.png
25,LJ,A8s,2,98,0,0,false,frame_005.00.png
25,LJ,A7s,2,98,0,0,false,frame_005.00.png
25,LJ,A6s,3,97,0,0,false,frame_005.00.png
25,LJ,A5s,2,98,0,0,false,frame_005.00.png
25,LJ,A4s,2,98,0,0,false,frame_005.00.png
25,LJ,A3s,3,97,0,0,false,frame_005.00.png
25,LJ,A2s,2,98,0,0,false,frame_005.00.png
25,LJ,AKo,3,97,0,0,false,frame_005.00.png
25,LJ,KK,0,100,0,0,false,frame_005.00.png
25,LJ,KQs,3,97,0,0,false,frame_005.00.png
25,LJ,KJs,2,98,0,0,false,frame_005.00.png
25,LJ,KTs,2,98,0,0,false,frame_005.00.png
25,LJ,K9s,3,97,0,0,false,frame_005.00.png
25,LJ,K8s,3,97,0,0,false,frame_005.00.png
25,LJ,K7s,2,63,0,35,true,frame_005.00.png
25,LJ,K6s,0,0,0,100,false,frame_005.00.png
25,LJ,K5s,0,0,0,100,false,frame_005.00.png
25,LJ,K4s,0,0,0,100,false,frame_005.00.png
25,LJ,K3s,0,0,0,100,false,frame_005.00.png
25,LJ,K2s,0,0,0,100,false,frame_005.00.png
25,LJ,AQo,4,96,0,0,false,frame_005.00.png
25,LJ,KQo,3,97,0,0,false,frame_005.00.png
25,LJ,QQ,3,97,0,0,false,frame_005.00.png
25,LJ,QJs,2,98,0,0,false,frame_005.00.png
25,LJ,QTs,2,98,0,0,false,frame_005.00.png
25,LJ,Q9s,4,96,0,0,false,frame_005.00.png
25,LJ,Q8s,3,56,0,41,true,frame_005.00.png
25,LJ,Q7s,0,0,0,100,false,frame_005.00.png
25,LJ,Q6s,0,0,0,100,false,frame_005.00.png
25,LJ,Q5s,0,0,0,100,false,frame_005.00.png
25,LJ,Q4s,0,0,0,100,false,frame_005.00.png
25,LJ,Q3s,0,0,0,100,false,frame_005.00.png
25,LJ,Q2s,0,0,0,100,false,frame_005.00.png
25,LJ,AJo,3,97,0,0,false,frame_005.00.png
25,LJ,KJo,2,98,0,0,false,frame_005.00.png
25,LJ,QJo,3,97,0,0,false,frame_005.00.png
25,LJ,JJ,0,100,0,0,false,frame_005.00.png
25,LJ,JTs,0,100,0,0,false,frame_005.00.png
25,LJ,J9s,2,98,0,0,false,frame_005.00.png
25,LJ,J8s,0,0,0,100,false,frame_005.00.png
25,LJ,J7s,0,0,0,100,false,frame_005.00.png
25,LJ,J6s,0,0,0,100,false,frame_005.00.png
25,LJ,J5s,0,0,0,100,false,frame_005.00.png
25,LJ,J4s,0,0,0,100,false,frame_005.00.png
25,LJ,J3s,0,0,0,100,false,frame_005.00.png
25,LJ,J2s,0,0,0,100,false,frame_005.00.png
25,LJ,ATo,3,97,0,0,false,frame_005.00.png
25,LJ,KTo,2,86,0,12,false,frame_005.00.png
25,LJ,QTo,0,17,0,83,false,frame_005.00.png
25,LJ,JTo,0,0,0,100,false,frame_005.00.png
25,LJ,TT,0,100,0,0,false,frame_005.00.png
25,LJ,T9s,3,97,0,0,false,frame_005.00.png
25,LJ,T8s,2,98,0,0,false,frame_005.00.png
25,LJ,T7s,0,0,0,100,false,frame_005.00.png
25,LJ,T6s,0,0,0,100,false,frame_005.00.png
25,LJ,T5s,0,0,0,100,false,frame_005.00.png
25,LJ,T4s,0,0,0,100,false,frame_005.00.png
25,LJ,T3s,0,0,0,100,false,frame_005.00.png
25,LJ,T2s,0,0,0,100,false,frame_005.00.png
25,LJ,A9o,3,60,0,37,true,frame_005.00.png
25,LJ,K9o,0,0,0,100,false,frame_005.00.png
25,LJ,Q9o,0,0,0,100,false,frame_005.00.png
25,LJ,J9o,0,0,0,100,false,frame_005.00.png
25,LJ,T9o,0,0,0,100,false,frame_005.00.png
25,LJ,99,2,98,0,0,false,frame_005.00.png
25,LJ,98s,2,98,0,0,false,frame_005.00.png
25,LJ,97s,0,0,0,100,false,frame_005.00.png
25,LJ,96s,0,0,0,100,false,frame_005.00.png
25,LJ,95s,0,0,0,100,false,frame_005.00.png
25,LJ,94s,0,0,0,100,false,frame_005.00.png
25,LJ,93s,0,0,0,100,false,frame_005.00.png
25,LJ,92s,0,0,0,100,false,frame_005.00.png
25,LJ,A8o,0,0,0,100,false,frame_005.00.png
25,LJ,K8o,0,0,0,100,false,frame_005.00.png
25,LJ,Q8o,0,0,0,100,false,frame_005.00.png
25,LJ,J8o,0,0,0,100,false,frame_005.00.png
25,LJ,T8o,0,0,0,100,false,frame_005.00.png
25,LJ,98o,0,0,0,100,false,frame_005.00.png
25,LJ,88,0,100,0,0,false,frame_005.00.png
25,LJ,87s,2,56,0,42,true,frame_005.00.png
25,LJ,86s,0,0,0,100,false,frame_005.00.png
25,LJ,85s,0,0,0,100,false,frame_005.00.png
25,LJ,84s,0,0,0,100,false,frame_005.00.png
25,LJ,83s,0,0,0,100,false,frame_005.00.png
25,LJ,82s,0,0,0,100,false,frame_005.00.png
25,LJ,A7o,0,0,0,100,false,frame_005.00.png
25,LJ,K7o,0,0,0,100,false,frame_005.00.png
25,LJ,Q7o,0,0,0,100,false,frame_005.00.png
25,LJ,J7o,0,0,0,100,false,frame_005.00.png
25,LJ,T7o,0,0,0,100,false,frame_005.00.png
25,LJ,97o,0,0,0,100,false,frame_005.00.png
25,LJ,87o,0,0,0,100,false,frame_005.00.png
25,LJ,77,0,100,0,0,false,frame_005.00.png
25,LJ,76s,4,42,0,54,true,frame_005.00.png
25,LJ,75s,0,0,0,100,false,frame_005.00.png
25,LJ,74s,0,0,0,100,false,frame_005.00.png
25,LJ,73s,0,0,0,100,false,frame_005.00.png
25,LJ,72s,0,0,0,100,false,frame_005.00.png
25,LJ,A6o,0,0,0,100,false,frame_005.00.png
25,LJ,K6o,0,0,0,100,false,frame_005.00.png
25,LJ,Q6o,0,0,0,100,false,frame_005.00.png
25,LJ,J6o,0,0,0,100,false,frame_005.00.png
25,LJ,T6o,0,0,0,100,false,frame_005.00.png
25,LJ,96o,0,0,0,100,false,frame_005.00.png
25,LJ,86o,0,0,0,100,false,frame_005.00.png
25,LJ,76o,0,0,0,100,false,frame_005.00.png
25,LJ,66,2,98,0,0,false,frame_005.00.png
25,LJ,65s,0,3,0,97,false,frame_005.00.png
25,LJ,64s,0,0,0,100,false,frame_005.00.png
25,LJ,63s,0,0,0,100,false,frame_005.00.png
25,LJ,62s,0,0,0,100,false,frame_005.00.png
25,LJ,A5o,0,0,0,100,false,frame_005.00.png
25,LJ,K5o,0,0,0,100,false,frame_005.00.png
25,LJ,Q5o,0,0,0,100,false,frame_005.00.png
25,LJ,J5o,0,0,0,100,false,frame_005.00.png
25,LJ,T5o,0,0,0,100,false,frame_005.00.png
25,LJ,95o,0,0,0,100,false,frame_005.00.png
25,LJ,85o,0,0,0,100,false,frame_005.00.png
25,LJ,75o,0,0,0,100,false,frame_005.00.png
25,LJ,65o,0,0,0,100,false,frame_005.00.png
25,LJ,55,0,100,0,0,false,frame_005.00.png
25,LJ,54s,0,0,0,100,false,frame_005.00.png
25,LJ,53s,0,0,0,100,false,frame_005.00.png
25,LJ,52s,0,0,0,100,false,frame_005.00.png
25,LJ,A4o,0,0,0,100,false,frame_005.00.png
25,LJ,K4o,0,0,0,100,false,frame_005.00.png
25,LJ,Q4o,0,0,0,100,false,frame_005.00.png
25,LJ,J4o,0,0,0,100,false,frame_005.00.png
25,LJ,T4o,0,0,0,100,false,frame_005.00.png
25,LJ,94o,0,0,0,100,false,frame_005.00.png
25,LJ,84o,0,0,0,100,false,frame_005.00.png
25,LJ,74o,0,0,0,100,false,frame_005.00.png
25,LJ,64o,0,0,0,100,false,frame_005.00.png
25,LJ,54o,0,0,0,100,false,frame_005.00.png
25,LJ,44,0,37,0,63,true,frame_005.00.png
25,LJ,43s,0,0,0,100,false,frame_005.00.png
25,LJ,42s,0,0,0,100,false,frame_005.00.png
25,LJ,A3o,0,0,0,100,false,frame_005.00.png
25,LJ,K3o,0,0,0,100,false,frame_005.00.png
25,LJ,Q3o,0,0,0,100,false,frame_005.00.png
25,LJ,J3o,0,0,0,100,false,frame_005.00.png
25,LJ,T3o,0,0,0,100,false,frame_005.00.png
25,LJ,93o,0,0,0,100,false,frame_005.00.png
25,LJ,83o,0,0,0,100,false,frame_005.00.png
25,LJ,73o,0,0,0,100,false,frame_005.00.png
25,LJ,63o,0,0,0,100,false,frame_005.00.png
25,LJ,53o,0,0,0,100,false,frame_005.00.png
25,LJ,43o,0,0,0,100,false,frame_005.00.png
25,LJ,33,0,0,0,100,false,frame_005.00.png
25,LJ,32s,0,0,0,100,false,frame_005.00.png
25,LJ,A2o,0,0,0,100,false,frame_005.00.png
25,LJ,K2o,0,0,0,100,false,frame_005.00.png
25,LJ,Q2o,0,0,0,100,false,frame_005.00.png
25,LJ,J2o,0,0,0,100,false,frame_005.00.png
25,LJ,T2o,0,0,0,100,false,frame_005.00.png
25,LJ,92o,0,0,0,100,false,frame_005.00.png
25,LJ,82o,0,0,0,100,false,frame_005.00.png
25,LJ,72o,0,0,0,100,false,frame_005.00.png
25,LJ,62o,0,0,0,100,false,frame_005.00.png
25,LJ,52o,0,0,0,100,false,frame_005.00.png
25,LJ,42o,0,0,0,100,false,frame_005.00.png
25,LJ,32o,0,0,0,100,false,frame_005.00.png
25,LJ,22,0,0,0,100,false,frame_005.00.png
25,HJ,AA,3,97,0,0,false,frame_009.00.png
25,HJ,AKs,3,97,0,0,false,frame_009.00.png
25,HJ,AQs,3,97,0,0,false,frame_009.00.png
25,HJ,AJs,2,98,0,0,false,frame_009.00.png
25,HJ,ATs,2,98,0,0,false,frame_009.00.png
25,HJ,A9s,3,97,0,0,false,frame_009.00.png
25,HJ,A8s,2,98,0,0,false,frame_009.00.png
25,HJ,A7s,2,98,0,0,false,frame_009.00.png
25,HJ,A6s,3,97,0,0,false,frame_009.00.png
25,HJ,A5s,2,98,0,0,false,frame_009.00.png
25,HJ,A4s,2,98,0,0,false,frame_009.00.png
25,HJ,A3s,3,97,0,0,false,frame_009.00.png
25,HJ,A2s,2,98,0,0,false,frame_009.00.png
25,HJ,AKo,3,97,0,0,false,frame_009.00.png
25,HJ,KK,0,100,0,0,false,frame_009.00.png
25,HJ,KQs,3,97,0,0,false,frame_009.00.png
25,HJ,KJs,2,98,0,0,false,frame_009.00.png
25,HJ,KTs,2,98,0,0,false,frame_009.00.png
25,HJ,K9s,3,97,0,0,false,frame_009.00.png
25,HJ,K8s,3,97,0,0,false,frame_009.00.png
25,HJ,K7s,0,100,0,0,false,frame_009.00.png
25,HJ,K6s,3,97,0,0,false,frame_009.00.png
25,HJ,K5s,2,98,0,0,false,frame_009.00.png
25,HJ,K4s,0,5,0,95,false,frame_009.00.png
25,HJ,K3s,0,0,0,100,false,frame_009.00.png
25,HJ,K2s,0,0,0,100,false,frame_009.00.png
25,HJ,AQo,4,96,0,0,false,frame_009.00.png
25,HJ,KQo,3,97,0,0,false,frame_009.00.png
25,HJ,QQ,3,97,0,0,false,frame_009.00.png
25,HJ,QJs,2,98,0,0,false,frame_009.00.png
25,HJ,QTs,2,98,0,0,false,frame_009.00.png
25,HJ,Q9s,4,96,0,0,false,frame_009.00.png
25,HJ,Q8s,3,97,0,0,false,frame_009.00.png
25,HJ,Q7s,2,98,0,0,false,frame_009.00.png
25,HJ,Q6s,3,97,0,0,false,frame_009.00.png
25,HJ,Q5s,0,0,0,100,false,frame_009.00.png
25,HJ,Q4s,0,0,0,100,false,frame_009.00.png
25,HJ,Q3s,0,0,0,100,false,frame_009.00.png
25,HJ,Q2s,0,0,0,100,false,frame_009.00.png
25,HJ,AJo,3,97,0,0,false,frame_009.00.png
25,HJ,KJo,2,98,0,0,false,frame_009.00.png
25,HJ,QJo,3,97,0,0,false,frame_009.00.png
25,HJ,JJ,0,100,0,0,false,frame_009.00.png
25,HJ,JTs,0,100,0,0,false,frame_009.00.png
25,HJ,J9s,2,98,0,0,false,frame_009.00.png
25,HJ,J8s,2,98,0,0,false,frame_009.00.png
25,HJ,J7s,0,8,0,92,false,frame_009.00.png
25,HJ,J6s,0,0,0,100,false,frame_009.00.png
25,HJ,J5s,0,0,0,100,false,frame_009.00.png
25,HJ,J4s,0,0,0,100,false,frame_009.00.png
25,HJ,J3s,0,0,0,100,false,frame_009.00.png
25,HJ,J2s,0,0,0,100,false,frame_009.00.png
25,HJ,ATo,3,97,0,0,false,frame_009.00.png
25,HJ,KTo,2,98,0,0,false,frame_009.00.png
25,HJ,QTo,3,97,0,0,false,frame_009.00.png
25,HJ,JTo,2,98,0,0,false,frame_009.00.png
25,HJ,TT,0,100,0,0,false,frame_009.00.png
25,HJ,T9s,3,97,0,0,false,frame_009.00.png
25,HJ,T8s,2,98,0,0,false,frame_009.00.png
25,HJ,T7s,3,55,0,42,true,frame_009.00.png
25,HJ,T6s,0,0,0,100,false,frame_009.00.png
25,HJ,T5s,0,0,0,100,false,frame_009.00.png
25,HJ,T4s,0,0,0,100,false,frame_009.00.png
25,HJ,T3s,0,0,0,100,false,frame_009.00.png
25,HJ,T2s,0,0,0,100,false,frame_009.00.png
25,HJ,A9o,3,97,0,0,false,frame_009.00.png
25,HJ,K9o,0,31,0,69,true,frame_009.00.png
25,HJ,Q9o,0,0,0,100,false,frame_009.00.png
25,HJ,J9o,0,0,0,100,false,frame_009.00.png
25,HJ,T9o,0,0,0,100,false,frame_009.00.png
25,HJ,99,2,98,0,0,false,frame_009.00.png
25,HJ,98s,2,98,0,0,false,frame_009.00.png
25,HJ,97s,0,100,0,0,false,frame_009.00.png
25,HJ,96s,0,0,0,100,false,frame_009.00.png
25,HJ,95s,0,0,0,100,false,frame_009.00.png
25,HJ,94s,0,0,0,100,false,frame_009.00.png
25,HJ,93s,0,0,0,100,false,frame_009.00.png
25,HJ,92s,0,0,0,100,false,frame_009.00.png
25,HJ,A8o,3,97,0,0,false,frame_009.00.png
25,HJ,K8o,0,0,0,100,false,frame_009.00.png
25,HJ,Q8o,0,0,0,100,false,frame_009.00.png
25,HJ,J8o,0,0,0,100,false,frame_009.00.png
25,HJ,T8o,0,0,0,100,false,frame_009.00.png
25,HJ,98o,0,0,0,100,false,frame_009.00.png
25,HJ,88,0,100,0,0,false,frame_009.00.png
25,HJ,87s,2,98,0,0,false,frame_009.00.png
25,HJ,86s,0,0,0,100,false,frame_009.00.png
25,HJ,85s,0,0,0,100,false,frame_009.00.png
25,HJ,84s,0,0,0,100,false,frame_009.00.png
25,HJ,83s,0,0,0,100,false,frame_009.00.png
25,HJ,82s,0,0,0,100,false,frame_009.00.png
25,HJ,A7o,3,33,0,64,true,frame_009.00.png
25,HJ,K7o,0,0,0,100,false,frame_009.00.png
25,HJ,Q7o,0,0,0,100,false,frame_009.00.png
25,HJ,J7o,0,0,0,100,false,frame_009.00.png
25,HJ,T7o,0,0,0,100,false,frame_009.00.png
25,HJ,97o,0,0,0,100,false,frame_009.00.png
25,HJ,87o,0,0,0,100,false,frame_009.00.png
25,HJ,77,0,100,0,0,false,frame_009.00.png
25,HJ,76s,2,98,0,0,false,frame_009.00.png
25,HJ,75s,0,0,0,100,false,frame_009.00.png
25,HJ,74s,0,0,0,100,false,frame_009.00.png
25,HJ,73s,0,0,0,100,false,frame_009.00.png
25,HJ,72s,0,0,0,100,false,frame_009.00.png
25,HJ,A6o,0,0,0,100,false,frame_009.00.png
25,HJ,K6o,0,0,0,100,false,frame_009.00.png
25,HJ,Q6o,0,0,0,100,false,frame_009.00.png
25,HJ,J6o,0,0,0,100,false,frame_009.00.png
25,HJ,T6o,0,0,0,100,false,frame_009.00.png
25,HJ,96o,0,0,0,100,false,frame_009.00.png
25,HJ,86o,0,0,0,100,false,frame_009.00.png
25,HJ,76o,0,0,0,100,false,frame_009.00.png
25,HJ,66,2,98,0,0,false,frame_009.00.png
25,HJ,65s,2,51,0,47,true,frame_009.00.png
25,HJ,64s,0,0,0,100,false,frame_009.00.png
25,HJ,63s,0,0,0,100,false,frame_009.00.png
25,HJ,62s,0,0,0,100,false,frame_009.00.png
25,HJ,A5o,0,15,0,85,false,frame_009.00.png
25,HJ,K5o,0,0,0,100,false,frame_009.00.png
25,HJ,Q5o,0,0,0,100,false,frame_009.00.png
25,HJ,J5o,0,0,0,100,false,frame_009.00.png
25,HJ,T5o,0,0,0,100,false,frame_009.00.png
25,HJ,95o,0,0,0,100,false,frame_009.00.png
25,HJ,85o,0,0,0,100,false,frame_009.00.png
25,HJ,75o,0,0,0,100,false,frame_009.00.png
25,HJ,65o,0,0,0,100,false,frame_009.00.png
25,HJ,55,0,100,0,0,false,frame_009.00.png
25,HJ,54s,0,0,0,100,false,frame_009.00.png
25,HJ,53s,0,0,0,100,false,frame_009.00.png
25,HJ,52s,0,0,0,100,false,frame_009.00.png
25,HJ,A4o,0,0,0,100,false,frame_009.00.png
25,HJ,K4o,0,0,0,100,false,frame_009.00.png
25,HJ,Q4o,0,0,0,100,false,frame_009.00.png
25,HJ,J4o,0,0,0,100,false,frame_009.00.png
25,HJ,T4o,0,0,0,100,false,frame_009.00.png
25,HJ,94o,0,0,0,100,false,frame_009.00.png
25,HJ,84o,0,0,0,100,false,frame_009.00.png
25,HJ,74o,0,0,0,100,false,frame_009.00.png
25,HJ,64o,0,0,0,100,false,frame_009.00.png
25,HJ,54o,0,0,0,100,false,frame_009.00.png
25,HJ,44,0,100,0,0,false,frame_009.00.png
25,HJ,43s,0,0,0,100,false,frame_009.00.png
25,HJ,42s,0,0,0,100,false,frame_009.00.png
25,HJ,A3o,0,0,0,100,false,frame_009.00.png
25,HJ,K3o,0,0,0,100,false,frame_009.00.png
25,HJ,Q3o,0,0,0,100,false,frame_009.00.png
25,HJ,J3o,0,0,0,100,false,frame_009.00.png
25,HJ,T3o,0,0,0,100,false,frame_009.00.png
25,HJ,93o,0,0,0,100,false,frame_009.00.png
25,HJ,83o,0,0,0,100,false,frame_009.00.png
25,HJ,73o,0,0,0,100,false,frame_009.00.png
25,HJ,63o,0,0,0,100,false,frame_009.00.png
25,HJ,53o,0,0,0,100,false,frame_009.00.png
25,HJ,43o,0,0,0,100,false,frame_009.00.png
25,HJ,33,0,0,0,100,false,frame_009.00.png
25,HJ,32s,0,0,0,100,false,frame_009.00.png
25,HJ,A2o,0,0,0,100,false,frame_009.00.png
25,HJ,K2o,0,0,0,100,false,frame_009.00.png
25,HJ,Q2o,0,0,0,100,false,frame_009.00.png
25,HJ,J2o,0,0,0,100,false,frame_009.00.png
25,HJ,T2o,0,0,0,100,false,frame_009.00.png
25,HJ,92o,0,0,0,100,false,frame_009.00.png
25,HJ,82o,0,0,0,100,false,frame_009.00.png
25,HJ,72o,0,0,0,100,false,frame_009.00.png
25,HJ,62o,0,0,0,100,false,frame_009.00.png
25,HJ,52o,0,0,0,100,false,frame_009.00.png
25,HJ,42o,0,0,0,100,false,frame_009.00.png
25,HJ,32o,0,0,0,100,false,frame_009.00.png
25,HJ,22,0,0,0,100,false,frame_009.00.png
25,CO,AA,100,0,0,0,false,frame_010.00.png
25,CO,AKs,100,0,0,0,false,frame_010.00.png
25,CO,AQs,100,0,0,0,false,frame_010.00.png
25,CO,AJs,100,0,0,0,false,frame_010.00.png
25,CO,ATs,100,0,0,0,false,frame_010.00.png
25,CO,A9s,100,0,0,0,false,frame_010.00.png
25,CO,A8s,100,0,0,0,false,frame_010.00.png
25,CO,A7s,100,0,0,0,false,frame_010.00.png
25,CO,A6s,100,0,0,0,false,frame_010.00.png
25,CO,A5s,100,0,0,0,false,frame_010.00.png
25,CO,A4s,100,0,0,0,false,frame_010.00.png
25,CO,A3s,100,0,0,0,false,frame_010.00.png
25,CO,A2s,100,0,0,0,false,frame_010.00.png
25,CO,AKo,100,0,0,0,false,frame_010.00.png
25,CO,KK,100,0,0,0,false,frame_010.00.png
25,CO,KQs,100,0,0,0,false,frame_010.00.png
25,CO,KJs,100,0,0,0,false,frame_010.00.png
25,CO,KTs,100,0,0,0,false,frame_010.00.png
25,CO,K9s,100,0,0,0,false,frame_010.00.png
25,CO,K8s,100,0,0,0,false,frame_010.00.png
25,CO,K7s,100,0,0,0,false,frame_010.00.png
25,CO,K6s,100,0,0,0,false,frame_010.00.png
25,CO,K5s,100,0,0,0,false,frame_010.00.png
25,CO,K4s,5,0,0,95,false,frame_010.00.png
25,CO,K3s,0,0,0,100,false,frame_010.00.png
25,CO,K2s,0,0,0,100,false,frame_010.00.png
25,CO,AQo,100,0,0,0,false,frame_010.00.png
25,CO,KQo,100,0,0,0,false,frame_010.00.png
25,CO,QQ,100,0,0,0,false,frame_010.00.png
25,CO,QJs,100,0,0,0,false,frame_010.00.png
25,CO,QTs,100,0,0,0,false,frame_010.00.png
25,CO,Q9s,100,0,0,0,false,frame_010.00.png
25,CO,Q8s,100,0,0,0,false,frame_010.00.png
25,CO,Q7s,100,0,0,0,false,frame_010.00.png
25,CO,Q6s,100,0,0,0,false,frame_010.00.png
25,CO,Q5s,0,0,0,100,false,frame_010.00.png
25,CO,Q4s,0,0,0,100,false,frame_010.00.png
25,CO,Q3s,0,0,0,100,false,frame_010.00.png
25,CO,Q2s,0,0,0,100,false,frame_010.00.png
25,CO,AJo,100,0,0,0,false,frame_010.00.png
25,CO,KJo,100,0,0,0,false,frame_010.00.png
25,CO,QJo,100,0,0,0,false,frame_010.00.png
25,CO,JJ,100,0,0,0,false,frame_010.00.png
25,CO,JTs,100,0,0,0,false,frame_010.00.png
25,CO,J9s,100,0,0,0,false,frame_010.00.png
25,CO,J8s,100,0,0,0,false,frame_010.00.png
25,CO,J7s,8,0,0,92,false,frame_010.00.png
25,CO,J6s,0,0,0,100,false,frame_010.00.png
25,CO,J5s,0,0,0,100,false,frame_010.00.png
25,CO,J4s,0,0,0,100,false,frame_010.00.png
25,CO,J3s,0,0,0,100,false,frame_010.00.png
25,CO,J2s,0,0,0,100,false,frame_010.00.png
25,CO,ATo,100,0,0,0,false,frame_010.00.png
25,CO,KTo,100,0,0,0,false,frame_010.00.png
25,CO,QTo,100,0,0,0,false,frame_010.00.png
25,CO,JTo,100,0,0,0,false,frame_010.00.png
25,CO,TT,100,0,0,0,false,frame_010.00.png
25,CO,T9s,100,0,0,0,false,frame_010.00.png
25,CO,T8s,100,0,0,0,false,frame_010.00.png
25,CO,T7s,58,0,0,42,true,frame_010.00.png
25,CO,T6s,0,0,0,100,false,frame_010.00.png
25,CO,T5s,0,0,0,100,false,frame_010.00.png
25,CO,T4s,0,0,0,100,false,frame_010.00.png
25,CO,T3s,0,0,0,100,false,frame_010.00.png
25,CO,T2s,0,0,0,100,false,frame_010.00.png
25,CO,A9o,100,0,0,0,false,frame_010.00.png
25,CO,K9o,32,0,0,68,true,frame_010.00.png
25,CO,Q9o,0,0,0,100,false,frame_010.00.png
25,CO,J9o,0,0,0,100,false,frame_010.00.png
25,CO,T9o,0,0,0,100,false,frame_010.00.png
25,CO,99,100,0,0,0,false,frame_010.00.png
25,CO,98s,100,0,0,0,false,frame_010.00.png
25,CO,97s,100,0,0,0,false,frame_010.00.png
25,CO,96s,0,0,0,100,false,frame_010.00.png
25,CO,95s,0,0,0,100,false,frame_010.00.png
25,CO,94s,0,0,0,100,false,frame_010.00.png
25,CO,93s,0,0,0,100,false,frame_010.00.png
25,CO,92s,0,0,0,100,false,frame_010.00.png
25,CO,A8o,100,0,0,0,false,frame_010.00.png
25,CO,K8o,0,0,0,100,false,frame_010.00.png
25,CO,Q8o,0,0,0,100,false,frame_010.00.png
25,CO,J8o,0,0,0,100,false,frame_010.00.png
25,CO,T8o,0,0,0,100,false,frame_010.00.png
25,CO,98o,0,0,0,100,false,frame_010.00.png
25,CO,88,100,0,0,0,false,frame_010.00.png
25,CO,87s,100,0,0,0,false,frame_010.00.png
25,CO,86s,0,0,0,100,false,frame_010.00.png
25,CO,85s,0,0,0,100,false,frame_010.00.png
25,CO,84s,0,0,0,100,false,frame_010.00.png
25,CO,83s,0,0,0,100,false,frame_010.00.png
25,CO,82s,0,0,0,100,false,frame_010.00.png
25,CO,A7o,37,0,0,63,true,frame_010.00.png
25,CO,K7o,0,0,0,100,false,frame_010.00.png
25,CO,Q7o,0,0,0,100,false,frame_010.00.png
25,CO,J7o,0,0,0,100,false,frame_010.00.png
25,CO,T7o,0,0,0,100,false,frame_010.00.png
25,CO,97o,0,0,0,100,false,frame_010.00.png
25,CO,87o,0,0,0,100,false,frame_010.00.png
25,CO,77,100,0,0,0,false,frame_010.00.png
25,CO,76s,100,0,0,0,false,frame_010.00.png
25,CO,75s,0,0,0,100,false,frame_010.00.png
25,CO,74s,0,0,0,100,false,frame_010.00.png
25,CO,73s,0,0,0,100,false,frame_010.00.png
25,CO,72s,0,0,0,100,false,frame_010.00.png
25,CO,A6o,0,0,0,100,false,frame_010.00.png
25,CO,K6o,0,0,0,100,false,frame_010.00.png
25,CO,Q6o,0,0,0,100,false,frame_010.00.png
25,CO,J6o,0,0,0,100,false,frame_010.00.png
25,CO,T6o,0,0,0,100,false,frame_010.00.png
25,CO,96o,0,0,0,100,false,frame_010.00.png
25,CO,86o,0,0,0,100,false,frame_010.00.png
25,CO,76o,0,0,0,100,false,frame_010.00.png
25,CO,66,100,0,0,0,false,frame_010.00.png
25,CO,65s,53,0,0,47,true,frame_010.00.png
25,CO,64s,0,0,0,100,false,frame_010.00.png
25,CO,63s,0,0,0,100,false,frame_010.00.png
25,CO,62s,0,0,0,100,false,frame_010.00.png
25,CO,A5o,16,0,0,84,false,frame_010.00.png
25,CO,K5o,0,0,0,100,false,frame_010.00.png
25,CO,Q5o,0,0,0,100,false,frame_010.00.png
25,CO,J5o,0,0,0,100,false,frame_010.00.png
25,CO,T5o,0,0,0,100,false,frame_010.00.png
25,CO,95o,0,0,0,100,false,frame_010.00.png
25,CO,85o,0,0,0,100,false,frame_010.00.png
25,CO,75o,0,0,0,100,false,frame_010.00.png
25,CO,65o,0,0,0,100,false,frame_010.00.png
25,CO,55,100,0,0,0,false,frame_010.00.png
25,CO,54s,0,0,0,100,false,frame_010.00.png
25,CO,53s,0,0,0,100,false,frame_010.00.png
25,CO,52s,0,0,0,100,false,frame_010.00.png
25,CO,A4o,0,0,0,100,false,frame_010.00.png
25,CO,K4o,0,0,0,100,false,frame_010.00.png
25,CO,Q4o,0,0,0,100,false,frame_010.00.png
25,CO,J4o,0,0,0,100,false,frame_010.00.png
25,CO,T4o,0,0,0,100,false,frame_010.00.png
25,CO,94o,0,0,0,100,false,frame_010.00.png
25,CO,84o,0,0,0,100,false,frame_010.00.png
25,CO,74o,0,0,0,100,false,frame_010.00.png
25,CO,64o,0,0,0,100,false,frame_010.00.png
25,CO,54o,0,0,0,100,false,frame_010.00.png
25,CO,44,100,0,0,0,false,frame_010.00.png
25,CO,43s,0,0,0,100,false,frame_010.00.png
25,CO,42s,0,0,0,100,false,frame_010.00.png
25,CO,A3o,0,0,0,100,false,frame_010.00.png
25,CO,K3o,0,0,0,100,false,frame_010.00.png
25,CO,Q3o,0,0,0,100,false,frame_010.00.png
25,CO,J3o,0,0,0,100,false,frame_010.00.png
25,CO,T3o,0,0,0,100,false,frame_010.00.png
25,CO,93o,0,0,0,100,false,frame_010.00.png
25,CO,83o,0,0,0,100,false,frame_010.00.png
25,CO,73o,0,0,0,100,false,frame_010.00.png
25,CO,63o,0,0,0,100,false,frame_010.00.png
25,CO,53o,0,0,0,100,false,frame_010.00.png
25,CO,43o,0,0,0,100,false,frame_010.00.png
25,CO,33,0,0,0,100,false,frame_010.00.png
25,CO,32s,0,0,0,100,false,frame_010.00.png
25,CO,A2o,0,0,0,100,false,frame_010.00.png
25,CO,K2o,0,0,0,100,false,frame_010.00.png
25,CO,Q2o,0,0,0,100,false,frame_010.00.png
25,CO,J2o,0,0,0,100,false,frame_010.00.png
25,CO,T2o,0,0,0,100,false,frame_010.00.png
25,CO,92o,0,0,0,100,false,frame_010.00.png
25,CO,82o,0,0,0,100,false,frame_010.00.png
25,CO,72o,0,0,0,100,false,frame_010.00.png
25,CO,62o,0,0,0,100,false,frame_010.00.png
25,CO,52o,0,0,0,100,false,frame_010.00.png
25,CO,42o,0,0,0,100,false,frame_010.00.png
25,CO,32o,0,0,0,100,false,frame_010.00.png
25,CO,22,0,0,0,100,false,frame_010.00.png
25,BTN,AA,3,97,0,0,false,frame_011.00.png
25,BTN,AKs,3,97,0,0,false,frame_011.00.png
25,BTN,AQs,3,97,0,0,false,frame_011.00.png
25,BTN,AJs,2,98,0,0,false,frame_011.00.png
25,BTN,ATs,2,98,0,0,false,frame_011.00.png
25,BTN,A9s,3,97,0,0,false,frame_011.00.png
25,BTN,A8s,2,98,0,0,false,frame_011.00.png
25,BTN,A7s,2,98,0,0,false,frame_011.00.png
25,BTN,A6s,3,97,0,0,false,frame_011.00.png
25,BTN,A5s,2,98,0,0,false,frame_011.00.png
25,BTN,A4s,2,98,0,0,false,frame_011.00.png
25,BTN,A3s,2,98,0,0,false,frame_011.00.png
25,BTN,A2s,2,98,0,0,false,frame_011.00.png
25,BTN,AKo,3,97,0,0,false,frame_011.00.png
25,BTN,KK,0,100,0,0,false,frame_011.00.png
25,BTN,KQs,3,97,0,0,false,frame_011.00.png
25,BTN,KJs,2,98,0,0,false,frame_011.00.png
25,BTN,KTs,2,98,0,0,false,frame_011.00.png
25,BTN,K9s,3,97,0,0,false,frame_011.00.png
25,BTN,K8s,3,97,0,0,false,frame_011.00.png
25,BTN,K7s,2,98,0,0,false,frame_011.00.png
25,BTN,K6s,3,97,0,0,false,frame_011.00.png
25,BTN,K5s,2,98,0,0,false,frame_011.00.png
25,BTN,K4s,3,97,0,0,false,frame_011.00.png
25,BTN,K3s,3,97,0,0,false,frame_011.00.png
25,BTN,K2s,0,0,0,100,false,frame_011.00.png
25,BTN,AQo,4,96,0,0,false,frame_011.00.png
25,BTN,KQo,3,97,0,0,false,frame_011.00.png
25,BTN,QQ,3,97,0,0,false,frame_011.00.png
25,BTN,QJs,2,98,0,0,false,frame_011.00.png
25,BTN,QTs,2,98,0,0,false,frame_011.00.png
25,BTN,Q9s,4,96,0,0,false,frame_011.00.png
25,BTN,Q8s,3,97,0,0,false,frame_011.00.png
25,BTN,Q7s,2,98,0,0,false,frame_011.00.png
25,BTN,Q6s,3,97,0,0,false,frame_011.00.png
25,BTN,Q5s,3,97,0,0,false,frame_011.00.png
25,BTN,Q4s,0,0,0,100,false,frame_011.00.png
25,BTN,Q3s,0,0,0,100,false,frame_011.00.png
25,BTN,Q2s,0,0,0,100,false,frame_011.00.png
25,BTN,AJo,3,97,0,0,false,frame_011.00.png
25,BTN,KJo,2,98,0,0,false,frame_011.00.png
25,BTN,QJo,3,97,0,0,false,frame_011.00.png
25,BTN,JJ,0,100,0,0,false,frame_011.00.png
25,BTN,JTs,0,100,0,0,false,frame_011.00.png
25,BTN,J9s,2,98,0,0,false,frame_011.00.png
25,BTN,J8s,2,98,0,0,false,frame_011.00.png
25,BTN,J7s,0,100,0,0,false,frame_011.00.png
25,BTN,J6s,0,0,0,100,false,frame_011.00.png
25,BTN,J5s,0,0,0,100,false,frame_011.00.png
25,BTN,J4s,0,0,0,100,false,frame_011.00.png
25,BTN,J3s,0,0,0,100,false,frame_011.00.png
25,BTN,J2s,0,0,0,100,false,frame_011.00.png
25,BTN,ATo,3,97,0,0,false,frame_011.00.png
25,BTN,KTo,2,98,0,0,false,frame_011.00.png
25,BTN,QTo,3,97,0,0,false,frame_011.00.png
25,BTN,JTo,2,98,0,0,false,frame_011.00.png
25,BTN,TT,0,100,0,0,false,frame_011.00.png
25,BTN,T9s,3,97,0,0,false,frame_011.00.png
25,BTN,T8s,2,98,0,0,false,frame_011.00.png
25,BTN,T7s,0,100,0,0,false,frame_011.00.png
25,BTN,T6s,0,0,0,100,false,frame_011.00.png
25,BTN,T5s,0,0,0,100,false,frame_011.00.png
25,BTN,T4s,0,0,0,100,false,frame_011.00.png
25,BTN,T3s,0,0,0,100,false,frame_011.00.png
25,BTN,T2s,0,0,0,100,false,frame_011.00.png
25,BTN,A9o,3,97,0,0,false,frame_011.00.png
25,BTN,K9o,3,97,0,0,false,frame_011.00.png
25,BTN,Q9o,5,77,0,18,false,frame_011.00.png
25,BTN,J9o,2,70,0,28,false,frame_011.00.png
25,BTN,T9o,0,33,0,67,true,frame_011.00.png
25,BTN,99,2,98,0,0,false,frame_011.00.png
25,BTN,98s,2,98,0,0,false,frame_011.00.png
25,BTN,97s,0,100,0,0,false,frame_011.00.png
25,BTN,96s,0,0,0,100,false,frame_011.00.png
25,BTN,95s,0,0,0,100,false,frame_011.00.png
25,BTN,94s,0,0,0,100,false,frame_011.00.png
25,BTN,93s,0,0,0,100,false,frame_011.00.png
25,BTN,92s,0,0,0,100,false,frame_011.00.png
25,BTN,A8o,3,97,0,0,false,frame_011.00.png
25,BTN,K8o,0,0,0,100,false,frame_011.00.png
25,BTN,Q8o,0,0,0,100,false,frame_011.00.png
25,BTN,J8o,0,0,0,100,false,frame_011.00.png
25,BTN,T8o,0,0,0,100,false,frame_011.00.png
25,BTN,98o,0,0,0,100,false,frame_011.00.png
25,BTN,88,0,100,0,0,false,frame_011.00.png
25,BTN,87s,2,98,0,0,false,frame_011.00.png
25,BTN,86s,3,97,0,0,false,frame_011.00.png
25,BTN,85s,0,0,0,100,false,frame_011.00.png
25,BTN,84s,0,0,0,100,false,frame_011.00.png
25,BTN,83s,0,0,0,100,false,frame_011.00.png
25,BTN,82s,0,0,0,100,false,frame_011.00.png
25,BTN,A7o,3,97,0,0,false,frame_011.00.png
25,BTN,K7o,0,0,0,100,false,frame_011.00.png
25,BTN,Q7o,0,0,0,100,false,frame_011.00.png
25,BTN,J7o,0,0,0,100,false,frame_011.00.png
25,BTN,T7o,0,0,0,100,false,frame_011.00.png
25,BTN,97o,0,0,0,100,false,frame_011.00.png
25,BTN,87o,0,0,0,100,false,frame_011.00.png
25,BTN,77,0,100,0,0,false,frame_011.00.png
25,BTN,76s,2,98,0,0,false,frame_011.00.png
25,BTN,75s,0,0,0,100,false,frame_011.00.png
25,BTN,74s,0,0,0,100,false,frame_011.00.png
25,BTN,73s,0,0,0,100,false,frame_011.00.png
25,BTN,72s,0,0,0,100,false,frame_011.00.png
25,BTN,A6o,5,95,0,0,false,frame_011.00.png
25,BTN,K6o,0,0,0,100,false,frame_011.00.png
25,BTN,Q6o,0,0,0,100,false,frame_011.00.png
25,BTN,J6o,0,0,0,100,false,frame_011.00.png
25,BTN,T6o,0,0,0,100,false,frame_011.00.png
25,BTN,96o,0,0,0,100,false,frame_011.00.png
25,BTN,86o,0,0,0,100,false,frame_011.00.png
25,BTN,76o,0,0,0,100,false,frame_011.00.png
25,BTN,66,2,98,0,0,false,frame_011.00.png
25,BTN,65s,2,98,0,0,false,frame_011.00.png
25,BTN,64s,0,0,0,100,false,frame_011.00.png
25,BTN,63s,0,0,0,100,false,frame_011.00.png
25,BTN,62s,0,0,0,100,false,frame_011.00.png
25,BTN,A5o,3,97,0,0,false,frame_011.00.png
25,BTN,K5o,0,0,0,100,false,frame_011.00.png
25,BTN,Q5o,0,0,0,100,false,frame_011.00.png
25,BTN,J5o,0,0,0,100,false,frame_011.00.png
25,BTN,T5o,0,0,0,100,false,frame_011.00.png
25,BTN,95o,0,0,0,100,false,frame_011.00.png
25,BTN,85o,0,0,0,100,false,frame_011.00.png
25,BTN,75o,0,0,0,100,false,frame_011.00.png
25,BTN,65o,0,0,0,100,false,frame_011.00.png
25,BTN,55,0,100,0,0,false,frame_011.00.png
25,BTN,54s,0,0,0,100,false,frame_011.00.png
25,BTN,53s,0,0,0,100,false,frame_011.00.png
25,BTN,52s,0,0,0,100,false,frame_011.00.png
25,BTN,A4o,0,3,0,97,false,frame_011.00.png
25,BTN,K4o,0,0,0,100,false,frame_011.00.png
25,BTN,Q4o,0,0,0,100,false,frame_011.00.png
25,BTN,J4o,0,0,0,100,false,frame_011.00.png
25,BTN,T4o,0,0,0,100,false,frame_011.00.png
25,BTN,94o,0,0,0,100,false,frame_011.00.png
25,BTN,84o,0,0,0,100,false,frame_011.00.png
25,BTN,74o,0,0,0,100,false,frame_011.00.png
25,BTN,64o,0,0,0,100,false,frame_011.00.png
25,BTN,54o,0,0,0,100,false,frame_011.00.png
25,BTN,44,0,100,0,0,false,frame_011.00.png
25,BTN,43s,0,0,0,100,false,frame_011.00.png
25,BTN,42s,0,0,0,100,false,frame_011.00.png
25,BTN,A3o,0,0,0,100,false,frame_011.00.png
25,BTN,K3o,0,0,0,100,false,frame_011.00.png
25,BTN,Q3o,0,0,0,100,false,frame_011.00.png
25,BTN,J3o,0,0,0,100,false,frame_011.00.png
25,BTN,T3o,0,0,0,100,false,frame_011.00.png
25,BTN,93o,0,0,0,100,false,frame_011.00.png
25,BTN,83o,0,0,0,100,false,frame_011.00.png
25,BTN,73o,0,0,0,100,false,frame_011.00.png
25,BTN,63o,0,0,0,100,false,frame_011.00.png
25,BTN,53o,0,0,0,100,false,frame_011.00.png
25,BTN,43o,0,0,0,100,false,frame_011.00.png
25,BTN,33,3,36,0,61,true,frame_011.00.png
25,BTN,32s,0,0,0,100,false,frame_011.00.png
25,BTN,A2o,0,0,0,100,false,frame_011.00.png
25,BTN,K2o,0,0,0,100,false,frame_011.00.png
25,BTN,Q2o,0,0,0,100,false,frame_011.00.png
25,BTN,J2o,0,0,0,100,false,frame_011.00.png
25,BTN,T2o,0,0,0,100,false,frame_011.00.png
25,BTN,92o,0,0,0,100,false,frame_011.00.png
25,BTN,82o,0,0,0,100,false,frame_011.00.png
25,BTN,72o,0,0,0,100,false,frame_011.00.png
25,BTN,62o,0,0,0,100,false,frame_011.00.png
25,BTN,52o,0,0,0,100,false,frame_011.00.png
25,BTN,42o,0,0,0,100,false,frame_011.00.png
25,BTN,32o,0,0,0,100,false,frame_011.00.png
25,BTN,22,0,0,0,100,false,frame_011.00.png
25,SB,AA,3,97,0,0,false,frame_014.00.png
25,SB,AKs,3,97,0,0,false,frame_014.00.png
25,SB,AQs,3,97,0,0,false,frame_014.00.png
25,SB,AJs,2,98,0,0,false,frame_014.00.png
25,SB,ATs,2,98,0,0,false,frame_014.00.png
25,SB,A9s,4,76,20,0,false,frame_014.00.png
25,SB,A8s,2,98,0,0,false,frame_014.00.png
25,SB,A7s,2,98,0,0,false,frame_014.00.png
25,SB,A6s,0,10,90,0,false,frame_014.00.png
25,SB,A5s,0,0,100,0,false,frame_014.00.png
25,SB,A4s,0,0,100,0,false,frame_014.00.png
25,SB,A3s,0,0,100,0,false,frame_014.00.png
25,SB,A2s,0,0,100,0,false,frame_014.00.png
25,SB,AKo,3,59,38,0,false,frame_014.00.png
25,SB,KK,0,100,0,0,false,frame_014.00.png
25,SB,KQs,3,97,0,0,false,frame_014.00.png
25,SB,KJs,2,98,0,0,false,frame_014.00.png
25,SB,KTs,0,15,85,0,false,frame_014.00.png
25,SB,K9s,0,0,100,0,false,frame_014.00.png
25,SB,K8s,0,0,100,0,false,frame_014.00.png
25,SB,K7s,0,0,100,0,false,frame_014.00.png
25,SB,K6s,0,0,100,0,false,frame_014.00.png
25,SB,K5s,0,0,100,0,false,frame_014.00.png
25,SB,K4s,0,0,100,0,false,frame_014.00.png
25,SB,K3s,0,0,100,0,false,frame_014.00.png
25,SB,K2s,0,0,100,0,false,frame_014.00.png
25,SB,AQo,0,4,96,0,false,frame_014.00.png
25,SB,KQo,3,76,21,0,false,frame_014.00.png
25,SB,QQ,3,97,0,0,false,frame_014.00.png
25,SB,QJs,0,0,100,0,false,frame_014.00.png
25,SB,QTs,0,0,100,0,false,frame_014.00.png
25,SB,Q9s,0,0,100,0,false,frame_014.00.png
25,SB,Q8s,0,0,100,0,false,frame_014.00.png
25,SB,Q7s,0,0,100,0,false,frame_014.00.png
25,SB,Q6s,0,0,100,0,false,frame_014.00.png
25,SB,Q5s,0,0,100,0,false,frame_014.00.png
25,SB,Q4s,0,0,100,0,false,frame_014.00.png
25,SB,Q3s,0,0,100,0,false,frame_014.00.png
25,SB,Q2s,0,0,100,0,false,frame_014.00.png
25,SB,AJo,0,0,100,0,false,frame_014.00.png
25,SB,KJo,2,43,55,0,false,frame_014.00.png
25,SB,QJo,3,69,28,0,false,frame_014.00.png
25,SB,JJ,0,83,17,0,false,frame_014.00.png
25,SB,JTs,0,100,0,0,false,frame_014.00.png
25,SB,J9s,0,0,100,0,false,frame_014.00.png
25,SB,J8s,0,0,100,0,false,frame_014.00.png
25,SB,J7s,0,0,100,0,false,frame_014.00.png
25,SB,J6s,0,0,100,0,false,frame_014.00.png
25,SB,J5s,0,15,85,0,false,frame_014.00.png
25,SB,J4s,0,4,96,0,false,frame_014.00.png
25,SB,J3s,2,66,32,0,false,frame_014.00.png
25,SB,J2s,0,11,89,0,false,frame_014.00.png
25,SB,ATo,0,8,92,0,false,frame_014.00.png
25,SB,KTo,2,53,45,0,false,frame_014.00.png
25,SB,QTo,3,52,45,0,false,frame_014.00.png
25,SB,JTo,0,4,96,0,false,frame_014.00.png
25,SB,TT,0,91,9,0,false,frame_014.00.png
25,SB,T9s,4,63,33,0,false,frame_014.00.png
25,SB,T8s,0,0,100,0,false,frame_014.00.png
25,SB,T7s,0,0,100,0,false,frame_014.00.png
25,SB,T6s,0,7,93,0,false,frame_014.00.png
25,SB,T5s,0,0,100,0,false,frame_014.00.png
25,SB,T4s,0,52,48,0,false,frame_014.00.png
25,SB,T3s,4,66,30,0,false,frame_014.00.png
25,SB,T2s,0,54,46,0,false,frame_014.00.png
25,SB,A9o,100,0,0,0,false,frame_014.00.png
25,SB,K9o,3,52,45,0,false,frame_014.00.png
25,SB,Q9o,5,54,41,0,false,frame_014.00.png
25,SB,J9o,2,50,48,0,false,frame_014.00.png
25,SB,T9o,0,28,72,0,false,frame_014.00.png
25,SB,99,4,70,26,0,false,frame_014.00.png
25,SB,98s,0,6,94,0,false,frame_014.00.png
25,SB,97s,0,0,100,0,false,frame_014.00.png
25,SB,96s,2,34,64,0,false,frame_014.00.png
25,SB,95s,0,17,83,0,false,frame_014.00.png
25,SB,94s,2,57,41,0,false,frame_014.00.png
25,SB,93s,0,13,87,0,false,frame_014.00.png
25,SB,92s,2,57,41,0,false,frame_014.00.png
25,SB,A8o,100,0,0,0,false,frame_014.00.png
25,SB,K8o,3,57,40,0,false,frame_014.00.png
25,SB,Q8o,3,45,52,0,false,frame_014.00.png
25,SB,J8o,0,34,66,0,false,frame_014.00.png
25,SB,T8o,0,51,49,0,false,frame_014.00.png
25,SB,98o,2,32,66,0,false,frame_014.00.png
25,SB,88,0,27,73,0,false,frame_014.00.png
25,SB,87s,0,12,88,0,false,frame_014.00.png
25,SB,86s,0,0,100,0,false,frame_014.00.png
25,SB,85s,0,21,79,0,false,frame_014.00.png
25,SB,84s,0,23,77,0,false,frame_014.00.png
25,SB,83s,3,49,48,0,false,frame_014.00.png
25,SB,82s,0,0,100,0,false,frame_014.00.png
25,SB,A7o,97,0,3,0,false,frame_014.00.png
25,SB,K7o,0,41,59,0,false,frame_014.00.png
25,SB,Q7o,2,25,73,0,false,frame_014.00.png
25,SB,J7o,0,54,46,0,false,frame_014.00.png
25,SB,T7o,0,60,40,0,false,frame_014.00.png
25,SB,97o,4,45,51,0,false,frame_014.00.png
25,SB,87o,0,27,73,0,false,frame_014.00.png
25,SB,77,0,45,55,0,false,frame_014.00.png
25,SB,76s,0,0,100,0,false,frame_014.00.png
25,SB,75s,0,55,45,0,false,frame_014.00.png
25,SB,74s,0,0,100,0,false,frame_014.00.png
25,SB,73s,2,68,30,0,false,frame_014.00.png
25,SB,72s,0,0,100,0,false,frame_014.00.png
25,SB,A6o,52,44,4,0,false,frame_014.00.png
25,SB,K6o,0,31,69,0,false,frame_014.00.png
25,SB,Q6o,32,29,39,0,false,frame_014.00.png
25,SB,J6o,0,27,73,0,false,frame_014.00.png
25,SB,T6o,0,20,80,0,false,frame_014.00.png
25,SB,96o,0,9,91,0,false,frame_014.00.png
25,SB,86o,3,36,61,0,false,frame_014.00.png
25,SB,76o,0,35,65,0,false,frame_014.00.png
25,SB,66,3,23,74,0,false,frame_014.00.png
25,SB,65s,0,26,74,0,false,frame_014.00.png
25,SB,64s,2,50,48,0,false,frame_014.00.png
25,SB,63s,0,0,100,0,false,frame_014.00.png
25,SB,62s,0,0,100,0,false,frame_014.00.png
25,SB,A5o,21,57,22,0,false,frame_014.00.png
25,SB,K5o,27,19,54,0,false,frame_014.00.png
25,SB,Q5o,8,58,34,0,false,frame_014.00.png
25,SB,J5o,0,8,92,0,false,frame_014.00.png
25,SB,T5o,0,0,100,0,false,frame_014.00.png
25,SB,95o,0,0,100,0,false,frame_014.00.png
25,SB,85o,0,0,100,0,false,frame_014.00.png
25,SB,75o,0,0,100,0,false,frame_014.00.png
25,SB,65o,3,23,74,0,false,frame_014.00.png
25,SB,55,0,35,65,0,false,frame_014.00.png
25,SB,54s,0,20,80,0,false,frame_014.00.png
25,SB,53s,3,36,61,0,false,frame_014.00.png
25,SB,52s,0,0,100,0,false,frame_014.00.png
25,SB,A4o,17,37,46,0,false,frame_014.00.png
25,SB,K4o,0,38,62,0,false,frame_014.00.png
25,SB,Q4o,0,16,84,0,false,frame_014.00.png
25,SB,J4o,0,0,100,0,false,frame_014.00.png
25,SB,T4o,0,0,100,0,false,frame_014.00.png
25,SB,94o,0,0,0,100,false,frame_014.00.png
25,SB,84o,0,0,0,100,false,frame_014.00.png
25,SB,74o,0,0,27,73,false,frame_014.00.png
25,SB,64o,0,0,84,16,false,frame_014.00.png
25,SB,54o,0,15,85,0,false,frame_014.00.png
25,SB,44,19,6,75,0,false,frame_014.00.png
25,SB,43s,3,36,61,0,false,frame_014.00.png
25,SB,42s,0,8,92,0,false,frame_014.00.png
25,SB,A3o,42,14,44,0,false,frame_014.00.png
25,SB,K3o,0,32,68,0,false,frame_014.00.png
25,SB,Q3o,0,0,100,0,false,frame_014.00.png
25,SB,J3o,0,0,100,0,false,frame_014.00.png
25,SB,T3o,0,0,94,6,false,frame_014.00.png
25,SB,93o,0,0,0,100,false,frame_014.00.png
25,SB,83o,0,0,0,100,false,frame_014.00.png
25,SB,73o,0,0,0,100,false,frame_014.00.png
25,SB,63o,0,0,0,100,false,frame_014.00.png
25,SB,53o,0,0,13,87,false,frame_014.00.png
25,SB,43o,0,0,0,100,false,frame_014.00.png
25,SB,33,100,0,0,0,false,frame_014.00.png
25,SB,32s,0,33,67,0,false,frame_014.00.png
25,SB,A2o,6,3,91,0,false,frame_014.00.png
25,SB,K2o,0,13,87,0,false,frame_014.00.png
25,SB,Q2o,0,0,100,0,false,frame_014.00.png
25,SB,J2o,0,0,100,0,false,frame_014.00.png
25,SB,T2o,0,0,0,100,false,frame_014.00.png
25,SB,92o,0,0,0,100,false,frame_014.00.png
25,SB,82o,0,0,0,100,false,frame_014.00.png
25,SB,72o,0,0,0,100,false,frame_014.00.png
25,SB,62o,0,0,0,100,false,frame_014.00.png
25,SB,52o,0,0,0,100,false,frame_014.00.png
25,SB,42o,0,0,0,100,false,frame_014.00.png
25,SB,32o,0,0,0,100,false,frame_014.00.png
25,SB,22,100,0,0,0,false,frame_014.00.png
30,UTG,AA,3,97,0,0,false,frame_000.00.png
30,UTG,AKs,2,98,0,0,false,frame_000.00.png
30,UTG,AQs,3,97,0,0,false,frame_000.00.png
30,UTG,AJs,2,98,0,0,false,frame_000.00.png
30,UTG,ATs,2,98,0,0,false,frame_000.00.png
30,UTG,A9s,3,97,0,0,false,frame_000.00.png
30,UTG,A8s,3,97,0,0,false,frame_000.00.png
30,UTG,A7s,2,98,0,0,false,frame_000.00.png
30,UTG,A6s,3,97,0,0,false,frame_000.00.png
30,UTG,A5s,2,98,0,0,false,frame_000.00.png
30,UTG,A4s,2,98,0,0,false,frame_000.00.png
30,UTG,A3s,2,98,0,0,false,frame_000.00.png
30,UTG,A2s,0,22,0,78,false,frame_000.00.png
30,UTG,AKo,3,97,0,0,false,frame_000.00.png
30,UTG,KK,0,100,0,0,false,frame_000.00.png
30,UTG,KQs,3,97,0,0,false,frame_000.00.png
30,UTG,KJs,2,98,0,0,false,frame_000.00.png
30,UTG,KTs,2,98,0,0,false,frame_000.00.png
30,UTG,K9s,3,97,0,0,false,frame_000.00.png
30,UTG,K8s,3,97,0,0,false,frame_000.00.png
30,UTG,K7s,0,0,0,100,false,frame_000.00.png
30,UTG,K6s,0,0,0,100,false,frame_000.00.png
30,UTG,K5s,0,0,0,100,false,frame_000.00.png
30,UTG,K4s,0,0,0,100,false,frame_000.00.png
30,UTG,K3s,0,0,0,100,false,frame_000.00.png
30,UTG,K2s,0,0,0,100,false,frame_000.00.png
30,UTG,AQo,4,96,0,0,false,frame_000.00.png
30,UTG,KQo,3,97,0,0,false,frame_000.00.png
30,UTG,QQ,3,97,0,0,false,frame_000.00.png
30,UTG,QJs,2,98,0,0,false,frame_000.00.png
30,UTG,QTs,2,98,0,0,false,frame_000.00.png
30,UTG,Q9s,4,96,0,0,false,frame_000.00.png
30,UTG,Q8s,0,0,0,100,false,frame_000.00.png
30,UTG,Q7s,0,0,0,100,false,frame_000.00.png
30,UTG,Q6s,0,0,0,100,false,frame_000.00.png
30,UTG,Q5s,0,0,0,100,false,frame_000.00.png
30,UTG,Q4s,0,0,0,100,false,frame_000.00.png
30,UTG,Q3s,0,0,0,100,false,frame_000.00.png
30,UTG,Q2s,0,0,0,100,false,frame_000.00.png
30,UTG,AJo,3,97,0,0,false,frame_000.00.png
30,UTG,KJo,2,98,0,0,false,frame_000.00.png
30,UTG,QJo,4,44,0,52,true,frame_000.00.png
30,UTG,JJ,0,100,0,0,false,frame_000.00.png
30,UTG,JTs,0,100,0,0,false,frame_000.00.png
30,UTG,J9s,2,98,0,0,false,frame_000.00.png
30,UTG,J8s,0,0,0,100,false,frame_000.00.png
30,UTG,J7s,0,0,0,100,false,frame_000.00.png
30,UTG,J6s,0,0,0,100,false,frame_000.00.png
30,UTG,J5s,0,0,0,100,false,frame_000.00.png
30,UTG,J4s,0,0,0,100,false,frame_000.00.png
30,UTG,J3s,0,0,0,100,false,frame_000.00.png
30,UTG,J2s,0,0,0,100,false,frame_000.00.png
30,UTG,ATo,2,98,0,0,false,frame_000.00.png
30,UTG,KTo,0,20,0,80,false,frame_000.00.png
30,UTG,QTo,0,0,0,100,false,frame_000.00.png
30,UTG,JTo,0,0,0,100,false,frame_000.00.png
30,UTG,TT,0,100,0,0,false,frame_000.00.png
30,UTG,T9s,3,97,0,0,false,frame_000.00.png
30,UTG,T8s,2,98,0,0,false,frame_000.00.png
30,UTG,T7s,0,0,0,100,false,frame_000.00.png
30,UTG,T6s,0,0,0,100,false,frame_000.00.png
30,UTG,T5s,0,0,0,100,false,frame_000.00.png
30,UTG,T4s,0,0,0,100,false,frame_000.00.png
30,UTG,T3s,0,0,0,100,false,frame_000.00.png
30,UTG,T2s,0,0,0,100,false,frame_000.00.png
30,UTG,A9o,0,0,0,100,false,frame_000.00.png
30,UTG,K9o,0,0,0,100,false,frame_000.00.png
30,UTG,Q9o,0,0,0,100,false,frame_000.00.png
30,UTG,J9o,0,0,0,100,false,frame_000.00.png
30,UTG,T9o,0,0,0,100,false,frame_000.00.png
30,UTG,99,2,98,0,0,false,frame_000.00.png
30,UTG,98s,2,98,0,0,false,frame_000.00.png
30,UTG,97s,0,0,0,100,false,frame_000.00.png
30,UTG,96s,0,0,0,100,false,frame_000.00.png
30,UTG,95s,0,0,0,100,false,frame_000.00.png
30,UTG,94s,0,0,0,100,false,frame_000.00.png
30,UTG,93s,0,0,0,100,false,frame_000.00.png
30,UTG,92s,0,0,0,100,false,frame_000.00.png
30,UTG,A8o,0,0,0,100,false,frame_000.00.png
30,UTG,K8o,0,0,0,100,false,frame_000.00.png
30,UTG,Q8o,0,0,0,100,false,frame_000.00.png
30,UTG,J8o,0,0,0,100,false,frame_000.00.png
30,UTG,T8o,0,0,0,100,false,frame_000.00.png
30,UTG,98o,0,0,0,100,false,frame_000.00.png
30,UTG,88,0,100,0,0,false,frame_000.00.png
30,UTG,87s,0,17,0,83,false,frame_000.00.png
30,UTG,86s,0,0,0,100,false,frame_000.00.png
30,UTG,85s,0,0,0,100,false,frame_000.00.png
30,UTG,84s,0,0,0,100,false,frame_000.00.png
30,UTG,83s,0,0,0,100,false,frame_000.00.png
30,UTG,82s,0,0,0,100,false,frame_000.00.png
30,UTG,A7o,0,0,0,100,false,frame_000.00.png
30,UTG,K7o,0,0,0,100,false,frame_000.00.png
30,UTG,Q7o,0,0,0,100,false,frame_000.00.png
30,UTG,J7o,0,0,0,100,false,frame_000.00.png
30,UTG,T7o,0,0,0,100,false,frame_000.00.png
30,UTG,97o,0,0,0,100,false,frame_000.00.png
30,UTG,87o,0,0,0,100,false,frame_000.00.png
30,UTG,77,0,100,0,0,false,frame_000.00.png
30,UTG,76s,2,59,0,39,true,frame_000.00.png
30,UTG,75s,0,0,0,100,false,frame_000.00.png
30,UTG,74s,0,0,0,100,false,frame_000.00.png
30,UTG,73s,0,0,0,100,false,frame_000.00.png
30,UTG,72s,0,0,0,100,false,frame_000.00.png
30,UTG,A6o,0,0,0,100,false,frame_000.00.png
30,UTG,K6o,0,0,0,100,false,frame_000.00.png
30,UTG,Q6o,0,0,0,100,false,frame_000.00.png
30,UTG,J6o,0,0,0,100,false,frame_000.00.png
30,UTG,T6o,0,0,0,100,false,frame_000.00.png
30,UTG,96o,0,0,0,100,false,frame_000.00.png
30,UTG,86o,0,0,0,100,false,frame_000.00.png
30,UTG,76o,0,0,0,100,false,frame_000.00.png
30,UTG,66,2,98,0,0,false,frame_000.00.png
30,UTG,65s,2,72,0,26,false,frame_000.00.png
30,UTG,64s,0,0,0,100,false,frame_000.00.png
30,UTG,63s,0,0,0,100,false,frame_000.00.png
30,UTG,62s,0,0,0,100,false,frame_000.00.png
30,UTG,A5o,0,0,0,100,false,frame_000.00.png
30,UTG,K5o,0,0,0,100,false,frame_000.00.png
30,UTG,Q5o,0,0,0,100,false,frame_000.00.png
30,UTG,J5o,0,0,0,100,false,frame_000.00.png
30,UTG,T5o,0,0,0,100,false,frame_000.00.png
30,UTG,95o,0,0,0,100,false,frame_000.00.png
30,UTG,85o,0,0,0,100,false,frame_000.00.png
30,UTG,75o,0,0,0,100,false,frame_000.00.png
30,UTG,65o,0,0,0,100,false,frame_000.00.png
30,UTG,55,0,100,0,0,false,frame_000.00.png
30,UTG,54s,0,0,0,100,false,frame_000.00.png
30,UTG,53s,0,0,0,100,false,frame_000.00.png
30,UTG,52s,0,0,0,100,false,frame_000.00.png
30,UTG,A4o,0,0,0,100,false,frame_000.00.png
30,UTG,K4o,0,0,0,100,false,frame_000.00.png
30,UTG,Q4o,0,0,0,100,false,frame_000.00.png
30,UTG,J4o,0,0,0,100,false,frame_000.00.png
30,UTG,T4o,0,0,0,100,false,frame_000.00.png
30,UTG,94o,0,0,0,100,false,frame_000.00.png
30,UTG,84o,0,0,0,100,false,frame_000.00.png
30,UTG,74o,0,0,0,100,false,frame_000.00.png
30,UTG,64o,0,0,0,100,false,frame_000.00.png
30,UTG,54o,0,0,0,100,false,frame_000.00.png
30,UTG,44,0,50,0,50,true,frame_000.00.png
30,UTG,43s,0,0,0,100,false,frame_000.00.png
30,UTG,42s,0,0,0,100,false,frame_000.00.png
30,UTG,A3o,0,0,0,100,false,frame_000.00.png
30,UTG,K3o,0,0,0,100,false,frame_000.00.png
30,UTG,Q3o,0,0,0,100,false,frame_000.00.png
30,UTG,J3o,0,0,0,100,false,frame_000.00.png
30,UTG,T3o,0,0,0,100,false,frame_000.00.png
30,UTG,93o,0,0,0,100,false,frame_000.00.png
30,UTG,83o,0,0,0,100,false,frame_000.00.png
30,UTG,73o,0,0,0,100,false,frame_000.00.png
30,UTG,63o,0,0,0,100,false,frame_000.00.png
30,UTG,53o,0,0,0,100,false,frame_000.00.png
30,UTG,43o,0,0,0,100,false,frame_000.00.png
30,UTG,33,0,0,0,100,false,frame_000.00.png
30,UTG,32s,0,0,0,100,false,frame_000.00.png
30,UTG,A2o,0,0,0,100,false,frame_000.00.png
30,UTG,K2o,0,0,0,100,false,frame_000.00.png
30,UTG,Q2o,0,0,0,100,false,frame_000.00.png
30,UTG,J2o,0,0,0,100,false,frame_000.00.png
30,UTG,T2o,0,0,0,100,false,frame_000.00.png
30,UTG,92o,0,0,0,100,false,frame_000.00.png
30,UTG,82o,0,0,0,100,false,frame_000.00.png
30,UTG,72o,0,0,0,100,false,frame_000.00.png
30,UTG,62o,0,0,0,100,false,frame_000.00.png
30,UTG,52o,0,0,0,100,false,frame_000.00.png
30,UTG,42o,0,0,0,100,false,frame_000.00.png
30,UTG,32o,0,0,0,100,false,frame_000.00.png
30,UTG,22,0,0,0,100,false,frame_000.00.png
30,UTG1,AA,3,97,0,0,false,frame_003.00.png
30,UTG1,AKs,3,97,0,0,false,frame_003.00.png
30,UTG1,AQs,3,97,0,0,false,frame_003.00.png
30,UTG1,AJs,2,98,0,0,false,frame_003.00.png
30,UTG1,ATs,2,98,0,0,false,frame_003.00.png
30,UTG1,A9s,3,97,0,0,false,frame_003.00.png
30,UTG1,A8s,2,98,0,0,false,frame_003.00.png
30,UTG1,A7s,2,98,0,0,false,frame_003.00.png
30,UTG1,A6s,3,97,0,0,false,frame_003.00.png
30,UTG1,A5s,2,98,0,0,false,frame_003.00.png
30,UTG1,A4s,2,98,0,0,false,frame_003.00.png
30,UTG1,A3s,2,98,0,0,false,frame_003.00.png
30,UTG1,A2s,2,98,0,0,false,frame_003.00.png
30,UTG1,AKo,3,97,0,0,false,frame_003.00.png
30,UTG1,KK,0,100,0,0,false,frame_003.00.png
30,UTG1,KQs,3,97,0,0,false,frame_003.00.png
30,UTG1,KJs,2,98,0,0,false,frame_003.00.png
30,UTG1,KTs,2,98,0,0,false,frame_003.00.png
30,UTG1,K9s,3,97,0,0,false,frame_003.00.png
30,UTG1,K8s,3,97,0,0,false,frame_003.00.png
30,UTG1,K7s,2,79,0,19,false,frame_003.00.png
30,UTG1,K6s,0,0,0,100,false,frame_003.00.png
30,UTG1,K5s,0,0,0,100,false,frame_003.00.png
30,UTG1,K4s,0,0,0,100,false,frame_003.00.png
30,UTG1,K3s,0,0,0,100,false,frame_003.00.png
30,UTG1,K2s,0,0,0,100,false,frame_003.00.png
30,UTG1,AQo,4,96,0,0,false,frame_003.00.png
30,UTG1,KQo,3,97,0,0,false,frame_003.00.png
30,UTG1,QQ,3,97,0,0,false,frame_003.00.png
30,UTG1,QJs,2,98,0,0,false,frame_003.00.png
30,UTG1,QTs,2,98,0,0,false,frame_003.00.png
30,UTG1,Q9s,4,96,0,0,false,frame_003.00.png
30,UTG1,Q8s,0,31,0,69,true,frame_003.00.png
30,UTG1,Q7s,0,0,0,100,false,frame_003.00.png
30,UTG1,Q6s,0,0,0,100,false,frame_003.00.png
30,UTG1,Q5s,0,0,0,100,false,frame_003.00.png
30,UTG1,Q4s,0,0,0,100,false,frame_003.00.png
30,UTG1,Q3s,0,0,0,100,false,frame_003.00.png
30,UTG1,Q2s,0,0,0,100,false,frame_003.00.png
30,UTG1,AJo,3,97,0,0,false,frame_003.00.png
30,UTG1,KJo,2,98,0,0,false,frame_003.00.png
30,UTG1,QJo,3,97,0,0,false,frame_003.00.png
30,UTG1,JJ,0,100,0,0,false,frame_003.00.png
30,UTG1,JTs,0,100,0,0,false,frame_003.00.png
30,UTG1,J9s,2,98,0,0,false,frame_003.00.png
30,UTG1,J8s,0,19,0,81,false,frame_003.00.png
30,UTG1,J7s,0,0,0,100,false,frame_003.00.png
30,UTG1,J6s,0,0,0,100,false,frame_003.00.png
30,UTG1,J5s,0,0,0,100,false,frame_003.00.png
30,UTG1,J4s,0,0,0,100,false,frame_003.00.png
30,UTG1,J3s,0,0,0,100,false,frame_003.00.png
30,UTG1,J2s,0,0,0,100,false,frame_003.00.png
30,UTG1,ATo,3,97,0,0,false,frame_003.00.png
30,UTG1,KTo,2,76,0,22,false,frame_003.00.png
30,UTG1,QTo,0,0,0,100,false,frame_003.00.png
30,UTG1,JTo,0,16,0,84,false,frame_003.00.png
30,UTG1,TT,100,0,0,0,false,frame_003.00.png
30,UTG1,T9s,3,97,0,0,false,frame_003.00.png
30,UTG1,T8s,2,98,0,0,false,frame_003.00.png
30,UTG1,T7s,0,0,0,100,false,frame_003.00.png
30,UTG1,T6s,0,0,0,100,false,frame_003.00.png
30,UTG1,T5s,0,0,0,100,false,frame_003.00.png
30,UTG1,T4s,0,0,0,100,false,frame_003.00.png
30,UTG1,T3s,0,0,0,100,false,frame_003.00.png
30,UTG1,T2s,0,0,0,100,false,frame_003.00.png
30,UTG1,A9o,3,29,0,68,true,frame_003.00.png
30,UTG1,K9o,0,0,0,100,false,frame_003.00.png
30,UTG1,Q9o,0,0,0,100,false,frame_003.00.png
30,UTG1,J9o,0,0,0,100,false,frame_003.00.png
30,UTG1,T9o,0,0,0,100,false,frame_003.00.png
30,UTG1,99,2,98,0,0,false,frame_003.00.png
30,UTG1,98s,3,97,0,0,false,frame_003.00.png
30,UTG1,97s,0,0,0,100,false,frame_003.00.png
30,UTG1,96s,0,0,0,100,false,frame_003.00.png
30,UTG1,95s,0,0,0,100,false,frame_003.00.png
30,UTG1,94s,0,0,0,100,false,frame_003.00.png
30,UTG1,93s,0,0,0,100,false,frame_003.00.png
30,UTG1,92s,0,0,0,100,false,frame_003.00.png
30,UTG1,A8o,0,0,0,100,false,frame_003.00.png
30,UTG1,K8o,0,0,0,100,false,frame_003.00.png
30,UTG1,Q8o,0,0,0,100,false,frame_003.00.png
30,UTG1,J8o,0,0,0,100,false,frame_003.00.png
30,UTG1,T8o,0,0,0,100,false,frame_003.00.png
30,UTG1,98o,0,0,0,100,false,frame_003.00.png
30,UTG1,88,0,100,0,0,false,frame_003.00.png
30,UTG1,87s,0,97,0,3,false,frame_003.00.png
30,UTG1,86s,0,0,0,100,false,frame_003.00.png
30,UTG1,85s,0,0,0,100,false,frame_003.00.png
30,UTG1,84s,0,0,0,100,false,frame_003.00.png
30,UTG1,83s,0,0,0,100,false,frame_003.00.png
30,UTG1,82s,0,0,0,100,false,frame_003.00.png
30,UTG1,A7o,0,0,0,100,false,frame_003.00.png
30,UTG1,K7o,0,0,0,100,false,frame_003.00.png
30,UTG1,Q7o,0,0,0,100,false,frame_003.00.png
30,UTG1,J7o,0,0,0,100,false,frame_003.00.png
30,UTG1,T7o,0,0,0,100,false,frame_003.00.png
30,UTG1,97o,0,0,0,100,false,frame_003.00.png
30,UTG1,87o,0,0,0,100,false,frame_003.00.png
30,UTG1,77,0,100,0,0,false,frame_003.00.png
30,UTG1,76s,2,83,0,15,false,frame_003.00.png
30,UTG1,75s,0,0,0,100,false,frame_003.00.png
30,UTG1,74s,0,0,0,100,false,frame_003.00.png
30,UTG1,73s,0,0,0,100,false,frame_003.00.png
30,UTG1,72s,0,0,0,100,false,frame_003.00.png
30,UTG1,A6o,0,0,0,100,false,frame_003.00.png
30,UTG1,K6o,0,0,0,100,false,frame_003.00.png
30,UTG1,Q6o,0,0,0,100,false,frame_003.00.png
30,UTG1,J6o,0,0,0,100,false,frame_003.00.png
30,UTG1,T6o,0,0,0,100,false,frame_003.00.png
30,UTG1,96o,0,0,0,100,false,frame_003.00.png
30,UTG1,86o,0,0,0,100,false,frame_003.00.png
30,UTG1,76o,0,0,0,100,false,frame_003.00.png
30,UTG1,66,2,98,0,0,false,frame_003.00.png
30,UTG1,65s,2,98,0,0,false,frame_003.00.png
30,UTG1,64s,0,0,0,100,false,frame_003.00.png
30,UTG1,63s,0,0,0,100,false,frame_003.00.png
30,UTG1,62s,0,0,0,100,false,frame_003.00.png
30,UTG1,A5o,0,0,0,100,false,frame_003.00.png
30,UTG1,K5o,0,0,0,100,false,frame_003.00.png
30,UTG1,Q5o,0,0,0,100,false,frame_003.00.png
30,UTG1,J5o,0,0,0,100,false,frame_003.00.png
30,UTG1,T5o,0,0,0,100,false,frame_003.00.png
30,UTG1,95o,0,0,0,100,false,frame_003.00.png
30,UTG1,85o,0,0,0,100,false,frame_003.00.png
30,UTG1,75o,0,0,0,100,false,frame_003.00.png
30,UTG1,65o,0,0,0,100,false,frame_003.00.png
30,UTG1,55,0,100,0,0,false,frame_003.00.png
30,UTG1,54s,0,0,0,100,false,frame_003.00.png
30,UTG1,53s,0,0,0,100,false,frame_003.00.png
30,UTG1,52s,0,0,0,100,false,frame_003.00.png
30,UTG1,A4o,0,0,0,100,false,frame_003.00.png
30,UTG1,K4o,0,0,0,100,false,frame_003.00.png
30,UTG1,Q4o,0,0,0,100,false,frame_003.00.png
30,UTG1,J4o,0,0,0,100,false,frame_003.00.png
30,UTG1,T4o,0,0,0,100,false,frame_003.00.png
30,UTG1,94o,0,0,0,100,false,frame_003.00.png
30,UTG1,84o,0,0,0,100,false,frame_003.00.png
30,UTG1,74o,0,0,0,100,false,frame_003.00.png
30,UTG1,64o,0,0,0,100,false,frame_003.00.png
30,UTG1,54o,0,0,0,100,false,frame_003.00.png
30,UTG1,44,0,100,0,0,false,frame_003.00.png
30,UTG1,43s,0,0,0,100,false,frame_003.00.png
30,UTG1,42s,0,0,0,100,false,frame_003.00.png
30,UTG1,A3o,0,0,0,100,false,frame_003.00.png
30,UTG1,K3o,0,0,0,100,false,frame_003.00.png
30,UTG1,Q3o,0,0,0,100,false,frame_003.00.png
30,UTG1,J3o,0,0,0,100,false,frame_003.00.png
30,UTG1,T3o,0,0,0,100,false,frame_003.00.png
30,UTG1,93o,0,0,0,100,false,frame_003.00.png
30,UTG1,83o,0,0,0,100,false,frame_003.00.png
30,UTG1,73o,0,0,0,100,false,frame_003.00.png
30,UTG1,63o,0,0,0,100,false,frame_003.00.png
30,UTG1,53o,0,0,0,100,false,frame_003.00.png
30,UTG1,43o,0,0,0,100,false,frame_003.00.png
30,UTG1,33,0,0,0,100,false,frame_003.00.png
30,UTG1,32s,0,0,0,100,false,frame_003.00.png
30,UTG1,A2o,0,0,0,100,false,frame_003.00.png
30,UTG1,K2o,0,0,0,100,false,frame_003.00.png
30,UTG1,Q2o,0,0,0,100,false,frame_003.00.png
30,UTG1,J2o,0,0,0,100,false,frame_003.00.png
30,UTG1,T2o,0,0,0,100,false,frame_003.00.png
30,UTG1,92o,0,0,0,100,false,frame_003.00.png
30,UTG1,82o,0,0,0,100,false,frame_003.00.png
30,UTG1,72o,0,0,0,100,false,frame_003.00.png
30,UTG1,62o,0,0,0,100,false,frame_003.00.png
30,UTG1,52o,0,0,0,100,false,frame_003.00.png
30,UTG1,42o,0,0,0,100,false,frame_003.00.png
30,UTG1,32o,0,0,0,100,false,frame_003.00.png
30,UTG1,22,0,0,0,100,false,frame_003.00.png
30,LJ,AA,3,97,0,0,false,frame_005.00.png
30,LJ,AKs,3,97,0,0,false,frame_005.00.png
30,LJ,AQs,3,97,0,0,false,frame_005.00.png
30,LJ,AJs,2,98,0,0,false,frame_005.00.png
30,LJ,ATs,2,98,0,0,false,frame_005.00.png
30,LJ,A9s,3,97,0,0,false,frame_005.00.png
30,LJ,A8s,2,98,0,0,false,frame_005.00.png
30,LJ,A7s,2,98,0,0,false,frame_005.00.png
30,LJ,A6s,3,97,0,0,false,frame_005.00.png
30,LJ,A5s,2,98,0,0,false,frame_005.00.png
30,LJ,A4s,2,98,0,0,false,frame_005.00.png
30,LJ,A3s,3,97,0,0,false,frame_005.00.png
30,LJ,A2s,2,98,0,0,false,frame_005.00.png
30,LJ,AKo,3,97,0,0,false,frame_005.00.png
30,LJ,KK,0,100,0,0,false,frame_005.00.png
30,LJ,KQs,3,97,0,0,false,frame_005.00.png
30,LJ,KJs,2,98,0,0,false,frame_005.00.png
30,LJ,KTs,2,98,0,0,false,frame_005.00.png
30,LJ,K9s,3,97,0,0,false,frame_005.00.png
30,LJ,K8s,3,97,0,0,false,frame_005.00.png
30,LJ,K7s,0,100,0,0,false,frame_005.00.png
30,LJ,K6s,3,97,0,0,false,frame_005.00.png
30,LJ,K5s,0,30,0,70,true,frame_005.00.png
30,LJ,K4s,0,0,0,100,false,frame_005.00.png
30,LJ,K3s,0,0,0,100,false,frame_005.00.png
30,LJ,K2s,0,0,0,100,false,frame_005.00.png
30,LJ,AQo,4,96,0,0,false,frame_005.00.png
30,LJ,KQo,3,97,0,0,false,frame_005.00.png
30,LJ,QQ,3,97,0,0,false,frame_005.00.png
30,LJ,QJs,2,98,0,0,false,frame_005.00.png
30,LJ,QTs,2,98,0,0,false,frame_005.00.png
30,LJ,Q9s,4,96,0,0,false,frame_005.00.png
30,LJ,Q8s,3,97,0,0,false,frame_005.00.png
30,LJ,Q7s,0,0,0,100,false,frame_005.00.png
30,LJ,Q6s,0,0,0,100,false,frame_005.00.png
30,LJ,Q5s,0,0,0,100,false,frame_005.00.png
30,LJ,Q4s,0,0,0,100,false,frame_005.00.png
30,LJ,Q3s,0,0,0,100,false,frame_005.00.png
30,LJ,Q2s,0,0,0,100,false,frame_005.00.png
30,LJ,AJo,3,97,0,0,false,frame_005.00.png
30,LJ,KJo,2,98,0,0,false,frame_005.00.png
30,LJ,QJo,3,97,0,0,false,frame_005.00.png
30,LJ,JJ,0,100,0,0,false,frame_005.00.png
30,LJ,JTs,0,100,0,0,false,frame_005.00.png
30,LJ,J9s,2,98,0,0,false,frame_005.00.png
30,LJ,J8s,2,98,0,0,false,frame_005.00.png
30,LJ,J7s,0,0,0,100,false,frame_005.00.png
30,LJ,J6s,0,0,0,100,false,frame_005.00.png
30,LJ,J5s,0,0,0,100,false,frame_005.00.png
30,LJ,J4s,0,0,0,100,false,frame_005.00.png
30,LJ,J3s,0,0,0,100,false,frame_005.00.png
30,LJ,J2s,0,0,0,100,false,frame_005.00.png
30,LJ,ATo,3,97,0,0,false,frame_005.00.png
30,LJ,KTo,2,98,0,0,false,frame_005.00.png
30,LJ,QTo,4,76,0,20,false,frame_005.00.png
30,LJ,JTo,3,57,0,40,true,frame_005.00.png
30,LJ,TT,0,100,0,0,false,frame_005.00.png
30,LJ,T9s,100,0,0,0,false,frame_005.00.png
30,LJ,T8s,2,98,0,0,false,frame_005.00.png
30,LJ,T7s,0,0,0,100,false,frame_005.00.png
30,LJ,T6s,0,0,0,100,false,frame_005.00.png
30,LJ,T5s,0,0,0,100,false,frame_005.00.png
30,LJ,T4s,0,0,0,100,false,frame_005.00.png
30,LJ,T3s,0,0,0,100,false,frame_005.00.png
30,LJ,T2s,0,0,0,100,false,frame_005.00.png
30,LJ,A9o,3,97,0,0,false,frame_005.00.png
30,LJ,K9o,0,0,0,100,false,frame_005.00.png
30,LJ,Q9o,0,0,0,100,false,frame_005.00.png
30,LJ,J9o,0,0,0,100,false,frame_005.00.png
30,LJ,T9o,0,0,0,100,false,frame_005.00.png
30,LJ,99,3,97,0,0,false,frame_005.00.png
30,LJ,98s,3,97,0,0,false,frame_005.00.png
30,LJ,97s,0,94,0,6,false,frame_005.00.png
30,LJ,96s,0,0,0,100,false,frame_005.00.png
30,LJ,95s,0,0,0,100,false,frame_005.00.png
30,LJ,94s,0,0,0,100,false,frame_005.00.png
30,LJ,93s,0,0,0,100,false,frame_005.00.png
30,LJ,92s,0,0,0,100,false,frame_005.00.png
30,LJ,A8o,0,4,0,96,false,frame_005.00.png
30,LJ,K8o,0,0,0,100,false,frame_005.00.png
30,LJ,Q8o,0,0,0,100,false,frame_005.00.png
30,LJ,J8o,0,0,0,100,false,frame_005.00.png
30,LJ,T8o,0,0,0,100,false,frame_005.00.png
30,LJ,98o,0,0,0,100,false,frame_005.00.png
30,LJ,88,0,100,0,0,false,frame_005.00.png
30,LJ,87s,0,100,0,0,false,frame_005.00.png
30,LJ,86s,0,0,0,100,false,frame_005.00.png
30,LJ,85s,0,0,0,100,false,frame_005.00.png
30,LJ,84s,0,0,0,100,false,frame_005.00.png
30,LJ,83s,0,0,0,100,false,frame_005.00.png
30,LJ,82s,0,0,0,100,false,frame_005.00.png
30,LJ,A7o,0,0,0,100,false,frame_005.00.png
30,LJ,K7o,0,0,0,100,false,frame_005.00.png
30,LJ,Q7o,0,0,0,100,false,frame_005.00.png
30,LJ,J7o,0,0,0,100,false,frame_005.00.png
30,LJ,T7o,0,0,0,100,false,frame_005.00.png
30,LJ,97o,0,0,0,100,false,frame_005.00.png
30,LJ,87o,0,0,0,100,false,frame_005.00.png
30,LJ,77,0,100,0,0,false,frame_005.00.png
30,LJ,76s,2,98,0,0,false,frame_005.00.png
30,LJ,75s,0,0,0,100,false,frame_005.00.png
30,LJ,74s,0,0,0,100,false,frame_005.00.png
30,LJ,73s,0,0,0,100,false,frame_005.00.png
30,LJ,72s,0,0,0,100,false,frame_005.00.png
30,LJ,A6o,0,0,0,100,false,frame_005.00.png
30,LJ,K6o,0,0,0,100,false,frame_005.00.png
30,LJ,Q6o,0,0,0,100,false,frame_005.00.png
30,LJ,J6o,0,0,0,100,false,frame_005.00.png
30,LJ,T6o,0,0,0,100,false,frame_005.00.png
30,LJ,96o,0,0,0,100,false,frame_005.00.png
30,LJ,86o,0,0,0,100,false,frame_005.00.png
30,LJ,76o,0,0,0,100,false,frame_005.00.png
30,LJ,66,2,98,0,0,false,frame_005.00.png
30,LJ,65s,2,98,0,0,false,frame_005.00.png
30,LJ,64s,0,0,0,100,false,frame_005.00.png
30,LJ,63s,0,0,0,100,false,frame_005.00.png
30,LJ,62s,0,0,0,100,false,frame_005.00.png
30,LJ,A5o,0,0,0,100,false,frame_005.00.png
30,LJ,K5o,0,0,0,100,false,frame_005.00.png
30,LJ,Q5o,0,0,0,100,false,frame_005.00.png
30,LJ,J5o,0,0,0,100,false,frame_005.00.png
30,LJ,T5o,0,0,0,100,false,frame_005.00.png
30,LJ,95o,0,0,0,100,false,frame_005.00.png
30,LJ,85o,0,0,0,100,false,frame_005.00.png
30,LJ,75o,0,0,0,100,false,frame_005.00.png
30,LJ,65o,0,0,0,100,false,frame_005.00.png
30,LJ,55,0,100,0,0,false,frame_005.00.png
30,LJ,54s,0,12,0,88,false,frame_005.00.png
30,LJ,53s,0,0,0,100,false,frame_005.00.png
30,LJ,52s,0,0,0,100,false,frame_005.00.png
30,LJ,A4o,0,0,0,100,false,frame_005.00.png
30,LJ,K4o,0,0,0,100,false,frame_005.00.png
30,LJ,Q4o,0,0,0,100,false,frame_005.00.png
30,LJ,J4o,0,0,0,100,false,frame_005.00.png
30,LJ,T4o,0,0,0,100,false,frame_005.00.png
30,LJ,94o,0,0,0,100,false,frame_005.00.png
30,LJ,84o,0,0,0,100,false,frame_005.00.png
30,LJ,74o,0,0,0,100,false,frame_005.00.png
30,LJ,64o,0,0,0,100,false,frame_005.00.png
30,LJ,54o,0,0,0,100,false,frame_005.00.png
30,LJ,44,0,100,0,0,false,frame_005.00.png
30,LJ,43s,0,0,0,100,false,frame_005.00.png
30,LJ,42s,0,0,0,100,false,frame_005.00.png
30,LJ,A3o,0,0,0,100,false,frame_005.00.png
30,LJ,K3o,0,0,0,100,false,frame_005.00.png
30,LJ,Q3o,0,0,0,100,false,frame_005.00.png
30,LJ,J3o,0,0,0,100,false,frame_005.00.png
30,LJ,T3o,0,0,0,100,false,frame_005.00.png
30,LJ,93o,0,0,0,100,false,frame_005.00.png
30,LJ,83o,0,0,0,100,false,frame_005.00.png
30,LJ,73o,0,0,0,100,false,frame_005.00.png
30,LJ,63o,0,0,0,100,false,frame_005.00.png
30,LJ,53o,0,0,0,100,false,frame_005.00.png
30,LJ,43o,0,0,0,100,false,frame_005.00.png
30,LJ,33,0,7,0,93,false,frame_005.00.png
30,LJ,32s,0,0,0,100,false,frame_005.00.png
30,LJ,A2o,0,0,0,100,false,frame_005.00.png
30,LJ,K2o,0,0,0,100,false,frame_005.00.png
30,LJ,Q2o,0,0,0,100,false,frame_005.00.png
30,LJ,J2o,0,0,0,100,false,frame_005.00.png
30,LJ,T2o,0,0,0,100,false,frame_005.00.png
30,LJ,92o,0,0,0,100,false,frame_005.00.png
30,LJ,82o,0,0,0,100,false,frame_005.00.png
30,LJ,72o,0,0,0,100,false,frame_005.00.png
30,LJ,62o,0,0,0,100,false,frame_005.00.png
30,LJ,52o,0,0,0,100,false,frame_005.00.png
30,LJ,42o,0,0,0,100,false,frame_005.00.png
30,LJ,32o,0,0,0,100,false,frame_005.00.png
30,LJ,22,0,0,0,100,false,frame_005.00.png
30,HJ,AA,3,97,0,0,false,frame_006.00.png
30,HJ,AKs,3,97,0,0,false,frame_006.00.png
30,HJ,AQs,3,97,0,0,false,frame_006.00.png
30,HJ,AJs,2,98,0,0,false,frame_006.00.png
30,HJ,ATs,2,98,0,0,false,frame_006.00.png
30,HJ,A9s,3,97,0,0,false,frame_006.00.png
30,HJ,A8s,2,98,0,0,false,frame_006.00.png
30,HJ,A7s,2,98,0,0,false,frame_006.00.png
30,HJ,A6s,3,97,0,0,false,frame_006.00.png
30,HJ,A5s,2,98,0,0,false,frame_006.00.png
30,HJ,A4s,2,98,0,0,false,frame_006.00.png
30,HJ,A3s,2,98,0,0,false,frame_006.00.png
30,HJ,A2s,2,98,0,0,false,frame_006.00.png
30,HJ,AKo,3,97,0,0,false,frame_006.00.png
30,HJ,KK,0,100,0,0,false,frame_006.00.png
30,HJ,KQs,3,97,0,0,false,frame_006.00.png
30,HJ,KJs,2,98,0,0,false,frame_006.00.png
30,HJ,KTs,2,98,0,0,false,frame_006.00.png
30,HJ,K9s,3,97,0,0,false,frame_006.00.png
30,HJ,K8s,3,97,0,0,false,frame_006.00.png
30,HJ,K7s,2,98,0,0,false,frame_006.00.png
30,HJ,K6s,3,97,0,0,false,frame_006.00.png
30,HJ,K5s,0,30,0,70,true,frame_006.00.png
30,HJ,K4s,0,0,0,100,false,frame_006.00.png
30,HJ,K3s,0,0,0,100,false,frame_006.00.png
30,HJ,K2s,0,0,0,100,false,frame_006.00.png
30,HJ,AQo,4,96,0,0,false,frame_006.00.png
30,HJ,KQo,3,97,0,0,false,frame_006.00.png
30,HJ,QQ,3,97,0,0,false,frame_006.00.png
30,HJ,QJs,2,98,0,0,false,frame_006.00.png
30,HJ,QTs,2,98,0,0,false,frame_006.00.png
30,HJ,Q9s,4,96,0,0,false,frame_006.00.png
30,HJ,Q8s,3,97,0,0,false,frame_006.00.png
30,HJ,Q7s,0,0,0,100,false,frame_006.00.png
30,HJ,Q6s,0,0,0,100,false,frame_006.00.png
30,HJ,Q5s,0,0,0,100,false,frame_006.00.png
30,HJ,Q4s,0,0,0,100,false,frame_006.00.png
30,HJ,Q3s,0,0,0,100,false,frame_006.00.png
30,HJ,Q2s,0,0,0,100,false,frame_006.00.png
30,HJ,AJo,3,97,0,0,false,frame_006.00.png
30,HJ,KJo,2,98,0,0,false,frame_006.00.png
30,HJ,QJo,3,97,0,0,false,frame_006.00.png
30,HJ,JJ,0,100,0,0,false,frame_006.00.png
30,HJ,JTs,0,100,0,0,false,frame_006.00.png
30,HJ,J9s,2,98,0,0,false,frame_006.00.png
30,HJ,J8s,2,98,0,0,false,frame_006.00.png
30,HJ,J7s,0,0,0,100,false,frame_006.00.png
30,HJ,J6s,0,0,0,100,false,frame_006.00.png
30,HJ,J5s,0,0,0,100,false,frame_006.00.png
30,HJ,J4s,0,0,0,100,false,frame_006.00.png
30,HJ,J3s,0,0,0,100,false,frame_006.00.png
30,HJ,J2s,0,0,0,100,false,frame_006.00.png
30,HJ,ATo,3,97,0,0,false,frame_006.00.png
30,HJ,KTo,2,98,0,0,false,frame_006.00.png
30,HJ,QTo,4,76,0,20,false,frame_006.00.png
30,HJ,JTo,3,57,0,40,true,frame_006.00.png
30,HJ,TT,0,100,0,0,false,frame_006.00.png
30,HJ,T9s,3,97,0,0,false,frame_006.00.png
30,HJ,T8s,2,98,0,0,false,frame_006.00.png
30,HJ,T7s,0,0,0,100,false,frame_006.00.png
30,HJ,T6s,0,0,0,100,false,frame_006.00.png
30,HJ,T5s,0,0,0,100,false,frame_006.00.png
30,HJ,T4s,0,0,0,100,false,frame_006.00.png
30,HJ,T3s,0,0,0,100,false,frame_006.00.png
30,HJ,T2s,0,0,0,100,false,frame_006.00.png
30,HJ,A9o,3,97,0,0,false,frame_006.00.png
30,HJ,K9o,0,0,0,100,false,frame_006.00.png
30,HJ,Q9o,0,0,0,100,false,frame_006.00.png
30,HJ,J9o,0,0,0,100,false,frame_006.00.png
30,HJ,T9o,0,0,0,100,false,frame_006.00.png
30,HJ,99,2,98,0,0,false,frame_006.00.png
30,HJ,98s,2,98,0,0,false,frame_006.00.png
30,HJ,97s,0,94,0,6,false,frame_006.00.png
30,HJ,96s,0,0,0,100,false,frame_006.00.png
30,HJ,95s,0,0,0,100,false,frame_006.00.png
30,HJ,94s,0,0,0,100,false,frame_006.00.png
30,HJ,93s,0,0,0,100,false,frame_006.00.png
30,HJ,92s,0,0,0,100,false,frame_006.00.png
30,HJ,A8o,0,4,0,96,false,frame_006.00.png
30,HJ,K8o,0,0,0,100,false,frame_006.00.png
30,HJ,Q8o,0,0,0,100,false,frame_006.00.png
30,HJ,J8o,0,0,0,100,false,frame_006.00.png
30,HJ,T8o,0,0,0,100,false,frame_006.00.png
30,HJ,98o,0,0,0,100,false,frame_006.00.png
30,HJ,88,0,100,0,0,false,frame_006.00.png
30,HJ,87s,0,100,0,0,false,frame_006.00.png
30,HJ,86s,0,0,0,100,false,frame_006.00.png
30,HJ,85s,0,0,0,100,false,frame_006.00.png
30,HJ,84s,0,0,0,100,false,frame_006.00.png
30,HJ,83s,0,0,0,100,false,frame_006.00.png
30,HJ,82s,0,0,0,100,false,frame_006.00.png
30,HJ,A7o,0,0,0,100,false,frame_006.00.png
30,HJ,K7o,0,0,0,100,false,frame_006.00.png
30,HJ,Q7o,0,0,0,100,false,frame_006.00.png
30,HJ,J7o,0,0,0,100,false,frame_006.00.png
30,HJ,T7o,0,0,0,100,false,frame_006.00.png
30,HJ,97o,0,0,0,100,false,frame_006.00.png
30,HJ,87o,0,0,0,100,false,frame_006.00.png
30,HJ,77,0,100,0,0,false,frame_006.00.png
30,HJ,76s,2,98,0,0,false,frame_006.00.png
30,HJ,75s,0,0,0,100,false,frame_006.00.png
30,HJ,74s,0,0,0,100,false,frame_006.00.png
30,HJ,73s,0,0,0,100,false,frame_006.00.png
30,HJ,72s,0,0,0,100,false,frame_006.00.png
30,HJ,A6o,0,0,0,100,false,frame_006.00.png
30,HJ,K6o,0,0,0,100,false,frame_006.00.png
30,HJ,Q6o,0,0,0,100,false,frame_006.00.png
30,HJ,J6o,0,0,0,100,false,frame_006.00.png
30,HJ,T6o,0,0,0,100,false,frame_006.00.png
30,HJ,96o,0,0,0,100,false,frame_006.00.png
30,HJ,86o,0,0,0,100,false,frame_006.00.png
30,HJ,76o,0,0,0,100,false,frame_006.00.png
30,HJ,66,2,98,0,0,false,frame_006.00.png
30,HJ,65s,2,98,0,0,false,frame_006.00.png
30,HJ,64s,0,0,0,100,false,frame_006.00.png
30,HJ,63s,0,0,0,100,false,frame_006.00.png
30,HJ,62s,0,0,0,100,false,frame_006.00.png
30,HJ,A5o,0,0,0,100,false,frame_006.00.png
30,HJ,K5o,0,0,0,100,false,frame_006.00.png
30,HJ,Q5o,0,0,0,100,false,frame_006.00.png
30,HJ,J5o,0,0,0,100,false,frame_006.00.png
30,HJ,T5o,0,0,0,100,false,frame_006.00.png
30,HJ,95o,0,0,0,100,false,frame_006.00.png
30,HJ,85o,0,0,0,100,false,frame_006.00.png
30,HJ,75o,0,0,0,100,false,frame_006.00.png
30,HJ,65o,0,0,0,100,false,frame_006.00.png
30,HJ,55,0,100,0,0,false,frame_006.00.png
30,HJ,54s,0,12,0,88,false,frame_006.00.png
30,HJ,53s,0,0,0,100,false,frame_006.00.png
30,HJ,52s,0,0,0,100,false,frame_006.00.png
30,HJ,A4o,0,0,0,100,false,frame_006.00.png
30,HJ,K4o,0,0,0,100,false,frame_006.00.png
30,HJ,Q4o,0,0,0,100,false,frame_006.00.png
30,HJ,J4o,0,0,0,100,false,frame_006.00.png
30,HJ,T4o,0,0,0,100,false,frame_006.00.png
30,HJ,94o,0,0,0,100,false,frame_006.00.png
30,HJ,84o,0,0,0,100,false,frame_006.00.png
30,HJ,74o,0,0,0,100,false,frame_006.00.png
30,HJ,64o,0,0,0,100,false,frame_006.00.png
30,HJ,54o,0,0,0,100,false,frame_006.00.png
30,HJ,44,0,100,0,0,false,frame_006.00.png
30,HJ,43s,0,0,0,100,false,frame_006.00.png
30,HJ,42s,0,0,0,100,false,frame_006.00.png
30,HJ,A3o,0,0,0,100,false,frame_006.00.png
30,HJ,K3o,0,0,0,100,false,frame_006.00.png
30,HJ,Q3o,0,0,0,100,false,frame_006.00.png
30,HJ,J3o,0,0,0,100,false,frame_006.00.png
30,HJ,T3o,0,0,0,100,false,frame_006.00.png
30,HJ,93o,0,0,0,100,false,frame_006.00.png
30,HJ,83o,0,0,0,100,false,frame_006.00.png
30,HJ,73o,0,0,0,100,false,frame_006.00.png
30,HJ,63o,0,0,0,100,false,frame_006.00.png
30,HJ,53o,0,0,0,100,false,frame_006.00.png
30,HJ,43o,0,0,0,100,false,frame_006.00.png
30,HJ,33,0,7,0,93,false,frame_006.00.png
30,HJ,32s,0,0,0,100,false,frame_006.00.png
30,HJ,A2o,0,0,0,100,false,frame_006.00.png
30,HJ,K2o,0,0,0,100,false,frame_006.00.png
30,HJ,Q2o,0,0,0,100,false,frame_006.00.png
30,HJ,J2o,0,0,0,100,false,frame_006.00.png
30,HJ,T2o,0,0,0,100,false,frame_006.00.png
30,HJ,92o,0,0,0,100,false,frame_006.00.png
30,HJ,82o,0,0,0,100,false,frame_006.00.png
30,HJ,72o,0,0,0,100,false,frame_006.00.png
30,HJ,62o,0,0,0,100,false,frame_006.00.png
30,HJ,52o,0,0,0,100,false,frame_006.00.png
30,HJ,42o,0,0,0,100,false,frame_006.00.png
30,HJ,32o,0,0,0,100,false,frame_006.00.png
30,HJ,22,0,0,0,100,false,frame_006.00.png
30,CO,AA,3,97,0,0,false,frame_010.00.png
30,CO,AKs,3,97,0,0,false,frame_010.00.png
30,CO,AQs,3,97,0,0,false,frame_010.00.png
30,CO,AJs,2,98,0,0,false,frame_010.00.png
30,CO,ATs,2,98,0,0,false,frame_010.00.png
30,CO,A9s,3,97,0,0,false,frame_010.00.png
30,CO,A8s,2,98,0,0,false,frame_010.00.png
30,CO,A7s,2,98,0,0,false,frame_010.00.png
30,CO,A6s,3,97,0,0,false,frame_010.00.png
30,CO,A5s,2,98,0,0,false,frame_010.00.png
30,CO,A4s,2,98,0,0,false,frame_010.00.png
30,CO,A3s,2,98,0,0,false,frame_010.00.png
30,CO,A2s,2,98,0,0,false,frame_010.00.png
30,CO,AKo,3,97,0,0,false,frame_010.00.png
30,CO,KK,0,100,0,0,false,frame_010.00.png
30,CO,KQs,3,97,0,0,false,frame_010.00.png
30,CO,KJs,2,98,0,0,false,frame_010.00.png
30,CO,KTs,2,98,0,0,false,frame_010.00.png
30,CO,K9s,3,97,0,0,false,frame_010.00.png
30,CO,K8s,3,97,0,0,false,frame_010.00.png
30,CO,K7s,2,98,0,0,false,frame_010.00.png
30,CO,K6s,3,97,0,0,false,frame_010.00.png
30,CO,K5s,2,98,0,0,false,frame_010.00.png
30,CO,K4s,3,97,0,0,false,frame_010.00.png
30,CO,K3s,3,97,0,0,false,frame_010.00.png
30,CO,K2s,2,59,0,39,true,frame_010.00.png
30,CO,AQo,4,96,0,0,false,frame_010.00.png
30,CO,KQo,3,97,0,0,false,frame_010.00.png
30,CO,QQ,3,97,0,0,false,frame_010.00.png
30,CO,QJs,2,98,0,0,false,frame_010.00.png
30,CO,QTs,2,98,0,0,false,frame_010.00.png
30,CO,Q9s,4,96,0,0,false,frame_010.00.png
30,CO,Q8s,3,97,0,0,false,frame_010.00.png
30,CO,Q7s,2,98,0,0,false,frame_010.00.png
30,CO,Q6s,3,97,0,0,false,frame_010.00.png
30,CO,Q5s,3,97,0,0,false,frame_010.00.png
30,CO,Q4s,2,98,0,0,false,frame_010.00.png
30,CO,Q3s,0,0,0,100,false,frame_010.00.png
30,CO,Q2s,0,0,0,100,false,frame_010.00.png
30,CO,AJo,3,97,0,0,false,frame_010.00.png
30,CO,KJo,2,98,0,0,false,frame_010.00.png
30,CO,QJo,3,97,0,0,false,frame_010.00.png
30,CO,JJ,0,100,0,0,false,frame_010.00.png
30,CO,JTs,0,100,0,0,false,frame_010.00.png
30,CO,J9s,2,98,0,0,false,frame_010.00.png
30,CO,J8s,2,98,0,0,false,frame_010.00.png
30,CO,J7s,0,100,0,0,false,frame_010.00.png
30,CO,J6s,3,97,0,0,false,frame_010.00.png
30,CO,J5s,0,0,0,100,false,frame_010.00.png
30,CO,J4s,0,0,0,100,false,frame_010.00.png
30,CO,J3s,0,0,0,100,false,frame_010.00.png
30,CO,J2s,0,0,0,100,false,frame_010.00.png
30,CO,ATo,3,97,0,0,false,frame_010.00.png
30,CO,KTo,2,98,0,0,false,frame_010.00.png
30,CO,QTo,3,97,0,0,false,frame_010.00.png
30,CO,JTo,0,100,0,0,false,frame_010.00.png
30,CO,TT,0,100,0,0,false,frame_010.00.png
30,CO,T9s,3,97,0,0,false,frame_010.00.png
30,CO,T8s,2,98,0,0,false,frame_010.00.png
30,CO,T7s,0,100,0,0,false,frame_010.00.png
30,CO,T6s,0,0,0,100,false,frame_010.00.png
30,CO,T5s,0,0,0,100,false,frame_010.00.png
30,CO,T4s,0,0,0,100,false,frame_010.00.png
30,CO,T3s,0,0,0,100,false,frame_010.00.png
30,CO,T2s,0,0,0,100,false,frame_010.00.png
30,CO,A9o,3,97,0,0,false,frame_010.00.png
30,CO,K9o,3,97,0,0,false,frame_010.00.png
30,CO,Q9o,3,97,0,0,false,frame_010.00.png
30,CO,J9o,2,98,0,0,false,frame_010.00.png
30,CO,T9o,2,76,0,22,false,frame_010.00.png
30,CO,99,2,98,0,0,false,frame_010.00.png
30,CO,98s,2,98,0,0,false,frame_010.00.png
30,CO,97s,0,100,0,0,false,frame_010.00.png
30,CO,96s,0,0,0,100,false,frame_010.00.png
30,CO,95s,0,0,0,100,false,frame_010.00.png
30,CO,94s,0,0,0,100,false,frame_010.00.png
30,CO,93s,0,0,0,100,false,frame_010.00.png
30,CO,92s,0,0,0,100,false,frame_010.00.png
30,CO,A8o,4,96,0,0,false,frame_010.00.png
30,CO,K8o,0,0,0,100,false,frame_010.00.png
30,CO,Q8o,0,0,0,100,false,frame_010.00.png
30,CO,J8o,0,0,0,100,false,frame_010.00.png
30,CO,T8o,0,0,0,100,false,frame_010.00.png
30,CO,98o,0,0,0,100,false,frame_010.00.png
30,CO,88,0,100,0,0,false,frame_010.00.png
30,CO,87s,0,100,0,0,false,frame_010.00.png
30,CO,86s,3,97,0,0,false,frame_010.00.png
30,CO,85s,0,0,0,100,false,frame_010.00.png
30,CO,84s,0,0,0,100,false,frame_010.00.png
30,CO,83s,0,0,0,100,false,frame_010.00.png
30,CO,82s,0,0,0,100,false,frame_010.00.png
30,CO,A7o,3,97,0,0,false,frame_010.00.png
30,CO,K7o,0,0,0,100,false,frame_010.00.png
30,CO,Q7o,0,0,0,100,false,frame_010.00.png
30,CO,J7o,0,0,0,100,false,frame_010.00.png
30,CO,T7o,0,0,0,100,false,frame_010.00.png
30,CO,97o,0,0,0,100,false,frame_010.00.png
30,CO,87o,0,0,0,100,false,frame_010.00.png
30,CO,77,0,100,0,0,false,frame_010.00.png
30,CO,76s,2,98,0,0,false,frame_010.00.png
30,CO,75s,0,54,0,46,true,frame_010.00.png
30,CO,74s,0,0,0,100,false,frame_010.00.png
30,CO,73s,0,0,0,100,false,frame_010.00.png
30,CO,72s,0,0,0,100,false,frame_010.00.png
30,CO,A6o,3,97,0,0,false,frame_010.00.png
30,CO,K6o,0,0,0,100,false,frame_010.00.png
30,CO,Q6o,0,0,0,100,false,frame_010.00.png
30,CO,J6o,0,0,0,100,false,frame_010.00.png
30,CO,T6o,0,0,0,100,false,frame_010.00.png
30,CO,96o,0,0,0,100,false,frame_010.00.png
30,CO,86o,0,0,0,100,false,frame_010.00.png
30,CO,76o,0,0,0,100,false,frame_010.00.png
30,CO,66,2,98,0,0,false,frame_010.00.png
30,CO,65s,2,98,0,0,false,frame_010.00.png
30,CO,64s,0,0,0,100,false,frame_010.00.png
30,CO,63s,0,0,0,100,false,frame_010.00.png
30,CO,62s,0,0,0,100,false,frame_010.00.png
30,CO,A5o,3,97,0,0,false,frame_010.00.png
30,CO,K5o,0,0,0,100,false,frame_010.00.png
30,CO,Q5o,0,0,0,100,false,frame_010.00.png
30,CO,J5o,0,0,0,100,false,frame_010.00.png
30,CO,T5o,0,0,0,100,false,frame_010.00.png
30,CO,95o,0,0,0,100,false,frame_010.00.png
30,CO,85o,0,0,0,100,false,frame_010.00.png
30,CO,75o,0,0,0,100,false,frame_010.00.png
30,CO,65o,0,0,0,100,false,frame_010.00.png
30,CO,55,0,100,0,0,false,frame_010.00.png
30,CO,54s,2,98,0,0,false,frame_010.00.png
30,CO,53s,0,0,0,100,false,frame_010.00.png
30,CO,52s,0,0,0,100,false,frame_010.00.png
30,CO,A4o,0,0,0,100,false,frame_010.00.png
30,CO,K4o,0,0,0,100,false,frame_010.00.png
30,CO,Q4o,0,0,0,100,false,frame_010.00.png
30,CO,J4o,0,0,0,100,false,frame_010.00.png
30,CO,T4o,0,0,0,100,false,frame_010.00.png
30,CO,94o,0,0,0,100,false,frame_010.00.png
30,CO,84o,0,0,0,100,false,frame_010.00.png
30,CO,74o,0,0,0,100,false,frame_010.00.png
30,CO,64o,0,0,0,100,false,frame_010.00.png
30,CO,54o,0,0,0,100,false,frame_010.00.png
30,CO,44,0,100,0,0,false,frame_010.00.png
30,CO,43s,0,0,0,100,false,frame_010.00.png
30,CO,42s,0,0,0,100,false,frame_010.00.png
30,CO,A3o,0,0,0,100,false,frame_010.00.png
30,CO,K3o,0,0,0,100,false,frame_010.00.png
30,CO,Q3o,0,0,0,100,false,frame_010.00.png
30,CO,J3o,0,0,0,100,false,frame_010.00.png
30,CO,T3o,0,0,0,100,false,frame_010.00.png
30,CO,93o,0,0,0,100,false,frame_010.00.png
30,CO,83o,0,0,0,100,false,frame_010.00.png
30,CO,73o,0,0,0,100,false,frame_010.00.png
30,CO,63o,0,0,0,100,false,frame_010.00.png
30,CO,53o,0,0,0,100,false,frame_010.00.png
30,CO,43o,0,0,0,100,false,frame_010.00.png
30,CO,33,0,100,0,0,false,frame_010.00.png
30,CO,32s,0,0,0,100,false,frame_010.00.png
30,CO,A2o,0,0,0,100,false,frame_010.00.png
30,CO,K2o,0,0,0,100,false,frame_010.00.png
30,CO,Q2o,0,0,0,100,false,frame_010.00.png
30,CO,J2o,0,0,0,100,false,frame_010.00.png
30,CO,T2o,0,0,0,100,false,frame_010.00.png
30,CO,92o,0,0,0,100,false,frame_010.00.png
30,CO,82o,0,0,0,100,false,frame_010.00.png
30,CO,72o,0,0,0,100,false,frame_010.00.png
30,CO,62o,0,0,0,100,false,frame_010.00.png
30,CO,52o,0,0,0,100,false,frame_010.00.png
30,CO,42o,0,0,0,100,false,frame_010.00.png
30,CO,32o,0,0,0,100,false,frame_010.00.png
30,CO,22,0,0,0,100,false,frame_010.00.png
30,BTN,AA,3,97,0,0,false,frame_012.00.png
30,BTN,AKs,3,97,0,0,false,frame_012.00.png
30,BTN,AQs,3,97,0,0,false,frame_012.00.png
30,BTN,AJs,2,98,0,0,false,frame_012.00.png
30,BTN,ATs,2,98,0,0,false,frame_012.00.png
30,BTN,A9s,3,97,0,0,false,frame_012.00.png
30,BTN,A8s,2,98,0,0,false,frame_012.00.png
30,BTN,A7s,2,98,0,0,false,frame_012.00.png
30,BTN,A6s,3,97,0,0,false,frame_012.00.png
30,BTN,A5s,2,98,0,0,false,frame_012.00.png
30,BTN,A4s,2,98,0,0,false,frame_012.00.png
30,BTN,A3s,3,97,0,0,false,frame_012.00.png
30,BTN,A2s,2,98,0,0,false,frame_012.00.png
30,BTN,AKo,3,97,0,0,false,frame_012.00.png
30,BTN,KK,0,100,0,0,false,frame_012.00.png
30,BTN,KQs,3,97,0,0,false,frame_012.00.png
30,BTN,KJs,2,98,0,0,false,frame_012.00.png
30,BTN,KTs,2,98,0,0,false,frame_012.00.png
30,BTN,K9s,3,97,0,0,false,frame_012.00.png
30,BTN,K8s,3,97,0,0,false,frame_012.00.png
30,BTN,K7s,0,100,0,0,false,frame_012.00.png
30,BTN,K6s,3,97,0,0,false,frame_012.00.png
30,BTN,K5s,2,98,0,0,false,frame_012.00.png
30,BTN,K4s,3,97,0,0,false,frame_012.00.png
30,BTN,K3s,100,0,0,0,false,frame_012.00.png
30,BTN,K2s,2,98,0,0,false,frame_012.00.png
30,BTN,AQo,4,96,0,0,false,frame_012.00.png
30,BTN,KQo,3,97,0,0,false,frame_012.00.png
30,BTN,QQ,3,97,0,0,false,frame_012.00.png
30,BTN,QJs,2,98,0,0,false,frame_012.00.png
30,BTN,QTs,2,98,0,0,false,frame_012.00.png
30,BTN,Q9s,4,96,0,0,false,frame_012.00.png
30,BTN,Q8s,3,97,0,0,false,frame_012.00.png
30,BTN,Q7s,2,98,0,0,false,frame_012.00.png
30,BTN,Q6s,3,97,0,0,false,frame_012.00.png
30,BTN,Q5s,2,98,0,0,false,frame_012.00.png
30,BTN,Q4s,2,98,0,0,false,frame_012.00.png
30,BTN,Q3s,3,97,0,0,false,frame_012.00.png
30,BTN,Q2s,2,98,0,0,false,frame_012.00.png
30,BTN,AJo,3,97,0,0,false,frame_012.00.png
30,BTN,KJo,2,98,0,0,false,frame_012.00.png
30,BTN,QJo,3,97,0,0,false,frame_012.00.png
30,BTN,JJ,0,100,0,0,false,frame_012.00.png
30,BTN,JTs,0,100,0,0,false,frame_012.00.png
30,BTN,J9s,2,98,0,0,false,frame_012.00.png
30,BTN,J8s,2,98,0,0,false,frame_012.00.png
30,BTN,J7s,0,100,0,0,false,frame_012.00.png
30,BTN,J6s,3,97,0,0,false,frame_012.00.png
30,BTN,J5s,0,100,0,0,false,frame_012.00.png
30,BTN,J4s,0,100,0,0,false,frame_012.00.png
30,BTN,J3s,2,98,0,0,false,frame_012.00.png
30,BTN,J2s,0,0,0,100,false,frame_012.00.png
30,BTN,ATo,3,97,0,0,false,frame_012.00.png
30,BTN,KTo,2,98,0,0,false,frame_012.00.png
30,BTN,QTo,3,97,0,0,false,frame_012.00.png
30,BTN,JTo,0,100,0,0,false,frame_012.00.png
30,BTN,TT,0,100,0,0,false,frame_012.00.png
30,BTN,T9s,3,97,0,0,false,frame_012.00.png
30,BTN,T8s,2,98,0,0,false,frame_012.00.png
30,BTN,T7s,0,100,0,0,false,frame_012.00.png
30,BTN,T6s,3,97,0,0,false,frame_012.00.png
30,BTN,T5s,2,98,0,0,false,frame_012.00.png
30,BTN,T4s,0,100,0,0,false,frame_012.00.png
30,BTN,T3s,0,0,0,100,false,frame_012.00.png
30,BTN,T2s,0,0,0,100,false,frame_012.00.png
30,BTN,A9o,3,97,0,0,false,frame_012.00.png
30,BTN,K9o,3,97,0,0,false,frame_012.00.png
30,BTN,Q9o,3,97,0,0,false,frame_012.00.png
30,BTN,J9o,2,98,0,0,false,frame_012.00.png
30,BTN,T9o,2,98,0,0,false,frame_012.00.png
30,BTN,99,2,98,0,0,false,frame_012.00.png
30,BTN,98s,2,98,0,0,false,frame_012.00.png
30,BTN,97s,0,100,0,0,false,frame_012.00.png
30,BTN,96s,3,97,0,0,false,frame_012.00.png
30,BTN,95s,2,66,0,32,true,frame_012.00.png
30,BTN,94s,0,0,0,100,false,frame_012.00.png
30,BTN,93s,0,0,0,100,false,frame_012.00.png
30,BTN,92s,0,0,0,100,false,frame_012.00.png
30,BTN,A8o,3,97,0,0,false,frame_012.00.png
30,BTN,K8o,3,97,0,0,false,frame_012.00.png
30,BTN,Q8o,3,97,0,0,false,frame_012.00.png
30,BTN,J8o,2,98,0,0,false,frame_012.00.png
30,BTN,T8o,0,100,0,0,false,frame_012.00.png
30,BTN,98o,5,64,0,31,true,frame_012.00.png
30,BTN,88,0,100,0,0,false,frame_012.00.png
30,BTN,87s,0,100,0,0,false,frame_012.00.png
30,BTN,86s,3,97,0,0,false,frame_012.00.png
30,BTN,85s,2,98,0,0,false,frame_012.00.png
30,BTN,84s,0,0,0,100,false,frame_012.00.png
30,BTN,83s,0,0,0,100,false,frame_012.00.png
30,BTN,82s,0,0,0,100,false,frame_012.00.png
30,BTN,A7o,3,97,0,0,false,frame_012.00.png
30,BTN,K7o,2,98,0,0,false,frame_012.00.png
30,BTN,Q7o,0,0,0,100,false,frame_012.00.png
30,BTN,J7o,0,0,0,100,false,frame_012.00.png
30,BTN,T7o,0,0,0,100,false,frame_012.00.png
30,BTN,97o,0,0,0,100,false,frame_012.00.png
30,BTN,87o,0,0,0,100,false,frame_012.00.png
30,BTN,77,0,100,0,0,false,frame_012.00.png
30,BTN,76s,2,98,0,0,false,frame_012.00.png
30,BTN,75s,0,100,0,0,false,frame_012.00.png
30,BTN,74s,0,0,0,100,false,frame_012.00.png
30,BTN,73s,0,0,0,100,false,frame_012.00.png
30,BTN,72s,0,0,0,100,false,frame_012.00.png
30,BTN,A6o,3,97,0,0,false,frame_012.00.png
30,BTN,K6o,3,50,0,47,true,frame_012.00.png
30,BTN,Q6o,0,0,0,100,false,frame_012.00.png
30,BTN,J6o,0,0,0,100,false,frame_012.00.png
30,BTN,T6o,0,0,0,100,false,frame_012.00.png
30,BTN,96o,0,0,0,100,false,frame_012.00.png
30,BTN,86o,0,0,0,100,false,frame_012.00.png
30,BTN,76o,0,0,0,100,false,frame_012.00.png
30,BTN,66,2,98,0,0,false,frame_012.00.png
30,BTN,65s,2,98,0,0,false,frame_012.00.png
30,BTN,64s,2,98,0,0,false,frame_012.00.png
30,BTN,63s,0,0,0,100,false,frame_012.00.png
30,BTN,62s,0,0,0,100,false,frame_012.00.png
30,BTN,A5o,3,97,0,0,false,frame_012.00.png
30,BTN,K5o,0,0,0,100,false,frame_012.00.png
30,BTN,Q5o,0,0,0,100,false,frame_012.00.png
30,BTN,J5o,0,0,0,100,false,frame_012.00.png
30,BTN,T5o,0,0,0,100,false,frame_012.00.png
30,BTN,95o,0,0,0,100,false,frame_012.00.png
30,BTN,85o,0,0,0,100,false,frame_012.00.png
30,BTN,75o,0,0,0,100,false,frame_012.00.png
30,BTN,65o,0,0,0,100,false,frame_012.00.png
30,BTN,55,0,100,0,0,false,frame_012.00.png
30,BTN,54s,2,98,0,0,false,frame_012.00.png
30,BTN,53s,0,0,0,100,false,frame_012.00.png
30,BTN,52s,0,0,0,100,false,frame_012.00.png
30,BTN,A4o,3,97,0,0,false,frame_012.00.png
30,BTN,K4o,0,0,0,100,false,frame_012.00.png
30,BTN,Q4o,0,0,0,100,false,frame_012.00.png
30,BTN,J4o,0,0,0,100,false,frame_012.00.png
30,BTN,T4o,0,0,0,100,false,frame_012.00.png
30,BTN,94o,0,0,0,100,false,frame_012.00.png
30,BTN,84o,0,0,0,100,false,frame_012.00.png
30,BTN,74o,0,0,0,100,false,frame_012.00.png
30,BTN,64o,0,0,0,100,false,frame_012.00.png
30,BTN,54o,0,0,0,100,false,frame_012.00.png
30,BTN,44,0,100,0,0,false,frame_012.00.png
30,BTN,43s,0,0,0,100,false,frame_012.00.png
30,BTN,42s,0,0,0,100,false,frame_012.00.png
30,BTN,A3o,3,97,0,0,false,frame_012.00.png
30,BTN,K3o,0,0,0,100,false,frame_012.00.png
30,BTN,Q3o,0,0,0,100,false,frame_012.00.png
30,BTN,J3o,0,0,0,100,false,frame_012.00.png
30,BTN,T3o,0,0,0,100,false,frame_012.00.png
30,BTN,93o,0,0,0,100,false,frame_012.00.png
30,BTN,83o,0,0,0,100,false,frame_012.00.png
30,BTN,73o,0,0,0,100,false,frame_012.00.png
30,BTN,63o,0,0,0,100,false,frame_012.00.png
30,BTN,53o,0,0,0,100,false,frame_012.00.png
30,BTN,43o,0,0,0,100,false,frame_012.00.png
30,BTN,33,0,100,0,0,false,frame_012.00.png
30,BTN,32s,0,0,0,100,false,frame_012.00.png
30,BTN,A2o,3,97,0,0,false,frame_012.00.png
30,BTN,K2o,0,0,0,100,false,frame_012.00.png
30,BTN,Q2o,0,0,0,100,false,frame_012.00.png
30,BTN,J2o,0,0,0,100,false,frame_012.00.png
30,BTN,T2o,0,0,0,100,false,frame_012.00.png
30,BTN,92o,0,0,0,100,false,frame_012.00.png
30,BTN,82o,0,0,0,100,false,frame_012.00.png
30,BTN,72o,0,0,0,100,false,frame_012.00.png
30,BTN,62o,0,0,0,100,false,frame_012.00.png
30,BTN,52o,0,0,0,100,false,frame_012.00.png
30,BTN,42o,0,0,0,100,false,frame_012.00.png
30,BTN,32o,0,0,0,100,false,frame_012.00.png
30,BTN,22,0,7,0,93,false,frame_012.00.png
30,SB,AA,3,97,0,0,false,frame_015.00.png
30,SB,AKs,3,97,0,0,false,frame_015.00.png
30,SB,AQs,3,97,0,0,false,frame_015.00.png
30,SB,AJs,2,92,6,0,false,frame_015.00.png
30,SB,ATs,2,98,0,0,false,frame_015.00.png
30,SB,A9s,3,97,0,0,false,frame_015.00.png
30,SB,A8s,2,98,0,0,false,frame_015.00.png
30,SB,A7s,2,98,0,0,false,frame_015.00.png
30,SB,A6s,3,55,42,0,false,frame_015.00.png
30,SB,A5s,0,3,97,0,false,frame_015.00.png
30,SB,A4s,0,11,89,0,false,frame_015.00.png
30,SB,A3s,0,4,96,0,false,frame_015.00.png
30,SB,A2s,0,25,75,0,false,frame_015.00.png
30,SB,AKo,3,69,28,0,false,frame_015.00.png
30,SB,KK,0,100,0,0,false,frame_015.00.png
30,SB,KQs,3,97,0,0,false,frame_015.00.png
30,SB,KJs,2,44,54,0,false,frame_015.00.png
30,SB,KTs,2,48,50,0,false,frame_015.00.png
30,SB,K9s,0,0,100,0,false,frame_015.00.png
30,SB,K8s,2,31,67,0,false,frame_015.00.png
30,SB,K7s,0,19,81,0,false,frame_015.00.png
30,SB,K6s,0,18,82,0,false,frame_015.00.png
30,SB,K5s,0,0,100,0,false,frame_015.00.png
30,SB,K4s,0,0,100,0,false,frame_015.00.png
30,SB,K3s,0,0,100,0,false,frame_015.00.png
30,SB,K2s,0,0,100,0,false,frame_015.00.png
30,SB,AQo,0,20,80,0,false,frame_015.00.png
30,SB,KQo,3,76,21,0,false,frame_015.00.png
30,SB,QQ,3,97,0,0,false,frame_015.00.png
30,SB,QJs,0,7,93,0,false,frame_015.00.png
30,SB,QTs,0,27,73,0,false,frame_015.00.png
30,SB,Q9s,5,44,51,0,false,frame_015.00.png
30,SB,Q8s,0,12,88,0,false,frame_015.00.png
30,SB,Q7s,0,22,78,0,false,frame_015.00.png
30,SB,Q6s,0,0,100,0,false,frame_015.00.png
30,SB,Q5s,0,0,100,0,false,frame_015.00.png
30,SB,Q4s,0,0,100,0,false,frame_015.00.png
30,SB,Q3s,0,0,100,0,false,frame_015.00.png
30,SB,Q2s,0,0,100,0,false,frame_015.00.png
30,SB,AJo,0,0,100,0,false,frame_015.00.png
30,SB,KJo,2,70,28,0,false,frame_015.00.png
30,SB,QJo,3,76,21,0,false,frame_015.00.png
30,SB,JJ,0,88,12,0,false,frame_015.00.png
30,SB,JTs,0,66,34,0,false,frame_015.00.png
30,SB,J9s,2,38,60,0,false,frame_015.00.png
30,SB,J8s,2,57,41,0,false,frame_015.00.png
30,SB,J7s,0,8,92,0,false,frame_015.00.png
30,SB,J6s,0,0,100,0,false,frame_015.00.png
30,SB,J5s,0,0,100,0,false,frame_015.00.png
30,SB,J4s,0,0,100,0,false,frame_015.00.png
30,SB,J3s,0,16,84,0,false,frame_015.00.png
30,SB,J2s,0,0,100,0,false,frame_015.00.png
30,SB,ATo,0,13,87,0,false,frame_015.00.png
30,SB,KTo,2,53,45,0,false,frame_015.00.png
30,SB,QTo,3,46,51,0,false,frame_015.00.png
30,SB,JTo,0,36,64,0,false,frame_015.00.png
30,SB,TT,0,87,13,0,false,frame_015.00.png
30,SB,T9s,4,44,52,0,false,frame_015.00.png
30,SB,T8s,2,83,15,0,false,frame_015.00.png
30,SB,T7s,0,0,100,0,false,frame_015.00.png
30,SB,T6s,0,0,100,0,false,frame_015.00.png
30,SB,T5s,0,0,100,0,false,frame_015.00.png
30,SB,T4s,0,30,70,0,false,frame_015.00.png
30,SB,T3s,0,20,80,0,false,frame_015.00.png
30,SB,T2s,0,100,0,0,false,frame_015.00.png
30,SB,A9o,100,0,0,0,false,frame_015.00.png
30,SB,K9o,3,49,48,0,false,frame_015.00.png
30,SB,Q9o,4,39,57,0,false,frame_015.00.png
30,SB,J9o,0,37,63,0,false,frame_015.00.png
30,SB,T9o,0,34,66,0,false,frame_015.00.png
30,SB,99,2,56,42,0,false,frame_015.00.png
30,SB,98s,2,38,60,0,false,frame_015.00.png
30,SB,97s,0,30,70,0,false,frame_015.00.png
30,SB,96s,0,0,100,0,false,frame_015.00.png
30,SB,95s,0,6,94,0,false,frame_015.00.png
30,SB,94s,2,72,26,0,false,frame_015.00.png
30,SB,93s,2,17,81,0,false,frame_015.00.png
30,SB,92s,0,19,81,0,false,frame_015.00.png
30,SB,A8o,5,50,45,0,false,frame_015.00.png
30,SB,K8o,2,45,53,0,false,frame_015.00.png
30,SB,Q8o,4,35,61,0,false,frame_015.00.png
30,SB,J8o,0,25,75,0,false,frame_015.00.png
30,SB,T8o,0,25,75,0,false,frame_015.00.png
30,SB,98o,2,29,69,0,false,frame_015.00.png
30,SB,88,0,19,81,0,false,frame_015.00.png
30,SB,87s,2,98,0,0,false,frame_015.00.png
30,SB,86s,0,0,100,0,false,frame_015.00.png
30,SB,85s,2,42,56,0,false,frame_015.00.png
30,SB,84s,0,0,100,0,false,frame_015.00.png
30,SB,83s,2,25,73,0,false,frame_015.00.png
30,SB,82s,0,36,64,0,false,frame_015.00.png
30,SB,A7o,0,30,70,0,false,frame_015.00.png
30,SB,K7o,0,24,76,0,false,frame_015.00.png
30,SB,Q7o,2,25,73,0,false,frame_015.00.png
30,SB,J7o,0,57,43,0,false,frame_015.00.png
30,SB,T7o,0,70,30,0,false,frame_015.00.png
30,SB,97o,2,53,45,0,false,frame_015.00.png
30,SB,87o,0,12,88,0,false,frame_015.00.png
30,SB,77,0,36,64,0,false,frame_015.00.png
30,SB,76s,2,38,60,0,false,frame_015.00.png
30,SB,75s,0,63,37,0,false,frame_015.00.png
30,SB,74s,0,0,100,0,false,frame_015.00.png
30,SB,73s,2,51,47,0,false,frame_015.00.png
30,SB,72s,0,0,100,0,false,frame_015.00.png
30,SB,A6o,23,31,46,0,false,frame_015.00.png
30,SB,K6o,2,44,54,0,false,frame_015.00.png
30,SB,Q6o,3,47,50,0,false,frame_015.00.png
30,SB,J6o,0,27,73,0,false,frame_015.00.png
30,SB,T6o,0,29,71,0,false,frame_015.00.png
30,SB,96o,3,21,76,0,false,frame_015.00.png
30,SB,86o,3,44,53,0,false,frame_015.00.png
30,SB,76o,0,21,79,0,false,frame_015.00.png
30,SB,66,3,25,72,0,false,frame_015.00.png
30,SB,65s,2,79,19,0,false,frame_015.00.png
30,SB,64s,2,48,50,0,false,frame_015.00.png
30,SB,63s,0,0,100,0,false,frame_015.00.png
30,SB,62s,0,31,69,0,false,frame_015.00.png
30,SB,A5o,3,69,28,0,false,frame_015.00.png
30,SB,K5o,22,20,58,0,false,frame_015.00.png
30,SB,Q5o,5,70,25,0,false,frame_015.00.png
30,SB,J5o,0,32,68,0,false,frame_015.00.png
30,SB,T5o,0,0,100,0,false,frame_015.00.png
30,SB,95o,0,0,100,0,false,frame_015.00.png
30,SB,85o,0,0,100,0,false,frame_015.00.png
30,SB,75o,0,0,100,0,false,frame_015.00.png
30,SB,65o,0,21,79,0,false,frame_015.00.png
30,SB,55,0,27,73,0,false,frame_015.00.png
30,SB,54s,2,60,38,0,false,frame_015.00.png
30,SB,53s,0,25,75,0,false,frame_015.00.png
30,SB,52s,0,8,92,0,false,frame_015.00.png
30,SB,A4o,3,29,68,0,false,frame_015.00.png
30,SB,K4o,0,23,77,0,false,frame_015.00.png
30,SB,Q4o,0,15,85,0,false,frame_015.00.png
30,SB,J4o,0,0,100,0,false,frame_015.00.png
30,SB,T4o,0,0,100,0,false,frame_015.00.png
30,SB,94o,0,0,0,100,false,frame_015.00.png
30,SB,84o,0,0,0,100,false,frame_015.00.png
30,SB,74o,0,0,0,100,false,frame_015.00.png
30,SB,64o,0,0,100,0,false,frame_015.00.png
30,SB,54o,0,14,86,0,false,frame_015.00.png
30,SB,44,0,31,69,0,false,frame_015.00.png
30,SB,43s,0,0,100,0,false,frame_015.00.png
30,SB,42s,0,23,77,0,false,frame_015.00.png
30,SB,A3o,15,8,77,0,false,frame_015.00.png
30,SB,K3o,0,29,71,0,false,frame_015.00.png
30,SB,Q3o,0,0,100,0,false,frame_015.00.png
30,SB,J3o,0,0,100,0,false,frame_015.00.png
30,SB,T3o,0,0,74,26,false,frame_015.00.png
30,SB,93o,0,0,0,100,false,frame_015.00.png
30,SB,83o,0,0,0,100,false,frame_015.00.png
30,SB,73o,0,0,0,100,false,frame_015.00.png
30,SB,63o,0,0,0,100,false,frame_015.00.png
30,SB,53o,0,0,10,90,false,frame_015.00.png
30,SB,43o,0,0,0,100,false,frame_015.00.png
30,SB,33,77,0,23,0,false,frame_015.00.png
30,SB,32s,0,58,42,0,false,frame_015.00.png
30,SB,A2o,18,0,82,0,false,frame_015.00.png
30,SB,K2o,0,6,94,0,false,frame_015.00.png
30,SB,Q2o,0,0,100,0,false,frame_015.00.png
30,SB,J2o,0,0,100,0,false,frame_015.00.png
30,SB,T2o,0,0,0,100,false,frame_015.00.png
30,SB,92o,0,0,0,100,false,frame_015.00.png
30,SB,82o,0,0,0,100,false,frame_015.00.png
30,SB,72o,0,0,0,100,false,frame_015.00.png
30,SB,62o,0,0,0,100,false,frame_015.00.png
30,SB,52o,0,0,0,100,false,frame_015.00.png
30,SB,42o,0,0,0,100,false,frame_015.00.png
30,SB,32o,0,0,0,100,false,frame_015.00.png
30,SB,22,87,0,13,0,false,frame_015.00.png
40,UTG,AA,3,97,0,0,false,frame_000.00.png
40,UTG,AKs,3,97,0,0,false,frame_000.00.png
40,UTG,AQs,3,97,0,0,false,frame_000.00.png
40,UTG,AJs,2,98,0,0,false,frame_000.00.png
40,UTG,ATs,2,98,0,0,false,frame_000.00.png
40,UTG,A9s,3,97,0,0,false,frame_000.00.png
40,UTG,A8s,3,97,0,0,false,frame_000.00.png
40,UTG,A7s,2,98,0,0,false,frame_000.00.png
40,UTG,A6s,3,97,0,0,false,frame_000.00.png
40,UTG,A5s,2,98,0,0,false,frame_000.00.png
40,UTG,A4s,2,98,0,0,false,frame_000.00.png
40,UTG,A3s,2,98,0,0,false,frame_000.00.png
40,UTG,A2s,0,0,0,100,false,frame_000.00.png
40,UTG,AKo,3,97,0,0,false,frame_000.00.png
40,UTG,KK,0,100,0,0,false,frame_000.00.png
40,UTG,KQs,3,97,0,0,false,frame_000.00.png
40,UTG,KJs,2,98,0,0,false,frame_000.00.png
40,UTG,KTs,2,98,0,0,false,frame_000.00.png
40,UTG,K9s,3,97,0,0,false,frame_000.00.png
40,UTG,K8s,3,97,0,0,false,frame_000.00.png
40,UTG,K7s,0,0,0,100,false,frame_000.00.png
40,UTG,K6s,0,0,0,100,false,frame_000.00.png
40,UTG,K5s,0,0,0,100,false,frame_000.00.png
40,UTG,K4s,0,0,0,100,false,frame_000.00.png
40,UTG,K3s,0,0,0,100,false,frame_000.00.png
40,UTG,K2s,0,0,0,100,false,frame_000.00.png
40,UTG,AQo,4,96,0,0,false,frame_000.00.png
40,UTG,KQo,3,97,0,0,false,frame_000.00.png
40,UTG,QQ,3,97,0,0,false,frame_000.00.png
40,UTG,QJs,2,98,0,0,false,frame_000.00.png
40,UTG,QTs,2,98,0,0,false,frame_000.00.png
40,UTG,Q9s,3,97,0,0,false,frame_000.00.png
40,UTG,Q8s,0,0,0,100,false,frame_000.00.png
40,UTG,Q7s,0,0,0,100,false,frame_000.00.png
40,UTG,Q6s,0,0,0,100,false,frame_000.00.png
40,UTG,Q5s,0,0,0,100,false,frame_000.00.png
40,UTG,Q4s,0,0,0,100,false,frame_000.00.png
40,UTG,Q3s,0,0,0,100,false,frame_000.00.png
40,UTG,Q2s,0,0,0,100,false,frame_000.00.png
40,UTG,AJo,3,97,0,0,false,frame_000.00.png
40,UTG,KJo,2,81,0,17,false,frame_000.00.png
40,UTG,QJo,0,15,0,85,false,frame_000.00.png
40,UTG,JJ,0,100,0,0,false,frame_000.00.png
40,UTG,JTs,0,100,0,0,false,frame_000.00.png
40,UTG,J9s,2,98,0,0,false,frame_000.00.png
40,UTG,J8s,0,0,0,100,false,frame_000.00.png
40,UTG,J7s,0,0,0,100,false,frame_000.00.png
40,UTG,J6s,0,0,0,100,false,frame_000.00.png
40,UTG,J5s,0,0,0,100,false,frame_000.00.png
40,UTG,J4s,0,0,0,100,false,frame_000.00.png
40,UTG,J3s,0,0,0,100,false,frame_000.00.png
40,UTG,J2s,0,0,0,100,false,frame_000.00.png
40,UTG,ATo,2,98,0,0,false,frame_000.00.png
40,UTG,KTo,0,0,0,100,false,frame_000.00.png
40,UTG,QTo,0,0,0,100,false,frame_000.00.png
40,UTG,JTo,0,0,0,100,false,frame_000.00.png
40,UTG,TT,0,100,0,0,false,frame_000.00.png
40,UTG,T9s,3,97,0,0,false,frame_000.00.png
40,UTG,T8s,2,95,0,3,false,frame_000.00.png
40,UTG,T7s,0,0,0,100,false,frame_000.00.png
40,UTG,T6s,0,0,0,100,false,frame_000.00.png
40,UTG,T5s,0,0,0,100,false,frame_000.00.png
40,UTG,T4s,0,0,0,100,false,frame_000.00.png
40,UTG,T3s,0,0,0,100,false,frame_000.00.png
40,UTG,T2s,0,0,0,100,false,frame_000.00.png
40,UTG,A9o,0,0,0,100,false,frame_000.00.png
40,UTG,K9o,0,0,0,100,false,frame_000.00.png
40,UTG,Q9o,0,0,0,100,false,frame_000.00.png
40,UTG,J9o,0,0,0,100,false,frame_000.00.png
40,UTG,T9o,0,0,0,100,false,frame_000.00.png
40,UTG,99,2,98,0,0,false,frame_000.00.png
40,UTG,98s,2,49,0,49,true,frame_000.00.png
40,UTG,97s,0,0,0,100,false,frame_000.00.png
40,UTG,96s,0,0,0,100,false,frame_000.00.png
40,UTG,95s,0,0,0,100,false,frame_000.00.png
40,UTG,94s,0,0,0,100,false,frame_000.00.png
40,UTG,93s,0,0,0,100,false,frame_000.00.png
40,UTG,92s,0,0,0,100,false,frame_000.00.png
40,UTG,A8o,0,0,0,100,false,frame_000.00.png
40,UTG,K8o,0,0,0,100,false,frame_000.00.png
40,UTG,Q8o,0,0,0,100,false,frame_000.00.png
40,UTG,J8o,0,0,0,100,false,frame_000.00.png
40,UTG,T8o,0,0,0,100,false,frame_000.00.png
40,UTG,98o,0,0,0,100,false,frame_000.00.png
40,UTG,88,0,100,0,0,false,frame_000.00.png
40,UTG,87s,0,13,0,87,false,frame_000.00.png
40,UTG,86s,0,0,0,100,false,frame_000.00.png
40,UTG,85s,0,0,0,100,false,frame_000.00.png
40,UTG,84s,0,0,0,100,false,frame_000.00.png
40,UTG,83s,0,0,0,100,false,frame_000.00.png
40,UTG,82s,0,0,0,100,false,frame_000.00.png
40,UTG,A7o,0,0,0,100,false,frame_000.00.png
40,UTG,K7o,0,0,0,100,false,frame_000.00.png
40,UTG,Q7o,0,0,0,100,false,frame_000.00.png
40,UTG,J7o,0,0,0,100,false,frame_000.00.png
40,UTG,T7o,0,0,0,100,false,frame_000.00.png
40,UTG,97o,0,0,0,100,false,frame_000.00.png
40,UTG,87o,0,0,0,100,false,frame_000.00.png
40,UTG,77,0,100,0,0,false,frame_000.00.png
40,UTG,76s,3,32,0,65,true,frame_000.00.png
40,UTG,75s,0,0,0,100,false,frame_000.00.png
40,UTG,74s,0,0,0,100,false,frame_000.00.png
40,UTG,73s,0,0,0,100,false,frame_000.00.png
40,UTG,72s,0,0,0,100,false,frame_000.00.png
40,UTG,A6o,0,0,0,100,false,frame_000.00.png
40,UTG,K6o,0,0,0,100,false,frame_000.00.png
40,UTG,Q6o,0,0,0,100,false,frame_000.00.png
40,UTG,J6o,0,0,0,100,false,frame_000.00.png
40,UTG,T6o,0,0,0,100,false,frame_000.00.png
40,UTG,96o,0,0,0,100,false,frame_000.00.png
40,UTG,86o,0,0,0,100,false,frame_000.00.png
40,UTG,76o,0,0,0,100,false,frame_000.00.png
40,UTG,66,2,98,0,0,false,frame_000.00.png
40,UTG,65s,2,72,0,26,false,frame_000.00.png
40,UTG,64s,0,0,0,100,false,frame_000.00.png
40,UTG,63s,0,0,0,100,false,frame_000.00.png
40,UTG,62s,0,0,0,100,false,frame_000.00.png
40,UTG,A5o,0,0,0,100,false,frame_000.00.png
40,UTG,K5o,0,0,0,100,false,frame_000.00.png
40,UTG,Q5o,0,0,0,100,false,frame_000.00.png
40,UTG,J5o,0,0,0,100,false,frame_000.00.png
40,UTG,T5o,0,0,0,100,false,frame_000.00.png
40,UTG,95o,0,0,0,100,false,frame_000.00.png
40,UTG,85o,0,0,0,100,false,frame_000.00.png
40,UTG,75o,0,0,0,100,false,frame_000.00.png
40,UTG,65o,0,0,0,100,false,frame_000.00.png
40,UTG,55,0,100,0,0,false,frame_000.00.png
40,UTG,54s,0,0,0,100,false,frame_000.00.png
40,UTG,53s,0,0,0,100,false,frame_000.00.png
40,UTG,52s,0,0,0,100,false,frame_000.00.png
40,UTG,A4o,0,0,0,100,false,frame_000.00.png
40,UTG,K4o,0,0,0,100,false,frame_000.00.png
40,UTG,Q4o,0,0,0,100,false,frame_000.00.png
40,UTG,J4o,0,0,0,100,false,frame_000.00.png
40,UTG,T4o,0,0,0,100,false,frame_000.00.png
40,UTG,94o,0,0,0,100,false,frame_000.00.png
40,UTG,84o,0,0,0,100,false,frame_000.00.png
40,UTG,74o,0,0,0,100,false,frame_000.00.png
40,UTG,64o,0,0,0,100,false,frame_000.00.png
40,UTG,54o,0,0,0,100,false,frame_000.00.png
40,UTG,44,0,37,0,63,true,frame_000.00.png
40,UTG,43s,0,0,0,100,false,frame_000.00.png
40,UTG,42s,0,0,0,100,false,frame_000.00.png
40,UTG,A3o,0,0,0,100,false,frame_000.00.png
40,UTG,K3o,0,0,0,100,false,frame_000.00.png
40,UTG,Q3o,0,0,0,100,false,frame_000.00.png
40,UTG,J3o,0,0,0,100,false,frame_000.00.png
40,UTG,T3o,0,0,0,100,false,frame_000.00.png
40,UTG,93o,0,0,0,100,false,frame_000.00.png
40,UTG,83o,0,0,0,100,false,frame_000.00.png
40,UTG,73o,0,0,0,100,false,frame_000.00.png
40,UTG,63o,0,0,0,100,false,frame_000.00.png
40,UTG,53o,0,0,0,100,false,frame_000.00.png
40,UTG,43o,0,0,0,100,false,frame_000.00.png
40,UTG,33,0,0,0,100,false,frame_000.00.png
40,UTG,32s,0,0,0,100,false,frame_000.00.png
40,UTG,A2o,0,0,0,100,false,frame_000.00.png
40,UTG,K2o,0,0,0,100,false,frame_000.00.png
40,UTG,Q2o,0,0,0,100,false,frame_000.00.png
40,UTG,J2o,0,0,0,100,false,frame_000.00.png
40,UTG,T2o,0,0,0,100,false,frame_000.00.png
40,UTG,92o,0,0,0,100,false,frame_000.00.png
40,UTG,82o,0,0,0,100,false,frame_000.00.png
40,UTG,72o,0,0,0,100,false,frame_000.00.png
40,UTG,62o,0,0,0,100,false,frame_000.00.png
40,UTG,52o,0,0,0,100,false,frame_000.00.png
40,UTG,42o,0,0,0,100,false,frame_000.00.png
40,UTG,32o,0,0,0,100,false,frame_000.00.png
40,UTG,22,0,0,0,100,false,frame_000.00.png
40,UTG1,AA,3,97,0,0,false,frame_002.00.png
40,UTG1,AKs,3,97,0,0,false,frame_002.00.png
40,UTG1,AQs,3,97,0,0,false,frame_002.00.png
40,UTG1,AJs,2,98,0,0,false,frame_002.00.png
40,UTG1,ATs,2,98,0,0,false,frame_002.00.png
40,UTG1,A9s,3,97,0,0,false,frame_002.00.png
40,UTG1,A8s,2,98,0,0,false,frame_002.00.png
40,UTG1,A7s,2,98,0,0,false,frame_002.00.png
40,UTG1,A6s,3,97,0,0,false,frame_002.00.png
40,UTG1,A5s,2,98,0,0,false,frame_002.00.png
40,UTG1,A4s,2,98,0,0,false,frame_002.00.png
40,UTG1,A3s,2,98,0,0,false,frame_002.00.png
40,UTG1,A2s,0,0,0,100,false,frame_002.00.png
40,UTG1,AKo,3,97,0,0,false,frame_002.00.png
40,UTG1,KK,0,100,0,0,false,frame_002.00.png
40,UTG1,KQs,3,97,0,0,false,frame_002.00.png
40,UTG1,KJs,2,98,0,0,false,frame_002.00.png
40,UTG1,KTs,2,98,0,0,false,frame_002.00.png
40,UTG1,K9s,3,97,0,0,false,frame_002.00.png
40,UTG1,K8s,3,97,0,0,false,frame_002.00.png
40,UTG1,K7s,0,0,0,100,false,frame_002.00.png
40,UTG1,K6s,0,0,0,100,false,frame_002.00.png
40,UTG1,K5s,0,0,0,100,false,frame_002.00.png
40,UTG1,K4s,0,0,0,100,false,frame_002.00.png
40,UTG1,K3s,0,0,0,100,false,frame_002.00.png
40,UTG1,K2s,0,0,0,100,false,frame_002.00.png
40,UTG1,AQo,4,96,0,0,false,frame_002.00.png
40,UTG1,KQo,3,97,0,0,false,frame_002.00.png
40,UTG1,QQ,3,97,0,0,false,frame_002.00.png
40,UTG1,QJs,2,98,0,0,false,frame_002.00.png
40,UTG1,QTs,2,98,0,0,false,frame_002.00.png
40,UTG1,Q9s,3,97,0,0,false,frame_002.00.png
40,UTG1,Q8s,0,0,0,100,false,frame_002.00.png
40,UTG1,Q7s,0,0,0,100,false,frame_002.00.png
40,UTG1,Q6s,0,0,0,100,false,frame_002.00.png
40,UTG1,Q5s,0,0,0,100,false,frame_002.00.png
40,UTG1,Q4s,0,0,0,100,false,frame_002.00.png
40,UTG1,Q3s,0,0,0,100,false,frame_002.00.png
40,UTG1,Q2s,0,0,0,100,false,frame_002.00.png
40,UTG1,AJo,3,97,0,0,false,frame_002.00.png
40,UTG1,KJo,2,81,0,17,false,frame_002.00.png
40,UTG1,QJo,0,15,0,85,false,frame_002.00.png
40,UTG1,JJ,0,100,0,0,false,frame_002.00.png
40,UTG1,JTs,0,100,0,0,false,frame_002.00.png
40,UTG1,J9s,2,98,0,0,false,frame_002.00.png
40,UTG1,J8s,0,0,0,100,false,frame_002.00.png
40,UTG1,J7s,0,0,0,100,false,frame_002.00.png
40,UTG1,J6s,0,0,0,100,false,frame_002.00.png
40,UTG1,J5s,0,0,0,100,false,frame_002.00.png
40,UTG1,J4s,0,0,0,100,false,frame_002.00.png
40,UTG1,J3s,0,0,0,100,false,frame_002.00.png
40,UTG1,J2s,0,0,0,100,false,frame_002.00.png
40,UTG1,ATo,2,98,0,0,false,frame_002.00.png
40,UTG1,KTo,0,0,0,100,false,frame_002.00.png
40,UTG1,QTo,0,0,0,100,false,frame_002.00.png
40,UTG1,JTo,0,0,0,100,false,frame_002.00.png
40,UTG1,TT,0,100,0,0,false,frame_002.00.png
40,UTG1,T9s,3,97,0,0,false,frame_002.00.png
40,UTG1,T8s,2,95,0,3,false,frame_002.00.png
40,UTG1,T7s,0,0,0,100,false,frame_002.00.png
40,UTG1,T6s,0,0,0,100,false,frame_002.00.png
40,UTG1,T5s,0,0,0,100,false,frame_002.00.png
40,UTG1,T4s,0,0,0,100,false,frame_002.00.png
40,UTG1,T3s,0,0,0,100,false,frame_002.00.png
40,UTG1,T2s,0,0,0,100,false,frame_002.00.png
40,UTG1,A9o,0,0,0,100,false,frame_002.00.png
40,UTG1,K9o,0,0,0,100,false,frame_002.00.png
40,UTG1,Q9o,0,0,0,100,false,frame_002.00.png
40,UTG1,J9o,0,0,0,100,false,frame_002.00.png
40,UTG1,T9o,0,0,0,100,false,frame_002.00.png
40,UTG1,99,2,98,0,0,false,frame_002.00.png
40,UTG1,98s,2,50,0,48,true,frame_002.00.png
40,UTG1,97s,0,0,0,100,false,frame_002.00.png
40,UTG1,96s,0,0,0,100,false,frame_002.00.png
40,UTG1,95s,0,0,0,100,false,frame_002.00.png
40,UTG1,94s,0,0,0,100,false,frame_002.00.png
40,UTG1,93s,0,0,0,100,false,frame_002.00.png
40,UTG1,92s,0,0,0,100,false,frame_002.00.png
40,UTG1,A8o,0,0,0,100,false,frame_002.00.png
40,UTG1,K8o,0,0,0,100,false,frame_002.00.png
40,UTG1,Q8o,0,0,0,100,false,frame_002.00.png
40,UTG1,J8o,0,0,0,100,false,frame_002.00.png
40,UTG1,T8o,0,0,0,100,false,frame_002.00.png
40,UTG1,98o,0,0,0,100,false,frame_002.00.png
40,UTG1,88,0,100,0,0,false,frame_002.00.png
40,UTG1,87s,0,13,0,87,false,frame_002.00.png
40,UTG1,86s,0,0,0,100,false,frame_002.00.png
40,UTG1,85s,0,0,0,100,false,frame_002.00.png
40,UTG1,84s,0,0,0,100,false,frame_002.00.png
40,UTG1,83s,0,0,0,100,false,frame_002.00.png
40,UTG1,82s,0,0,0,100,false,frame_002.00.png
40,UTG1,A7o,0,0,0,100,false,frame_002.00.png
40,UTG1,K7o,0,0,0,100,false,frame_002.00.png
40,UTG1,Q7o,0,0,0,100,false,frame_002.00.png
40,UTG1,J7o,0,0,0,100,false,frame_002.00.png
40,UTG1,T7o,0,0,0,100,false,frame_002.00.png
40,UTG1,97o,0,0,0,100,false,frame_002.00.png
40,UTG1,87o,0,0,0,100,false,frame_002.00.png
40,UTG1,77,0,100,0,0,false,frame_002.00.png
40,UTG1,76s,3,32,0,65,true,frame_002.00.png
40,UTG1,75s,0,0,0,100,false,frame_002.00.png
40,UTG1,74s,0,0,0,100,false,frame_002.00.png
40,UTG1,73s,0,0,0,100,false,frame_002.00.png
40,UTG1,72s,0,0,0,100,false,frame_002.00.png
40,UTG1,A6o,0,0,0,100,false,frame_002.00.png
40,UTG1,K6o,0,0,0,100,false,frame_002.00.png
40,UTG1,Q6o,0,0,0,100,false,frame_002.00.png
40,UTG1,J6o,0,0,0,100,false,frame_002.00.png
40,UTG1,T6o,0,0,0,100,false,frame_002.00.png
40,UTG1,96o,0,0,0,100,false,frame_002.00.png
40,UTG1,86o,0,0,0,100,false,frame_002.00.png
40,UTG1,76o,0,0,0,100,false,frame_002.00.png
40,UTG1,66,2,98,0,0,false,frame_002.00.png
40,UTG1,65s,2,72,0,26,false,frame_002.00.png
40,UTG1,64s,0,0,0,100,false,frame_002.00.png
40,UTG1,63s,0,0,0,100,false,frame_002.00.png
40,UTG1,62s,0,0,0,100,false,frame_002.00.png
40,UTG1,A5o,0,0,0,100,false,frame_002.00.png
40,UTG1,K5o,0,0,0,100,false,frame_002.00.png
40,UTG1,Q5o,0,0,0,100,false,frame_002.00.png
40,UTG1,J5o,0,0,0,100,false,frame_002.00.png
40,UTG1,T5o,0,0,0,100,false,frame_002.00.png
40,UTG1,95o,0,0,0,100,false,frame_002.00.png
40,UTG1,85o,0,0,0,100,false,frame_002.00.png
40,UTG1,75o,0,0,0,100,false,frame_002.00.png
40,UTG1,65o,0,0,0,100,false,frame_002.00.png
40,UTG1,55,0,100,0,0,false,frame_002.00.png
40,UTG1,54s,0,0,0,100,false,frame_002.00.png
40,UTG1,53s,0,0,0,100,false,frame_002.00.png
40,UTG1,52s,0,0,0,100,false,frame_002.00.png
40,UTG1,A4o,0,0,0,100,false,frame_002.00.png
40,UTG1,K4o,0,0,0,100,false,frame_002.00.png
40,UTG1,Q4o,0,0,0,100,false,frame_002.00.png
40,UTG1,J4o,0,0,0,100,false,frame_002.00.png
40,UTG1,T4o,0,0,0,100,false,frame_002.00.png
40,UTG1,94o,0,0,0,100,false,frame_002.00.png
40,UTG1,84o,0,0,0,100,false,frame_002.00.png
40,UTG1,74o,0,0,0,100,false,frame_002.00.png
40,UTG1,64o,0,0,0,100,false,frame_002.00.png
40,UTG1,54o,0,0,0,100,false,frame_002.00.png
40,UTG1,44,0,37,0,63,true,frame_002.00.png
40,UTG1,43s,0,0,0,100,false,frame_002.00.png
40,UTG1,42s,0,0,0,100,false,frame_002.00.png
40,UTG1,A3o,0,0,0,100,false,frame_002.00.png
40,UTG1,K3o,0,0,0,100,false,frame_002.00.png
40,UTG1,Q3o,0,0,0,100,false,frame_002.00.png
40,UTG1,J3o,0,0,0,100,false,frame_002.00.png
40,UTG1,T3o,0,0,0,100,false,frame_002.00.png
40,UTG1,93o,0,0,0,100,false,frame_002.00.png
40,UTG1,83o,0,0,0,100,false,frame_002.00.png
40,UTG1,73o,0,0,0,100,false,frame_002.00.png
40,UTG1,63o,0,0,0,100,false,frame_002.00.png
40,UTG1,53o,0,0,0,100,false,frame_002.00.png
40,UTG1,43o,0,0,0,100,false,frame_002.00.png
40,UTG1,33,0,0,0,100,false,frame_002.00.png
40,UTG1,32s,0,0,0,100,false,frame_002.00.png
40,UTG1,A2o,0,0,0,100,false,frame_002.00.png
40,UTG1,K2o,0,0,0,100,false,frame_002.00.png
40,UTG1,Q2o,0,0,0,100,false,frame_002.00.png
40,UTG1,J2o,0,0,0,100,false,frame_002.00.png
40,UTG1,T2o,0,0,0,100,false,frame_002.00.png
40,UTG1,92o,0,0,0,100,false,frame_002.00.png
40,UTG1,82o,0,0,0,100,false,frame_002.00.png
40,UTG1,72o,0,0,0,100,false,frame_002.00.png
40,UTG1,62o,0,0,0,100,false,frame_002.00.png
40,UTG1,52o,0,0,0,100,false,frame_002.00.png
40,UTG1,42o,0,0,0,100,false,frame_002.00.png
40,UTG1,32o,0,0,0,100,false,frame_002.00.png
40,UTG1,22,0,0,0,100,false,frame_002.00.png
40,LJ,AA,3,97,0,0,false,frame_003.00.png
40,LJ,AKs,3,97,0,0,false,frame_003.00.png
40,LJ,AQs,3,97,0,0,false,frame_003.00.png
40,LJ,AJs,2,98,0,0,false,frame_003.00.png
40,LJ,ATs,2,98,0,0,false,frame_003.00.png
40,LJ,A9s,3,97,0,0,false,frame_003.00.png
40,LJ,A8s,2,98,0,0,false,frame_003.00.png
40,LJ,A7s,2,98,0,0,false,frame_003.00.png
40,LJ,A6s,3,97,0,0,false,frame_003.00.png
40,LJ,A5s,2,98,0,0,false,frame_003.00.png
40,LJ,A4s,2,98,0,0,false,frame_003.00.png
40,LJ,A3s,2,98,0,0,false,frame_003.00.png
40,LJ,A2s,2,98,0,0,false,frame_003.00.png
40,LJ,AKo,3,97,0,0,false,frame_003.00.png
40,LJ,KK,0,100,0,0,false,frame_003.00.png
40,LJ,KQs,3,97,0,0,false,frame_003.00.png
40,LJ,KJs,2,98,0,0,false,frame_003.00.png
40,LJ,KTs,2,98,0,0,false,frame_003.00.png
40,LJ,K9s,3,97,0,0,false,frame_003.00.png
40,LJ,K8s,3,97,0,0,false,frame_003.00.png
40,LJ,K7s,0,82,0,18,false,frame_003.00.png
40,LJ,K6s,0,0,0,100,false,frame_003.00.png
40,LJ,K5s,0,0,0,100,false,frame_003.00.png
40,LJ,K4s,0,0,0,100,false,frame_003.00.png
40,LJ,K3s,0,0,0,100,false,frame_003.00.png
40,LJ,K2s,0,0,0,100,false,frame_003.00.png
40,LJ,AQo,4,96,0,0,false,frame_003.00.png
40,LJ,KQo,3,97,0,0,false,frame_003.00.png
40,LJ,QQ,3,97,0,0,false,frame_003.00.png
40,LJ,QJs,2,98,0,0,false,frame_003.00.png
40,LJ,QTs,2,98,0,0,false,frame_003.00.png
40,LJ,Q9s,4,96,0,0,false,frame_003.00.png
40,LJ,Q8s,0,0,0,100,false,frame_003.00.png
40,LJ,Q7s,0,0,0,100,false,frame_003.00.png
40,LJ,Q6s,0,0,0,100,false,frame_003.00.png
40,LJ,Q5s,0,0,0,100,false,frame_003.00.png
40,LJ,Q4s,0,0,0,100,false,frame_003.00.png
40,LJ,Q3s,0,0,0,100,false,frame_003.00.png
40,LJ,Q2s,0,0,0,100,false,frame_003.00.png
40,LJ,AJo,3,97,0,0,false,frame_003.00.png
40,LJ,KJo,2,98,0,0,false,frame_003.00.png
40,LJ,QJo,4,65,0,31,true,frame_003.00.png
40,LJ,JJ,0,100,0,0,false,frame_003.00.png
40,LJ,JTs,0,100,0,0,false,frame_003.00.png
40,LJ,J9s,2,98,0,0,false,frame_003.00.png
40,LJ,J8s,0,8,0,92,false,frame_003.00.png
40,LJ,J7s,0,0,0,100,false,frame_003.00.png
40,LJ,J6s,0,0,0,100,false,frame_003.00.png
40,LJ,J5s,0,0,0,100,false,frame_003.00.png
40,LJ,J4s,0,0,0,100,false,frame_003.00.png
40,LJ,J3s,0,0,0,100,false,frame_003.00.png
40,LJ,J2s,0,0,0,100,false,frame_003.00.png
40,LJ,ATo,2,98,0,0,false,frame_003.00.png
40,LJ,KTo,0,40,0,60,true,frame_003.00.png
40,LJ,QTo,0,0,0,100,false,frame_003.00.png
40,LJ,JTo,0,23,0,77,false,frame_003.00.png
40,LJ,TT,0,100,0,0,false,frame_003.00.png
40,LJ,T9s,3,97,0,0,false,frame_003.00.png
40,LJ,T8s,2,98,0,0,false,frame_003.00.png
40,LJ,T7s,0,0,0,100,false,frame_003.00.png
40,LJ,T6s,0,0,0,100,false,frame_003.00.png
40,LJ,T5s,0,0,0,100,false,frame_003.00.png
40,LJ,T4s,0,0,0,100,false,frame_003.00.png
40,LJ,T3s,0,0,0,100,false,frame_003.00.png
40,LJ,T2s,0,0,0,100,false,frame_003.00.png
40,LJ,A9o,0,0,0,100,false,frame_003.00.png
40,LJ,K9o,0,0,0,100,false,frame_003.00.png
40,LJ,Q9o,0,0,0,100,false,frame_003.00.png
40,LJ,J9o,0,0,0,100,false,frame_003.00.png
40,LJ,T9o,0,0,0,100,false,frame_003.00.png
40,LJ,99,2,98,0,0,false,frame_003.00.png
40,LJ,98s,2,98,0,0,false,frame_003.00.png
40,LJ,97s,0,0,0,100,false,frame_003.00.png
40,LJ,96s,0,0,0,100,false,frame_003.00.png
40,LJ,95s,0,0,0,100,false,frame_003.00.png
40,LJ,94s,0,0,0,100,false,frame_003.00.png
40,LJ,93s,0,0,0,100,false,frame_003.00.png
40,LJ,92s,0,0,0,100,false,frame_003.00.png
40,LJ,A8o,0,0,0,100,false,frame_003.00.png
40,LJ,K8o,0,0,0,100,false,frame_003.00.png
40,LJ,Q8o,0,0,0,100,false,frame_003.00.png
40,LJ,J8o,0,0,0,100,false,frame_003.00.png
40,LJ,T8o,0,0,0,100,false,frame_003.00.png
40,LJ,98o,0,0,0,100,false,frame_003.00.png
40,LJ,88,0,100,0,0,false,frame_003.00.png
40,LJ,87s,0,51,0,49,true,frame_003.00.png
40,LJ,86s,0,0,0,100,false,frame_003.00.png
40,LJ,85s,0,0,0,100,false,frame_003.00.png
40,LJ,84s,0,0,0,100,false,frame_003.00.png
40,LJ,83s,0,0,0,100,false,frame_003.00.png
40,LJ,82s,0,0,0,100,false,frame_003.00.png
40,LJ,A7o,0,0,0,100,false,frame_003.00.png
40,LJ,K7o,0,0,0,100,false,frame_003.00.png
40,LJ,Q7o,0,0,0,100,false,frame_003.00.png
40,LJ,J7o,0,0,0,100,false,frame_003.00.png
40,LJ,T7o,0,0,0,100,false,frame_003.00.png
40,LJ,97o,0,0,0,100,false,frame_003.00.png
40,LJ,87o,0,0,0,100,false,frame_003.00.png
40,LJ,77,0,100,0,0,false,frame_003.00.png
40,LJ,76s,2,60,0,38,true,frame_003.00.png
40,LJ,75s,0,0,0,100,false,frame_003.00.png
40,LJ,74s,0,0,0,100,false,frame_003.00.png
40,LJ,73s,0,0,0,100,false,frame_003.00.png
40,LJ,72s,0,0,0,100,false,frame_003.00.png
40,LJ,A6o,0,0,0,100,false,frame_003.00.png
40,LJ,K6o,0,0,0,100,false,frame_003.00.png
40,LJ,Q6o,0,0,0,100,false,frame_003.00.png
40,LJ,J6o,0,0,0,100,false,frame_003.00.png
40,LJ,T6o,0,0,0,100,false,frame_003.00.png
40,LJ,96o,0,0,0,100,false,frame_003.00.png
40,LJ,86o,0,0,0,100,false,frame_003.00.png
40,LJ,76o,0,0,0,100,false,frame_003.00.png
40,LJ,66,2,98,0,0,false,frame_003.00.png
40,LJ,65s,2,85,0,13,false,frame_003.00.png
40,LJ,64s,0,0,0,100,false,frame_003.00.png
40,LJ,63s,0,0,0,100,false,frame_003.00.png
40,LJ,62s,0,0,0,100,false,frame_003.00.png
40,LJ,A5o,0,0,0,100,false,frame_003.00.png
40,LJ,K5o,0,0,0,100,false,frame_003.00.png
40,LJ,Q5o,0,0,0,100,false,frame_003.00.png
40,LJ,J5o,0,0,0,100,false,frame_003.00.png
40,LJ,T5o,0,0,0,100,false,frame_003.00.png
40,LJ,95o,0,0,0,100,false,frame_003.00.png
40,LJ,85o,0,0,0,100,false,frame_003.00.png
40,LJ,75o,0,0,0,100,false,frame_003.00.png
40,LJ,65o,0,0,0,100,false,frame_003.00.png
40,LJ,55,0,100,0,0,false,frame_003.00.png
40,LJ,54s,0,11,0,89,false,frame_003.00.png
40,LJ,53s,0,0,0,100,false,frame_003.00.png
40,LJ,52s,0,0,0,100,false,frame_003.00.png
40,LJ,A4o,0,0,0,100,false,frame_003.00.png
40,LJ,K4o,0,0,0,100,false,frame_003.00.png
40,LJ,Q4o,0,0,0,100,false,frame_003.00.png
40,LJ,J4o,0,0,0,100,false,frame_003.00.png
40,LJ,T4o,0,0,0,100,false,frame_003.00.png
40,LJ,94o,0,0,0,100,false,frame_003.00.png
40,LJ,84o,0,0,0,100,false,frame_003.00.png
40,LJ,74o,0,0,0,100,false,frame_003.00.png
40,LJ,64o,0,0,0,100,false,frame_003.00.png
40,LJ,54o,0,0,0,100,false,frame_003.00.png
40,LJ,44,0,100,0,0,false,frame_003.00.png
40,LJ,43s,0,0,0,100,false,frame_003.00.png
40,LJ,42s,0,0,0,100,false,frame_003.00.png
40,LJ,A3o,0,0,0,100,false,frame_003.00.png
40,LJ,K3o,0,0,0,100,false,frame_003.00.png
40,LJ,Q3o,0,0,0,100,false,frame_003.00.png
40,LJ,J3o,0,0,0,100,false,frame_003.00.png
40,LJ,T3o,0,0,0,100,false,frame_003.00.png
40,LJ,93o,0,0,0,100,false,frame_003.00.png
40,LJ,83o,0,0,0,100,false,frame_003.00.png
40,LJ,73o,0,0,0,100,false,frame_003.00.png
40,LJ,63o,0,0,0,100,false,frame_003.00.png
40,LJ,53o,0,0,0,100,false,frame_003.00.png
40,LJ,43o,0,0,0,100,false,frame_003.00.png
40,LJ,33,0,0,0,100,false,frame_003.00.png
40,LJ,32s,0,0,0,100,false,frame_003.00.png
40,LJ,A2o,0,0,0,100,false,frame_003.00.png
40,LJ,K2o,0,0,0,100,false,frame_003.00.png
40,LJ,Q2o,0,0,0,100,false,frame_003.00.png
40,LJ,J2o,0,0,0,100,false,frame_003.00.png
40,LJ,T2o,0,0,0,100,false,frame_003.00.png
40,LJ,92o,0,0,0,100,false,frame_003.00.png
40,LJ,82o,0,0,0,100,false,frame_003.00.png
40,LJ,72o,0,0,0,100,false,frame_003.00.png
40,LJ,62o,0,0,0,100,false,frame_003.00.png
40,LJ,52o,0,0,0,100,false,frame_003.00.png
40,LJ,42o,0,0,0,100,false,frame_003.00.png
40,LJ,32o,0,0,0,100,false,frame_003.00.png
40,LJ,22,0,0,0,100,false,frame_003.00.png
40,HJ,AA,3,97,0,0,false,frame_005.00.png
40,HJ,AKs,3,97,0,0,false,frame_005.00.png
40,HJ,AQs,3,97,0,0,false,frame_005.00.png
40,HJ,AJs,2,98,0,0,false,frame_005.00.png
40,HJ,ATs,2,98,0,0,false,frame_005.00.png
40,HJ,A9s,3,97,0,0,false,frame_005.00.png
40,HJ,A8s,2,98,0,0,false,frame_005.00.png
40,HJ,A7s,2,98,0,0,false,frame_005.00.png
40,HJ,A6s,3,97,0,0,false,frame_005.00.png
40,HJ,A5s,2,98,0,0,false,frame_005.00.png
40,HJ,A4s,2,98,0,0,false,frame_005.00.png
40,HJ,A3s,2,98,0,0,false,frame_005.00.png
40,HJ,A2s,2,98,0,0,false,frame_005.00.png
40,HJ,AKo,3,97,0,0,false,frame_005.00.png
40,HJ,KK,0,100,0,0,false,frame_005.00.png
40,HJ,KQs,3,97,0,0,false,frame_005.00.png
40,HJ,KJs,2,98,0,0,false,frame_005.00.png
40,HJ,KTs,2,98,0,0,false,frame_005.00.png
40,HJ,K9s,3,97,0,0,false,frame_005.00.png
40,HJ,K8s,3,97,0,0,false,frame_005.00.png
40,HJ,K7s,2,98,0,0,false,frame_005.00.png
40,HJ,K6s,3,97,0,0,false,frame_005.00.png
40,HJ,K5s,0,24,0,76,false,frame_005.00.png
40,HJ,K4s,0,0,0,100,false,frame_005.00.png
40,HJ,K3s,0,0,0,100,false,frame_005.00.png
40,HJ,K2s,0,0,0,100,false,frame_005.00.png
40,HJ,AQo,4,96,0,0,false,frame_005.00.png
40,HJ,KQo,3,97,0,0,false,frame_005.00.png
40,HJ,QQ,3,97,0,0,false,frame_005.00.png
40,HJ,QJs,2,98,0,0,false,frame_005.00.png
40,HJ,QTs,2,98,0,0,false,frame_005.00.png
40,HJ,Q9s,4,96,0,0,false,frame_005.00.png
40,HJ,Q8s,3,97,0,0,false,frame_005.00.png
40,HJ,Q7s,0,0,0,100,false,frame_005.00.png
40,HJ,Q6s,0,0,0,100,false,frame_005.00.png
40,HJ,Q5s,0,0,0,100,false,frame_005.00.png
40,HJ,Q4s,0,0,0,100,false,frame_005.00.png
40,HJ,Q3s,0,0,0,100,false,frame_005.00.png
40,HJ,Q2s,0,0,0,100,false,frame_005.00.png
40,HJ,AJo,3,97,0,0,false,frame_005.00.png
40,HJ,KJo,2,98,0,0,false,frame_005.00.png
40,HJ,QJo,3,97,0,0,false,frame_005.00.png
40,HJ,JJ,0,100,0,0,false,frame_005.00.png
40,HJ,JTs,0,100,0,0,false,frame_005.00.png
40,HJ,J9s,2,98,0,0,false,frame_005.00.png
40,HJ,J8s,2,98,0,0,false,frame_005.00.png
40,HJ,J7s,0,0,0,100,false,frame_005.00.png
40,HJ,J6s,0,0,0,100,false,frame_005.00.png
40,HJ,J5s,0,0,0,100,false,frame_005.00.png
40,HJ,J4s,0,0,0,100,false,frame_005.00.png
40,HJ,J3s,0,0,0,100,false,frame_005.00.png
40,HJ,J2s,0,0,0,100,false,frame_005.00.png
40,HJ,ATo,3,97,0,0,false,frame_005.00.png
40,HJ,KTo,2,98,0,0,false,frame_005.00.png
40,HJ,QTo,3,38,0,59,true,frame_005.00.png
40,HJ,JTo,0,66,0,34,true,frame_005.00.png
40,HJ,TT,0,100,0,0,false,frame_005.00.png
40,HJ,T9s,3,97,0,0,false,frame_005.00.png
40,HJ,T8s,2,98,0,0,false,frame_005.00.png
40,HJ,T7s,0,0,0,100,false,frame_005.00.png
40,HJ,T6s,0,0,0,100,false,frame_005.00.png
40,HJ,T5s,0,0,0,100,false,frame_005.00.png
40,HJ,T4s,0,0,0,100,false,frame_005.00.png
40,HJ,T3s,0,0,0,100,false,frame_005.00.png
40,HJ,T2s,0,0,0,100,false,frame_005.00.png
40,HJ,A9o,3,97,0,0,false,frame_005.00.png
40,HJ,K9o,0,0,0,100,false,frame_005.00.png
40,HJ,Q9o,0,0,0,100,false,frame_005.00.png
40,HJ,J9o,0,0,0,100,false,frame_005.00.png
40,HJ,T9o,0,0,0,100,false,frame_005.00.png
40,HJ,99,2,98,0,0,false,frame_005.00.png
40,HJ,98s,3,97,0,0,false,frame_005.00.png
40,HJ,97s,0,60,0,40,true,frame_005.00.png
40,HJ,96s,0,0,0,100,false,frame_005.00.png
40,HJ,95s,0,0,0,100,false,frame_005.00.png
40,HJ,94s,0,0,0,100,false,frame_005.00.png
40,HJ,93s,0,0,0,100,false,frame_005.00.png
40,HJ,92s,0,0,0,100,false,frame_005.00.png
40,HJ,A8o,0,0,0,100,false,frame_005.00.png
40,HJ,K8o,0,0,0,100,false,frame_005.00.png
40,HJ,Q8o,0,0,0,100,false,frame_005.00.png
40,HJ,J8o,0,0,0,100,false,frame_005.00.png
40,HJ,T8o,0,0,0,100,false,frame_005.00.png
40,HJ,98o,0,0,0,100,false,frame_005.00.png
40,HJ,88,0,100,0,0,false,frame_005.00.png
40,HJ,87s,0,100,0,0,false,frame_005.00.png
40,HJ,86s,0,0,0,100,false,frame_005.00.png
40,HJ,85s,0,0,0,100,false,frame_005.00.png
40,HJ,84s,0,0,0,100,false,frame_005.00.png
40,HJ,83s,0,0,0,100,false,frame_005.00.png
40,HJ,82s,0,0,0,100,false,frame_005.00.png
40,HJ,A7o,0,0,0,100,false,frame_005.00.png
40,HJ,K7o,0,0,0,100,false,frame_005.00.png
40,HJ,Q7o,0,0,0,100,false,frame_005.00.png
40,HJ,J7o,0,0,0,100,false,frame_005.00.png
40,HJ,T7o,0,0,0,100,false,frame_005.00.png
40,HJ,97o,0,0,0,100,false,frame_005.00.png
40,HJ,87o,0,0,0,100,false,frame_005.00.png
40,HJ,77,0,100,0,0,false,frame_005.00.png
40,HJ,76s,2,98,0,0,false,frame_005.00.png
40,HJ,75s,0,0,0,100,false,frame_005.00.png
40,HJ,74s,0,0,0,100,false,frame_005.00.png
40,HJ,73s,0,0,0,100,false,frame_005.00.png
40,HJ,72s,0,0,0,100,false,frame_005.00.png
40,HJ,A6o,0,0,0,100,false,frame_005.00.png
40,HJ,K6o,0,0,0,100,false,frame_005.00.png
40,HJ,Q6o,0,0,0,100,false,frame_005.00.png
40,HJ,J6o,0,0,0,100,false,frame_005.00.png
40,HJ,T6o,0,0,0,100,false,frame_005.00.png
40,HJ,96o,0,0,0,100,false,frame_005.00.png
40,HJ,86o,0,0,0,100,false,frame_005.00.png
40,HJ,76o,0,0,0,100,false,frame_005.00.png
40,HJ,66,2,98,0,0,false,frame_005.00.png
40,HJ,65s,2,98,0,0,false,frame_005.00.png
40,HJ,64s,0,0,0,100,false,frame_005.00.png
40,HJ,63s,0,0,0,100,false,frame_005.00.png
40,HJ,62s,0,0,0,100,false,frame_005.00.png
40,HJ,A5o,0,0,0,100,false,frame_005.00.png
40,HJ,K5o,0,0,0,100,false,frame_005.00.png
40,HJ,Q5o,0,0,0,100,false,frame_005.00.png
40,HJ,J5o,0,0,0,100,false,frame_005.00.png
40,HJ,T5o,0,0,0,100,false,frame_005.00.png
40,HJ,95o,0,0,0,100,false,frame_005.00.png
40,HJ,85o,0,0,0,100,false,frame_005.00.png
40,HJ,75o,0,0,0,100,false,frame_005.00.png
40,HJ,65o,0,0,0,100,false,frame_005.00.png
40,HJ,55,0,100,0,0,false,frame_005.00.png
40,HJ,54s,2,43,0,55,true,frame_005.00.png
40,HJ,53s,0,0,0,100,false,frame_005.00.png
40,HJ,52s,0,0,0,100,false,frame_005.00.png
40,HJ,A4o,0,0,0,100,false,frame_005.00.png
40,HJ,K4o,0,0,0,100,false,frame_005.00.png
40,HJ,Q4o,0,0,0,100,false,frame_005.00.png
40,HJ,J4o,0,0,0,100,false,frame_005.00.png
40,HJ,T4o,0,0,0,100,false,frame_005.00.png
40,HJ,94o,0,0,0,100,false,frame_005.00.png
40,HJ,84o,0,0,0,100,false,frame_005.00.png
40,HJ,74o,0,0,0,100,false,frame_005.00.png
40,HJ,64o,0,0,0,100,false,frame_005.00.png
40,HJ,54o,0,0,0,100,false,frame_005.00.png
40,HJ,44,0,100,0,0,false,frame_005.00.png
40,HJ,43s,0,0,0,100,false,frame_005.00.png
40,HJ,42s,0,0,0,100,false,frame_005.00.png
40,HJ,A3o,0,0,0,100,false,frame_005.00.png
40,HJ,K3o,0,0,0,100,false,frame_005.00.png
40,HJ,Q3o,0,0,0,100,false,frame_005.00.png
40,HJ,J3o,0,0,0,100,false,frame_005.00.png
40,HJ,T3o,0,0,0,100,false,frame_005.00.png
40,HJ,93o,0,0,0,100,false,frame_005.00.png
40,HJ,83o,0,0,0,100,false,frame_005.00.png
40,HJ,73o,0,0,0,100,false,frame_005.00.png
40,HJ,63o,0,0,0,100,false,frame_005.00.png
40,HJ,53o,0,0,0,100,false,frame_005.00.png
40,HJ,43o,0,0,0,100,false,frame_005.00.png
40,HJ,33,0,28,0,72,false,frame_005.00.png
40,HJ,32s,0,0,0,100,false,frame_005.00.png
40,HJ,A2o,0,0,0,100,false,frame_005.00.png
40,HJ,K2o,0,0,0,100,false,frame_005.00.png
40,HJ,Q2o,0,0,0,100,false,frame_005.00.png
40,HJ,J2o,0,0,0,100,false,frame_005.00.png
40,HJ,T2o,0,0,0,100,false,frame_005.00.png
40,HJ,92o,0,0,0,100,false,frame_005.00.png
40,HJ,82o,0,0,0,100,false,frame_005.00.png
40,HJ,72o,0,0,0,100,false,frame_005.00.png
40,HJ,62o,0,0,0,100,false,frame_005.00.png
40,HJ,52o,0,0,0,100,false,frame_005.00.png
40,HJ,42o,0,0,0,100,false,frame_005.00.png
40,HJ,32o,0,0,0,100,false,frame_005.00.png
40,HJ,22,0,0,0,100,false,frame_005.00.png
40,CO,AA,3,97,0,0,false,frame_009.00.png
40,CO,AKs,3,97,0,0,false,frame_009.00.png
40,CO,AQs,3,97,0,0,false,frame_009.00.png
40,CO,AJs,2,98,0,0,false,frame_009.00.png
40,CO,ATs,2,98,0,0,false,frame_009.00.png
40,CO,A9s,3,97,0,0,false,frame_009.00.png
40,CO,A8s,2,98,0,0,false,frame_009.00.png
40,CO,A7s,2,98,0,0,false,frame_009.00.png
40,CO,A6s,3,97,0,0,false,frame_009.00.png
40,CO,A5s,2,98,0,0,false,frame_009.00.png
40,CO,A4s,2,98,0,0,false,frame_009.00.png
40,CO,A3s,3,97,0,0,false,frame_009.00.png
40,CO,A2s,2,98,0,0,false,frame_009.00.png
40,CO,AKo,3,97,0,0,false,frame_009.00.png
40,CO,KK,0,100,0,0,false,frame_009.00.png
40,CO,KQs,3,97,0,0,false,frame_009.00.png
40,CO,KJs,2,98,0,0,false,frame_009.00.png
40,CO,KTs,2,98,0,0,false,frame_009.00.png
40,CO,K9s,3,97,0,0,false,frame_009.00.png
40,CO,K8s,3,97,0,0,false,frame_009.00.png
40,CO,K7s,0,100,0,0,false,frame_009.00.png
40,CO,K6s,3,97,0,0,false,frame_009.00.png
40,CO,K5s,2,98,0,0,false,frame_009.00.png
40,CO,K4s,4,96,0,0,false,frame_009.00.png
40,CO,K3s,3,97,0,0,false,frame_009.00.png
40,CO,K2s,2,98,0,0,false,frame_009.00.png
40,CO,AQo,4,96,0,0,false,frame_009.00.png
40,CO,KQo,3,97,0,0,false,frame_009.00.png
40,CO,QQ,3,97,0,0,false,frame_009.00.png
40,CO,QJs,2,98,0,0,false,frame_009.00.png
40,CO,QTs,2,98,0,0,false,frame_009.00.png
40,CO,Q9s,4,96,0,0,false,frame_009.00.png
40,CO,Q8s,3,97,0,0,false,frame_009.00.png
40,CO,Q7s,2,98,0,0,false,frame_009.00.png
40,CO,Q6s,3,97,0,0,false,frame_009.00.png
40,CO,Q5s,2,98,0,0,false,frame_009.00.png
40,CO,Q4s,100,0,0,0,false,frame_009.00.png
40,CO,Q3s,0,0,0,100,false,frame_009.00.png
40,CO,Q2s,0,0,0,100,false,frame_009.00.png
40,CO,AJo,3,97,0,0,false,frame_009.00.png
40,CO,KJo,2,98,0,0,false,frame_009.00.png
40,CO,QJo,3,97,0,0,false,frame_009.00.png
40,CO,JJ,0,100,0,0,false,frame_009.00.png
40,CO,JTs,0,100,0,0,false,frame_009.00.png
40,CO,J9s,2,98,0,0,false,frame_009.00.png
40,CO,J8s,2,98,0,0,false,frame_009.00.png
40,CO,J7s,0,100,0,0,false,frame_009.00.png
40,CO,J6s,3,97,0,0,false,frame_009.00.png
40,CO,J5s,0,41,0,59,true,frame_009.00.png
40,CO,J4s,0,0,0,100,false,frame_009.00.png
40,CO,J3s,0,0,0,100,false,frame_009.00.png
40,CO,J2s,0,0,0,100,false,frame_009.00.png
40,CO,ATo,3,97,0,0,false,frame_009.00.png
40,CO,KTo,2,98,0,0,false,frame_009.00.png
40,CO,QTo,3,97,0,0,false,frame_009.00.png
40,CO,JTo,0,100,0,0,false,frame_009.00.png
40,CO,TT,0,100,0,0,false,frame_009.00.png
40,CO,T9s,3,97,0,0,false,frame_009.00.png
40,CO,T8s,2,98,0,0,false,frame_009.00.png
40,CO,T7s,0,100,0,0,false,frame_009.00.png
40,CO,T6s,3,97,0,0,false,frame_009.00.png
40,CO,T5s,0,0,0,100,false,frame_009.00.png
40,CO,T4s,0,0,0,100,false,frame_009.00.png
40,CO,T3s,0,0,0,100,false,frame_009.00.png
40,CO,T2s,0,0,0,100,false,frame_009.00.png
40,CO,A9o,3,97,0,0,false,frame_009.00.png
40,CO,K9o,3,97,0,0,false,frame_009.00.png
40,CO,Q9o,3,97,0,0,false,frame_009.00.png
40,CO,J9o,2,98,0,0,false,frame_009.00.png
40,CO,T9o,2,98,0,0,false,frame_009.00.png
40,CO,99,2,98,0,0,false,frame_009.00.png
40,CO,98s,2,98,0,0,false,frame_009.00.png
40,CO,97s,0,100,0,0,false,frame_009.00.png
40,CO,96s,4,83,0,13,false,frame_009.00.png
40,CO,95s,0,0,0,100,false,frame_009.00.png
40,CO,94s,0,0,0,100,false,frame_009.00.png
40,CO,93s,0,0,0,100,false,frame_009.00.png
40,CO,92s,0,0,0,100,false,frame_009.00.png
40,CO,A8o,3,97,0,0,false,frame_009.00.png
40,CO,K8o,0,15,0,85,false,frame_009.00.png
40,CO,Q8o,0,0,0,100,false,frame_009.00.png
40,CO,J8o,0,0,0,100,false,frame_009.00.png
40,CO,T8o,0,0,0,100,false,frame_009.00.png
40,CO,98o,0,0,0,100,false,frame_009.00.png
40,CO,88,0,100,0,0,false,frame_009.00.png
40,CO,87s,0,100,0,0,false,frame_009.00.png
40,CO,86s,3,97,0,0,false,frame_009.00.png
40,CO,85s,0,4,0,96,false,frame_009.00.png
40,CO,84s,0,0,0,100,false,frame_009.00.png
40,CO,83s,0,0,0,100,false,frame_009.00.png
40,CO,82s,0,0,0,100,false,frame_009.00.png
40,CO,A7o,3,97,0,0,false,frame_009.00.png
40,CO,K7o,0,0,0,100,false,frame_009.00.png
40,CO,Q7o,0,0,0,100,false,frame_009.00.png
40,CO,J7o,0,0,0,100,false,frame_009.00.png
40,CO,T7o,0,0,0,100,false,frame_009.00.png
40,CO,97o,0,0,0,100,false,frame_009.00.png
40,CO,87o,0,0,0,100,false,frame_009.00.png
40,CO,77,0,100,0,0,false,frame_009.00.png
40,CO,76s,2,98,0,0,false,frame_009.00.png
40,CO,75s,0,100,0,0,false,frame_009.00.png
40,CO,74s,0,0,0,100,false,frame_009.00.png
40,CO,73s,0,0,0,100,false,frame_009.00.png
40,CO,72s,0,0,0,100,false,frame_009.00.png
40,CO,A6o,5,64,0,31,true,frame_009.00.png
40,CO,K6o,0,0,0,100,false,frame_009.00.png
40,CO,Q6o,0,0,0,100,false,frame_009.00.png
40,CO,J6o,0,0,0,100,false,frame_009.00.png
40,CO,T6o,0,0,0,100,false,frame_009.00.png
40,CO,96o,0,0,0,100,false,frame_009.00.png
40,CO,86o,0,0,0,100,false,frame_009.00.png
40,CO,76o,0,0,0,100,false,frame_009.00.png
40,CO,66,2,98,0,0,false,frame_009.00.png
40,CO,65s,2,98,0,0,false,frame_009.00.png
40,CO,64s,0,0,0,100,false,frame_009.00.png
40,CO,63s,0,0,0,100,false,frame_009.00.png
40,CO,62s,0,0,0,100,false,frame_009.00.png
40,CO,A5o,3,97,0,0,false,frame_009.00.png
40,CO,K5o,0,0,0,100,false,frame_009.00.png
40,CO,Q5o,0,0,0,100,false,frame_009.00.png
40,CO,J5o,0,0,0,100,false,frame_009.00.png
40,CO,T5o,0,0,0,100,false,frame_009.00.png
40,CO,95o,0,0,0,100,false,frame_009.00.png
40,CO,85o,0,0,0,100,false,frame_009.00.png
40,CO,75o,0,0,0,100,false,frame_009.00.png
40,CO,65o,0,0,0,100,false,frame_009.00.png
40,CO,55,0,100,0,0,false,frame_009.00.png
40,CO,54s,2,98,0,0,false,frame_009.00.png
40,CO,53s,0,0,0,100,false,frame_009.00.png
40,CO,52s,0,0,0,100,false,frame_009.00.png
40,CO,A4o,2,22,0,76,false,frame_009.00.png
40,CO,K4o,0,0,0,100,false,frame_009.00.png
40,CO,Q4o,0,0,0,100,false,frame_009.00.png
40,CO,J4o,0,0,0,100,false,frame_009.00.png
40,CO,T4o,0,0,0,100,false,frame_009.00.png
40,CO,94o,0,0,0,100,false,frame_009.00.png
40,CO,84o,0,0,0,100,false,frame_009.00.png
40,CO,74o,0,0,0,100,false,frame_009.00.png
40,CO,64o,0,0,0,100,false,frame_009.00.png
40,CO,54o,0,0,0,100,false,frame_009.00.png
40,CO,44,0,100,0,0,false,frame_009.00.png
40,CO,43s,0,0,0,100,false,frame_009.00.png
40,CO,42s,0,0,0,100,false,frame_009.00.png
40,CO,A3o,0,0,0,100,false,frame_009.00.png
40,CO,K3o,0,0,0,100,false,frame_009.00.png
40,CO,Q3o,0,0,0,100,false,frame_009.00.png
40,CO,J3o,0,0,0,100,false,frame_009.00.png
40,CO,T3o,0,0,0,100,false,frame_009.00.png
40,CO,93o,0,0,0,100,false,frame_009.00.png
40,CO,83o,0,0,0,100,false,frame_009.00.png
40,CO,73o,0,0,0,100,false,frame_009.00.png
40,CO,63o,0,0,0,100,false,frame_009.00.png
40,CO,53o,0,0,0,100,false,frame_009.00.png
40,CO,43o,0,0,0,100,false,frame_009.00.png
40,CO,33,0,100,0,0,false,frame_009.00.png
40,CO,32s,0,0,0,100,false,frame_009.00.png
40,CO,A2o,0,0,0,100,false,frame_009.00.png
40,CO,K2o,0,0,0,100,false,frame_009.00.png
40,CO,Q2o,0,0,0,100,false,frame_009.00.png
40,CO,J2o,0,0,0,100,false,frame_009.00.png
40,CO,T2o,0,0,0,100,false,frame_009.00.png
40,CO,92o,0,0,0,100,false,frame_009.00.png
40,CO,82o,0,0,0,100,false,frame_009.00.png
40,CO,72o,0,0,0,100,false,frame_009.00.png
40,CO,62o,0,0,0,100,false,frame_009.00.png
40,CO,52o,0,0,0,100,false,frame_009.00.png
40,CO,42o,0,0,0,100,false,frame_009.00.png
40,CO,32o,0,0,0,100,false,frame_009.00.png
40,CO,22,0,100,0,0,false,frame_009.00.png
40,BTN,AA,3,97,0,0,false,frame_012.00.png
40,BTN,AKs,3,97,0,0,false,frame_012.00.png
40,BTN,AQs,3,97,0,0,false,frame_012.00.png
40,BTN,AJs,2,98,0,0,false,frame_012.00.png
40,BTN,ATs,2,98,0,0,false,frame_012.00.png
40,BTN,A9s,3,97,0,0,false,frame_012.00.png
40,BTN,A8s,2,98,0,0,false,frame_012.00.png
40,BTN,A7s,2,98,0,0,false,frame_012.00.png
40,BTN,A6s,3,97,0,0,false,frame_012.00.png
40,BTN,A5s,2,98,0,0,false,frame_012.00.png
40,BTN,A4s,2,98,0,0,false,frame_012.00.png
40,BTN,A3s,2,98,0,0,false,frame_012.00.png
40,BTN,A2s,2,98,0,0,false,frame_012.00.png
40,BTN,AKo,3,97,0,0,false,frame_012.00.png
40,BTN,KK,0,100,0,0,false,frame_012.00.png
40,BTN,KQs,3,97,0,0,false,frame_012.00.png
40,BTN,KJs,2,98,0,0,false,frame_012.00.png
40,BTN,KTs,2,98,0,0,false,frame_012.00.png
40,BTN,K9s,3,97,0,0,false,frame_012.00.png
40,BTN,K8s,3,97,0,0,false,frame_012.00.png
40,BTN,K7s,2,98,0,0,false,frame_012.00.png
40,BTN,K6s,3,97,0,0,false,frame_012.00.png
40,BTN,K5s,2,98,0,0,false,frame_012.00.png
40,BTN,K4s,3,97,0,0,false,frame_012.00.png
40,BTN,K3s,3,97,0,0,false,frame_012.00.png
40,BTN,K2s,2,98,0,0,false,frame_012.00.png
40,BTN,AQo,4,96,0,0,false,frame_012.00.png
40,BTN,KQo,3,97,0,0,false,frame_012.00.png
40,BTN,QQ,3,97,0,0,false,frame_012.00.png
40,BTN,QJs,2,98,0,0,false,frame_012.00.png
40,BTN,QTs,2,98,0,0,false,frame_012.00.png
40,BTN,Q9s,4,96,0,0,false,frame_012.00.png
40,BTN,Q8s,3,97,0,0,false,frame_012.00.png
40,BTN,Q7s,2,98,0,0,false,frame_012.00.png
40,BTN,Q6s,3,97,0,0,false,frame_012.00.png
40,BTN,Q5s,3,97,0,0,false,frame_012.00.png
40,BTN,Q4s,2,98,0,0,false,frame_012.00.png
40,BTN,Q3s,3,97,0,0,false,frame_012.00.png
40,BTN,Q2s,3,97,0,0,false,frame_012.00.png
40,BTN,AJo,3,97,0,0,false,frame_012.00.png
40,BTN,KJo,2,98,0,0,false,frame_012.00.png
40,BTN,QJo,3,97,0,0,false,frame_012.00.png
40,BTN,JJ,0,100,0,0,false,frame_012.00.png
40,BTN,JTs,0,100,0,0,false,frame_012.00.png
40,BTN,J9s,2,98,0,0,false,frame_012.00.png
40,BTN,J8s,2,98,0,0,false,frame_012.00.png
40,BTN,J7s,0,100,0,0,false,frame_012.00.png
40,BTN,J6s,3,97,0,0,false,frame_012.00.png
40,BTN,J5s,0,100,0,0,false,frame_012.00.png
40,BTN,J4s,0,100,0,0,false,frame_012.00.png
40,BTN,J3s,2,98,0,0,false,frame_012.00.png
40,BTN,J2s,0,87,0,13,false,frame_012.00.png
40,BTN,ATo,3,97,0,0,false,frame_012.00.png
40,BTN,KTo,2,98,0,0,false,frame_012.00.png
40,BTN,QTo,3,97,0,0,false,frame_012.00.png
40,BTN,JTo,0,100,0,0,false,frame_012.00.png
40,BTN,TT,0,100,0,0,false,frame_012.00.png
40,BTN,T9s,3,97,0,0,false,frame_012.00.png
40,BTN,T8s,2,98,0,0,false,frame_012.00.png
40,BTN,T7s,0,100,0,0,false,frame_012.00.png
40,BTN,T6s,3,97,0,0,false,frame_012.00.png
40,BTN,T5s,2,98,0,0,false,frame_012.00.png
40,BTN,T4s,0,100,0,0,false,frame_012.00.png
40,BTN,T3s,0,0,0,100,false,frame_012.00.png
40,BTN,T2s,0,0,0,100,false,frame_012.00.png
40,BTN,A9o,3,97,0,0,false,frame_012.00.png
40,BTN,K9o,3,97,0,0,false,frame_012.00.png
40,BTN,Q9o,3,97,0,0,false,frame_012.00.png
40,BTN,J9o,2,98,0,0,false,frame_012.00.png
40,BTN,T9o,2,98,0,0,false,frame_012.00.png
40,BTN,99,2,98,0,0,false,frame_012.00.png
40,BTN,98s,2,98,0,0,false,frame_012.00.png
40,BTN,97s,2,98,0,0,false,frame_012.00.png
40,BTN,96s,3,97,0,0,false,frame_012.00.png
40,BTN,95s,2,98,0,0,false,frame_012.00.png
40,BTN,94s,0,0,0,100,false,frame_012.00.png
40,BTN,93s,0,0,0,100,false,frame_012.00.png
40,BTN,92s,0,0,0,100,false,frame_012.00.png
40,BTN,A8o,4,96,0,0,false,frame_012.00.png
40,BTN,K8o,3,97,0,0,false,frame_012.00.png
40,BTN,Q8o,3,97,0,0,false,frame_012.00.png
40,BTN,J8o,2,98,0,0,false,frame_012.00.png
40,BTN,T8o,0,100,0,0,false,frame_012.00.png
40,BTN,98o,3,97,0,0,false,frame_012.00.png
40,BTN,88,0,100,0,0,false,frame_012.00.png
40,BTN,87s,0,100,0,0,false,frame_012.00.png
40,BTN,86s,3,97,0,0,false,frame_012.00.png
40,BTN,85s,2,98,0,0,false,frame_012.00.png
40,BTN,84s,0,0,0,100,false,frame_012.00.png
40,BTN,83s,0,0,0,100,false,frame_012.00.png
40,BTN,82s,0,0,0,100,false,frame_012.00.png
40,BTN,A7o,3,97,0,0,false,frame_012.00.png
40,BTN,K7o,2,98,0,0,false,frame_012.00.png
40,BTN,Q7o,2,29,0,69,true,frame_012.00.png
40,BTN,J7o,0,0,0,100,false,frame_012.00.png
40,BTN,T7o,0,16,0,84,false,frame_012.00.png
40,BTN,97o,0,0,0,100,false,frame_012.00.png
40,BTN,87o,0,40,0,60,true,frame_012.00.png
40,BTN,77,0,100,0,0,false,frame_012.00.png
40,BTN,76s,2,98,0,0,false,frame_012.00.png
40,BTN,75s,0,100,0,0,false,frame_012.00.png
40,BTN,74s,0,100,0,0,false,frame_012.00.png
40,BTN,73s,0,0,0,100,false,frame_012.00.png
40,BTN,72s,0,0,0,100,false,frame_012.00.png
40,BTN,A6o,3,97,0,0,false,frame_012.00.png
40,BTN,K6o,3,97,0,0,false,frame_012.00.png
40,BTN,Q6o,0,0,0,100,false,frame_012.00.png
40,BTN,J6o,0,0,0,100,false,frame_012.00.png
40,BTN,T6o,0,0,0,100,false,frame_012.00.png
40,BTN,96o,0,0,0,100,false,frame_012.00.png
40,BTN,86o,0,0,0,100,false,frame_012.00.png
40,BTN,76o,0,0,0,100,false,frame_012.00.png
40,BTN,66,2,98,0,0,false,frame_012.00.png
40,BTN,65s,2,98,0,0,false,frame_012.00.png
40,BTN,64s,2,98,0,0,false,frame_012.00.png
40,BTN,63s,0,0,0,100,false,frame_012.00.png
40,BTN,62s,0,0,0,100,false,frame_012.00.png
40,BTN,A5o,3,97,0,0,false,frame_012.00.png
40,BTN,K5o,0,36,0,64,true,frame_012.00.png
40,BTN,Q5o,0,0,0,100,false,frame_012.00.png
40,BTN,J5o,0,0,0,100,false,frame_012.00.png
40,BTN,T5o,0,0,0,100,false,frame_012.00.png
40,BTN,95o,0,0,0,100,false,frame_012.00.png
40,BTN,85o,0,0,0,100,false,frame_012.00.png
40,BTN,75o,0,0,0,100,false,frame_012.00.png
40,BTN,65o,0,0,0,100,false,frame_012.00.png
40,BTN,55,0,100,0,0,false,frame_012.00.png
40,BTN,54s,2,98,0,0,false,frame_012.00.png
40,BTN,53s,3,97,0,0,false,frame_012.00.png
40,BTN,52s,0,0,0,100,false,frame_012.00.png
40,BTN,A4o,3,97,0,0,false,frame_012.00.png
40,BTN,K4o,0,0,0,100,false,frame_012.00.png
40,BTN,Q4o,0,0,0,100,false,frame_012.00.png
40,BTN,J4o,0,0,0,100,false,frame_012.00.png
40,BTN,T4o,0,0,0,100,false,frame_012.00.png
40,BTN,94o,0,0,0,100,false,frame_012.00.png
40,BTN,84o,0,0,0,100,false,frame_012.00.png
40,BTN,74o,0,0,0,100,false,frame_012.00.png
40,BTN,64o,0,0,0,100,false,frame_012.00.png
40,BTN,54o,0,0,0,100,false,frame_012.00.png
40,BTN,44,0,100,0,0,false,frame_012.00.png
40,BTN,43s,0,0,0,100,false,frame_012.00.png
40,BTN,42s,0,0,0,100,false,frame_012.00.png
40,BTN,A3o,3,97,0,0,false,frame_012.00.png
40,BTN,K3o,0,0,0,100,false,frame_012.00.png
40,BTN,Q3o,0,0,0,100,false,frame_012.00.png
40,BTN,J3o,0,0,0,100,false,frame_012.00.png
40,BTN,T3o,0,0,0,100,false,frame_012.00.png
40,BTN,93o,0,0,0,100,false,frame_012.00.png
40,BTN,83o,0,0,0,100,false,frame_012.00.png
40,BTN,73o,0,0,0,100,false,frame_012.00.png
40,BTN,63o,0,0,0,100,false,frame_012.00.png
40,BTN,53o,0,0,0,100,false,frame_012.00.png
40,BTN,43o,0,0,0,100,false,frame_012.00.png
40,BTN,33,0,100,0,0,false,frame_012.00.png
40,BTN,32s,0,0,0,100,false,frame_012.00.png
40,BTN,A2o,3,97,0,0,false,frame_012.00.png
40,BTN,K2o,0,0,0,100,false,frame_012.00.png
40,BTN,Q2o,0,0,0,100,false,frame_012.00.png
40,BTN,J2o,0,0,0,100,false,frame_012.00.png
40,BTN,T2o,0,0,0,100,false,frame_012.00.png
40,BTN,92o,0,0,0,100,false,frame_012.00.png
40,BTN,82o,0,0,0,100,false,frame_012.00.png
40,BTN,72o,0,0,0,100,false,frame_012.00.png
40,BTN,62o,0,0,0,100,false,frame_012.00.png
40,BTN,52o,0,0,0,100,false,frame_012.00.png
40,BTN,42o,0,0,0,100,false,frame_012.00.png
40,BTN,32o,0,0,0,100,false,frame_012.00.png
40,BTN,22,0,100,0,0,false,frame_012.00.png
40,SB,AA,3,97,0,0,false,frame_014.00.png
40,SB,AKs,3,88,9,0,false,frame_014.00.png
40,SB,AQs,3,39,58,0,false,frame_014.00.png
40,SB,AJs,2,73,25,0,false,frame_014.00.png
40,SB,ATs,2,98,0,0,false,frame_014.00.png
40,SB,A9s,3,97,0,0,false,frame_014.00.png
40,SB,A8s,2,98,0,0,false,frame_014.00.png
40,SB,A7s,2,67,31,0,false,frame_014.00.png
40,SB,A6s,3,63,34,0,false,frame_014.00.png
40,SB,A5s,2,89,9,0,false,frame_014.00.png
40,SB,A4s,2,64,34,0,false,frame_014.00.png
40,SB,A3s,0,20,80,0,false,frame_014.00.png
40,SB,A2s,0,0,100,0,false,frame_014.00.png
40,SB,AKo,2,35,63,0,false,frame_014.00.png
40,SB,KK,0,100,0,0,false,frame_014.00.png
40,SB,KQs,4,73,23,0,false,frame_014.00.png
40,SB,KJs,2,79,19,0,false,frame_014.00.png
40,SB,KTs,2,53,45,0,false,frame_014.00.png
40,SB,K9s,3,24,73,0,false,frame_014.00.png
40,SB,K8s,3,65,32,0,false,frame_014.00.png
40,SB,K7s,2,43,55,0,false,frame_014.00.png
40,SB,K6s,3,24,73,0,false,frame_014.00.png
40,SB,K5s,0,26,74,0,false,frame_014.00.png
40,SB,K4s,0,0,100,0,false,frame_014.00.png
40,SB,K3s,0,0,100,0,false,frame_014.00.png
40,SB,K2s,0,0,100,0,false,frame_014.00.png
40,SB,AQo,0,17,83,0,false,frame_014.00.png
40,SB,KQo,3,82,15,0,false,frame_014.00.png
40,SB,QQ,3,64,33,0,false,frame_014.00.png
40,SB,QJs,2,60,38,0,false,frame_014.00.png
40,SB,QTs,2,56,42,0,false,frame_014.00.png
40,SB,Q9s,4,54,42,0,false,frame_014.00.png
40,SB,Q8s,2,33,65,0,false,frame_014.00.png
40,SB,Q7s,0,0,100,0,false,frame_014.00.png
40,SB,Q6s,0,0,100,0,false,frame_014.00.png
40,SB,Q5s,0,0,100,0,false,frame_014.00.png
40,SB,Q4s,0,0,100,0,false,frame_014.00.png
40,SB,Q3s,0,0,100,0,false,frame_014.00.png
40,SB,Q2s,0,0,100,0,false,frame_014.00.png
40,SB,AJo,0,0,100,0,false,frame_014.00.png
40,SB,KJo,2,53,45,0,false,frame_014.00.png
40,SB,QJo,3,53,44,0,false,frame_014.00.png
40,SB,JJ,0,49,51,0,false,frame_014.00.png
40,SB,JTs,0,100,0,0,false,frame_014.00.png
40,SB,J9s,2,82,16,0,false,frame_014.00.png
40,SB,J8s,2,89,9,0,false,frame_014.00.png
40,SB,J7s,0,11,89,0,false,frame_014.00.png
40,SB,J6s,0,0,100,0,false,frame_014.00.png
40,SB,J5s,0,23,77,0,false,frame_014.00.png
40,SB,J4s,0,0,100,0,false,frame_014.00.png
40,SB,J3s,0,0,100,0,false,frame_014.00.png
40,SB,J2s,0,0,100,0,false,frame_014.00.png
40,SB,ATo,3,46,51,0,false,frame_014.00.png
40,SB,KTo,0,38,62,0,false,frame_014.00.png
40,SB,QTo,0,37,63,0,false,frame_014.00.png
40,SB,JTo,0,26,74,0,false,frame_014.00.png
40,SB,TT,0,39,61,0,false,frame_014.00.png
40,SB,T9s,3,97,0,0,false,frame_014.00.png
40,SB,T8s,2,98,0,0,false,frame_014.00.png
40,SB,T7s,0,6,94,0,false,frame_014.00.png
40,SB,T6s,0,0,100,0,false,frame_014.00.png
40,SB,T5s,0,0,100,0,false,frame_014.00.png
40,SB,T4s,0,29,71,0,false,frame_014.00.png
40,SB,T3s,2,26,72,0,false,frame_014.00.png
40,SB,T2s,2,43,55,0,false,frame_014.00.png
40,SB,A9o,3,37,60,0,false,frame_014.00.png
40,SB,K9o,2,37,61,0,false,frame_014.00.png
40,SB,Q9o,4,34,62,0,false,frame_014.00.png
40,SB,J9o,0,24,76,0,false,frame_014.00.png
40,SB,T9o,0,15,85,0,false,frame_014.00.png
40,SB,99,4,35,61,0,false,frame_014.00.png
40,SB,98s,3,97,0,0,false,frame_014.00.png
40,SB,97s,0,6,94,0,false,frame_014.00.png
40,SB,96s,0,5,95,0,false,frame_014.00.png
40,SB,95s,0,4,96,0,false,frame_014.00.png
40,SB,94s,0,13,87,0,false,frame_014.00.png
40,SB,93s,2,57,41,0,false,frame_014.00.png
40,SB,92s,2,44,54,0,false,frame_014.00.png
40,SB,A8o,4,35,61,0,false,frame_014.00.png
40,SB,K8o,0,31,69,0,false,frame_014.00.png
40,SB,Q8o,3,27,70,0,false,frame_014.00.png
40,SB,J8o,0,20,80,0,false,frame_014.00.png
40,SB,T8o,0,11,89,0,false,frame_014.00.png
40,SB,98o,0,15,85,0,false,frame_014.00.png
40,SB,88,0,0,100,0,false,frame_014.00.png
40,SB,87s,0,100,0,0,false,frame_014.00.png
40,SB,86s,0,3,97,0,false,frame_014.00.png
40,SB,85s,2,57,41,0,false,frame_014.00.png
40,SB,84s,0,27,73,0,false,frame_014.00.png
40,SB,83s,0,0,100,0,false,frame_014.00.png
40,SB,82s,0,0,100,0,false,frame_014.00.png
40,SB,A7o,3,25,72,0,false,frame_014.00.png
40,SB,K7o,0,24,76,0,false,frame_014.00.png
40,SB,Q7o,3,39,58,0,false,frame_014.00.png
40,SB,J7o,0,56,44,0,false,frame_014.00.png
40,SB,T7o,0,69,31,0,false,frame_014.00.png
40,SB,97o,4,61,35,0,false,frame_014.00.png
40,SB,87o,0,13,87,0,false,frame_014.00.png
40,SB,77,0,23,77,0,false,frame_014.00.png
40,SB,76s,2,57,41,0,false,frame_014.00.png
40,SB,75s,0,53,47,0,false,frame_014.00.png
40,SB,74s,0,0,100,0,false,frame_014.00.png
40,SB,73s,0,33,67,0,false,frame_014.00.png
40,SB,72s,0,0,100,0,false,frame_014.00.png
40,SB,A6o,2,21,77,0,false,frame_014.00.png
40,SB,K6o,2,43,55,0,false,frame_014.00.png
40,SB,Q6o,5,61,34,0,false,frame_014.00.png
40,SB,J6o,0,7,93,0,false,frame_014.00.png
40,SB,T6o,0,6,94,0,false,frame_014.00.png
40,SB,96o,0,0,100,0,false,frame_014.00.png
40,SB,86o,0,29,71,0,false,frame_014.00.png
40,SB,76o,0,25,75,0,false,frame_014.00.png
40,SB,66,4,43,53,0,false,frame_014.00.png
40,SB,65s,2,72,26,0,false,frame_014.00.png
40,SB,64s,2,86,12,0,false,frame_014.00.png
40,SB,63s,0,0,100,0,false,frame_014.00.png
40,SB,62s,0,0,100,0,false,frame_014.00.png
40,SB,A5o,3,42,55,0,false,frame_014.00.png
40,SB,K5o,0,30,70,0,false,frame_014.00.png
40,SB,Q5o,3,41,56,0,false,frame_014.00.png
40,SB,J5o,0,14,86,0,false,frame_014.00.png
40,SB,T5o,0,0,100,0,false,frame_014.00.png
40,SB,95o,0,0,100,0,false,frame_014.00.png
40,SB,85o,0,0,100,0,false,frame_014.00.png
40,SB,75o,0,0,100,0,false,frame_014.00.png
40,SB,65o,0,28,72,0,false,frame_014.00.png
40,SB,55,0,24,76,0,false,frame_014.00.png
40,SB,54s,2,98,0,0,false,frame_014.00.png
40,SB,53s,2,36,62,0,false,frame_014.00.png
40,SB,52s,0,0,100,0,false,frame_014.00.png
40,SB,A4o,0,11,89,0,false,frame_014.00.png
40,SB,K4o,0,34,66,0,false,frame_014.00.png
40,SB,Q4o,0,0,100,0,false,frame_014.00.png
40,SB,J4o,0,0,100,0,false,frame_014.00.png
40,SB,T4o,0,0,100,0,false,frame_014.00.png
40,SB,94o,0,0,0,100,false,frame_014.00.png
40,SB,84o,0,0,0,100,false,frame_014.00.png
40,SB,74o,0,0,51,49,false,frame_014.00.png
40,SB,64o,0,0,100,0,false,frame_014.00.png
40,SB,54o,0,0,100,0,false,frame_014.00.png
40,SB,44,0,18,82,0,false,frame_014.00.png
40,SB,43s,0,12,88,0,false,frame_014.00.png
40,SB,42s,0,39,61,0,false,frame_014.00.png
40,SB,A3o,0,11,89,0,false,frame_014.00.png
40,SB,K3o,0,0,100,0,false,frame_014.00.png
40,SB,Q3o,0,0,100,0,false,frame_014.00.png
40,SB,J3o,0,0,100,0,false,frame_014.00.png
40,SB,T3o,0,0,66,34,false,frame_014.00.png
40,SB,93o,0,0,0,100,false,frame_014.00.png
40,SB,83o,0,0,0,100,false,frame_014.00.png
40,SB,73o,0,0,0,100,false,frame_014.00.png
40,SB,63o,0,0,0,100,false,frame_014.00.png
40,SB,53o,0,0,47,53,false,frame_014.00.png
40,SB,43o,0,0,0,100,false,frame_014.00.png
40,SB,33,0,4,96,0,false,frame_014.00.png
40,SB,32s,0,46,54,0,false,frame_014.00.png
40,SB,A2o,0,27,73,0,false,frame_014.00.png
40,SB,K2o,0,0,100,0,false,frame_014.00.png
40,SB,Q2o,0,0,100,0,false,frame_014.00.png
40,SB,J2o,0,0,100,0,false,frame_014.00.png
40,SB,T2o,0,0,0,100,false,frame_014.00.png
40,SB,92o,0,0,0,100,false,frame_014.00.png
40,SB,82o,0,0,0,100,false,frame_014.00.png
40,SB,72o,0,0,0,100,false,frame_014.00.png
40,SB,62o,0,0,0,100,false,frame_014.00.png
40,SB,52o,0,0,0,100,false,frame_014.00.png
40,SB,42o,0,0,0,100,false,frame_014.00.png
40,SB,32o,0,0,0,100,false,frame_014.00.png
40,SB,22,0,0,100,0,false,frame_014.00.png
50,UTG,AA,3,97,0,0,false,frame_000.00.png
50,UTG,AKs,3,97,0,0,false,frame_000.00.png
50,UTG,AQs,3,97,0,0,false,frame_000.00.png
50,UTG,AJs,2,98,0,0,false,frame_000.00.png
50,UTG,ATs,2,98,0,0,false,frame_000.00.png
50,UTG,A9s,3,97,0,0,false,frame_000.00.png
50,UTG,A8s,3,97,0,0,false,frame_000.00.png
50,UTG,A7s,0,100,0,0,false,frame_000.00.png
50,UTG,A6s,3,97,0,0,false,frame_000.00.png
50,UTG,A5s,2,98,0,0,false,frame_000.00.png
50,UTG,A4s,2,98,0,0,false,frame_000.00.png
50,UTG,A3s,3,97,0,0,false,frame_000.00.png
50,UTG,A2s,0,0,0,100,false,frame_000.00.png
50,UTG,AKo,3,97,0,0,false,frame_000.00.png
50,UTG,KK,0,100,0,0,false,frame_000.00.png
50,UTG,KQs,3,97,0,0,false,frame_000.00.png
50,UTG,KJs,2,98,0,0,false,frame_000.00.png
50,UTG,KTs,2,98,0,0,false,frame_000.00.png
50,UTG,K9s,3,97,0,0,false,frame_000.00.png
50,UTG,K8s,3,97,0,0,false,frame_000.00.png
50,UTG,K7s,0,0,0,100,false,frame_000.00.png
50,UTG,K6s,0,0,0,100,false,frame_000.00.png
50,UTG,K5s,0,0,0,100,false,frame_000.00.png
50,UTG,K4s,0,0,0,100,false,frame_000.00.png
50,UTG,K3s,0,0,0,100,false,frame_000.00.png
50,UTG,K2s,0,0,0,100,false,frame_000.00.png
50,UTG,AQo,4,96,0,0,false,frame_000.00.png
50,UTG,KQo,3,97,0,0,false,frame_000.00.png
50,UTG,QQ,3,97,0,0,false,frame_000.00.png
50,UTG,QJs,2,98,0,0,false,frame_000.00.png
50,UTG,QTs,2,98,0,0,false,frame_000.00.png
50,UTG,Q9s,4,96,0,0,false,frame_000.00.png
50,UTG,Q8s,0,0,0,100,false,frame_000.00.png
50,UTG,Q7s,0,0,0,100,false,frame_000.00.png
50,UTG,Q6s,0,0,0,100,false,frame_000.00.png
50,UTG,Q5s,0,0,0,100,false,frame_000.00.png
50,UTG,Q4s,0,0,0,100,false,frame_000.00.png
50,UTG,Q3s,0,0,0,100,false,frame_000.00.png
50,UTG,Q2s,0,0,0,100,false,frame_000.00.png
50,UTG,AJo,3,97,0,0,false,frame_000.00.png
50,UTG,KJo,2,53,0,45,true,frame_000.00.png
50,UTG,QJo,0,17,0,83,false,frame_000.00.png
50,UTG,JJ,0,100,0,0,false,frame_000.00.png
50,UTG,JTs,0,100,0,0,false,frame_000.00.png
50,UTG,J9s,2,98,0,0,false,frame_000.00.png
50,UTG,J8s,0,0,0,100,false,frame_000.00.png
50,UTG,J7s,0,0,0,100,false,frame_000.00.png
50,UTG,J6s,0,0,0,100,false,frame_000.00.png
50,UTG,J5s,0,0,0,100,false,frame_000.00.png
50,UTG,J4s,0,0,0,100,false,frame_000.00.png
50,UTG,J3s,0,0,0,100,false,frame_000.00.png
50,UTG,J2s,0,0,0,100,false,frame_000.00.png
50,UTG,ATo,4,62,0,34,true,frame_000.00.png
50,UTG,KTo,0,0,0,100,false,frame_000.00.png
50,UTG,QTo,0,0,0,100,false,frame_000.00.png
50,UTG,JTo,0,0,0,100,false,frame_000.00.png
50,UTG,TT,0,100,0,0,false,frame_000.00.png
50,UTG,T9s,3,97,0,0,false,frame_000.00.png
50,UTG,T8s,2,79,0,19,false,frame_000.00.png
50,UTG,T7s,0,0,0,100,false,frame_000.00.png
50,UTG,T6s,0,0,0,100,false,frame_000.00.png
50,UTG,T5s,0,0,0,100,false,frame_000.00.png
50,UTG,T4s,0,0,0,100,false,frame_000.00.png
50,UTG,T3s,0,0,0,100,false,frame_000.00.png
50,UTG,T2s,0,0,0,100,false,frame_000.00.png
50,UTG,A9o,0,0,0,100,false,frame_000.00.png
50,UTG,K9o,0,0,0,100,false,frame_000.00.png
50,UTG,Q9o,0,0,0,100,false,frame_000.00.png
50,UTG,J9o,0,0,0,100,false,frame_000.00.png
50,UTG,T9o,0,0,0,100,false,frame_000.00.png
50,UTG,99,2,98,0,0,false,frame_000.00.png
50,UTG,98s,2,52,0,46,true,frame_000.00.png
50,UTG,97s,0,0,0,100,false,frame_000.00.png
50,UTG,96s,0,0,0,100,false,frame_000.00.png
50,UTG,95s,0,0,0,100,false,frame_000.00.png
50,UTG,94s,0,0,0,100,false,frame_000.00.png
50,UTG,93s,0,0,0,100,false,frame_000.00.png
50,UTG,92s,0,0,0,100,false,frame_000.00.png
50,UTG,A8o,0,0,0,100,false,frame_000.00.png
50,UTG,K8o,0,0,0,100,false,frame_000.00.png
50,UTG,Q8o,0,0,0,100,false,frame_000.00.png
50,UTG,J8o,0,0,0,100,false,frame_000.00.png
50,UTG,T8o,0,0,0,100,false,frame_000.00.png
50,UTG,98o,0,0,0,100,false,frame_000.00.png
50,UTG,88,0,100,0,0,false,frame_000.00.png
50,UTG,87s,0,13,0,87,false,frame_000.00.png
50,UTG,86s,0,0,0,100,false,frame_000.00.png
50,UTG,85s,0,0,0,100,false,frame_000.00.png
50,UTG,84s,0,0,0,100,false,frame_000.00.png
50,UTG,83s,0,0,0,100,false,frame_000.00.png
50,UTG,82s,0,0,0,100,false,frame_000.00.png
50,UTG,A7o,0,0,0,100,false,frame_000.00.png
50,UTG,K7o,0,0,0,100,false,frame_000.00.png
50,UTG,Q7o,0,0,0,100,false,frame_000.00.png
50,UTG,J7o,0,0,0,100,false,frame_000.00.png
50,UTG,T7o,0,0,0,100,false,frame_000.00.png
50,UTG,97o,0,0,0,100,false,frame_000.00.png
50,UTG,87o,0,0,0,100,false,frame_000.00.png
50,UTG,77,0,100,0,0,false,frame_000.00.png
50,UTG,76s,3,37,0,60,true,frame_000.00.png
50,UTG,75s,0,0,0,100,false,frame_000.00.png
50,UTG,74s,0,0,0,100,false,frame_000.00.png
50,UTG,73s,0,0,0,100,false,frame_000.00.png
50,UTG,72s,0,0,0,100,false,frame_000.00.png
50,UTG,A6o,0,0,0,100,false,frame_000.00.png
50,UTG,K6o,0,0,0,100,false,frame_000.00.png
50,UTG,Q6o,0,0,0,100,false,frame_000.00.png
50,UTG,J6o,0,0,0,100,false,frame_000.00.png
50,UTG,T6o,0,0,0,100,false,frame_000.00.png
50,UTG,96o,0,0,0,100,false,frame_000.00.png
50,UTG,86o,0,0,0,100,false,frame_000.00.png
50,UTG,76o,0,0,0,100,false,frame_000.00.png
50,UTG,66,2,98,0,0,false,frame_000.00.png
50,UTG,65s,2,67,0,31,true,frame_000.00.png
50,UTG,64s,0,0,0,100,false,frame_000.00.png
50,UTG,63s,0,0,0,100,false,frame_000.00.png
50,UTG,62s,0,0,0,100,false,frame_000.00.png
50,UTG,A5o,0,0,0,100,false,frame_000.00.png
50,UTG,K5o,0,0,0,100,false,frame_000.00.png
50,UTG,Q5o,0,0,0,100,false,frame_000.00.png
50,UTG,J5o,0,0,0,100,false,frame_000.00.png
50,UTG,T5o,0,0,0,100,false,frame_000.00.png
50,UTG,95o,0,0,0,100,false,frame_000.00.png
50,UTG,85o,0,0,0,100,false,frame_000.00.png
50,UTG,75o,0,0,0,100,false,frame_000.00.png
50,UTG,65o,0,0,0,100,false,frame_000.00.png
50,UTG,55,0,100,0,0,false,frame_000.00.png
50,UTG,54s,0,17,0,83,false,frame_000.00.png
50,UTG,53s,0,0,0,100,false,frame_000.00.png
50,UTG,52s,0,0,0,100,false,frame_000.00.png
50,UTG,A4o,0,0,0,100,false,frame_000.00.png
50,UTG,K4o,0,0,0,100,false,frame_000.00.png
50,UTG,Q4o,0,0,0,100,false,frame_000.00.png
50,UTG,J4o,0,0,0,100,false,frame_000.00.png
50,UTG,T4o,0,0,0,100,false,frame_000.00.png
50,UTG,94o,0,0,0,100,false,frame_000.00.png
50,UTG,84o,0,0,0,100,false,frame_000.00.png
50,UTG,74o,0,0,0,100,false,frame_000.00.png
50,UTG,64o,0,0,0,100,false,frame_000.00.png
50,UTG,54o,0,0,0,100,false,frame_000.00.png
50,UTG,44,0,84,0,16,false,frame_000.00.png
50,UTG,43s,0,0,0,100,false,frame_000.00.png
50,UTG,42s,0,0,0,100,false,frame_000.00.png
50,UTG,A3o,0,0,0,100,false,frame_000.00.png
50,UTG,K3o,0,0,0,100,false,frame_000.00.png
50,UTG,Q3o,0,0,0,100,false,frame_000.00.png
50,UTG,J3o,0,0,0,100,false,frame_000.00.png
50,UTG,T3o,0,0,0,100,false,frame_000.00.png
50,UTG,93o,0,0,0,100,false,frame_000.00.png
50,UTG,83o,0,0,0,100,false,frame_000.00.png
50,UTG,73o,0,0,0,100,false,frame_000.00.png
50,UTG,63o,0,0,0,100,false,frame_000.00.png
50,UTG,53o,0,0,0,100,false,frame_000.00.png
50,UTG,43o,0,0,0,100,false,frame_000.00.png
50,UTG,33,0,0,0,100,false,frame_000.00.png
50,UTG,32s,0,0,0,100,false,frame_000.00.png
50,UTG,A2o,0,0,0,100,false,frame_000.00.png
50,UTG,K2o,0,0,0,100,false,frame_000.00.png
50,UTG,Q2o,0,0,0,100,false,frame_000.00.png
50,UTG,J2o,0,0,0,100,false,frame_000.00.png
50,UTG,T2o,0,0,0,100,false,frame_000.00.png
50,UTG,92o,0,0,0,100,false,frame_000.00.png
50,UTG,82o,0,0,0,100,false,frame_000.00.png
50,UTG,72o,0,0,0,100,false,frame_000.00.png
50,UTG,62o,0,0,0,100,false,frame_000.00.png
50,UTG,52o,0,0,0,100,false,frame_000.00.png
50,UTG,42o,0,0,0,100,false,frame_000.00.png
50,UTG,32o,0,0,0,100,false,frame_000.00.png
50,UTG,22,0,0,0,100,false,frame_000.00.png
50,UTG1,AA,3,97,0,0,false,frame_001.00.png
50,UTG1,AKs,3,97,0,0,false,frame_001.00.png
50,UTG1,AQs,3,97,0,0,false,frame_001.00.png
50,UTG1,AJs,2,98,0,0,false,frame_001.00.png
50,UTG1,ATs,2,98,0,0,false,frame_001.00.png
50,UTG1,A9s,3,97,0,0,false,frame_001.00.png
50,UTG1,A8s,2,98,0,0,false,frame_001.00.png
50,UTG1,A7s,2,98,0,0,false,frame_001.00.png
50,UTG1,A6s,3,97,0,0,false,frame_001.00.png
50,UTG1,A5s,2,98,0,0,false,frame_001.00.png
50,UTG1,A4s,2,98,0,0,false,frame_001.00.png
50,UTG1,A3s,2,98,0,0,false,frame_001.00.png
50,UTG1,A2s,0,0,0,100,false,frame_001.00.png
50,UTG1,AKo,3,97,0,0,false,frame_001.00.png
50,UTG1,KK,0,100,0,0,false,frame_001.00.png
50,UTG1,KQs,3,97,0,0,false,frame_001.00.png
50,UTG1,KJs,2,98,0,0,false,frame_001.00.png
50,UTG1,KTs,2,98,0,0,false,frame_001.00.png
50,UTG1,K9s,3,97,0,0,false,frame_001.00.png
50,UTG1,K8s,3,97,0,0,false,frame_001.00.png
50,UTG1,K7s,0,0,0,100,false,frame_001.00.png
50,UTG1,K6s,0,0,0,100,false,frame_001.00.png
50,UTG1,K5s,0,0,0,100,false,frame_001.00.png
50,UTG1,K4s,0,0,0,100,false,frame_001.00.png
50,UTG1,K3s,0,0,0,100,false,frame_001.00.png
50,UTG1,K2s,0,0,0,100,false,frame_001.00.png
50,UTG1,AQo,4,96,0,0,false,frame_001.00.png
50,UTG1,KQo,3,97,0,0,false,frame_001.00.png
50,UTG1,QQ,3,97,0,0,false,frame_001.00.png
50,UTG1,QJs,2,98,0,0,false,frame_001.00.png
50,UTG1,QTs,2,98,0,0,false,frame_001.00.png
50,UTG1,Q9s,4,96,0,0,false,frame_001.00.png
50,UTG1,Q8s,0,0,0,100,false,frame_001.00.png
50,UTG1,Q7s,0,0,0,100,false,frame_001.00.png
50,UTG1,Q6s,0,0,0,100,false,frame_001.00.png
50,UTG1,Q5s,0,0,0,100,false,frame_001.00.png
50,UTG1,Q4s,0,0,0,100,false,frame_001.00.png
50,UTG1,Q3s,0,0,0,100,false,frame_001.00.png
50,UTG1,Q2s,0,0,0,100,false,frame_001.00.png
50,UTG1,AJo,3,97,0,0,false,frame_001.00.png
50,UTG1,KJo,2,53,0,45,true,frame_001.00.png
50,UTG1,QJo,0,17,0,83,false,frame_001.00.png
50,UTG1,JJ,0,100,0,0,false,frame_001.00.png
50,UTG1,JTs,0,100,0,0,false,frame_001.00.png
50,UTG1,J9s,2,98,0,0,false,frame_001.00.png
50,UTG1,J8s,0,0,0,100,false,frame_001.00.png
50,UTG1,J7s,0,0,0,100,false,frame_001.00.png
50,UTG1,J6s,0,0,0,100,false,frame_001.00.png
50,UTG1,J5s,0,0,0,100,false,frame_001.00.png
50,UTG1,J4s,0,0,0,100,false,frame_001.00.png
50,UTG1,J3s,0,0,0,100,false,frame_001.00.png
50,UTG1,J2s,0,0,0,100,false,frame_001.00.png
50,UTG1,ATo,4,62,0,34,true,frame_001.00.png
50,UTG1,KTo,0,0,0,100,false,frame_001.00.png
50,UTG1,QTo,0,0,0,100,false,frame_001.00.png
50,UTG1,JTo,0,0,0,100,false,frame_001.00.png
50,UTG1,TT,0,100,0,0,false,frame_001.00.png
50,UTG1,T9s,3,97,0,0,false,frame_001.00.png
50,UTG1,T8s,2,79,0,19,false,frame_001.00.png
50,UTG1,T7s,0,0,0,100,false,frame_001.00.png
50,UTG1,T6s,0,0,0,100,false,frame_001.00.png
50,UTG1,T5s,0,0,0,100,false,frame_001.00.png
50,UTG1,T4s,0,0,0,100,false,frame_001.00.png
50,UTG1,T3s,0,0,0,100,false,frame_001.00.png
50,UTG1,T2s,0,0,0,100,false,frame_001.00.png
50,UTG1,A9o,0,0,0,100,false,frame_001.00.png
50,UTG1,K9o,0,0,0,100,false,frame_001.00.png
50,UTG1,Q9o,0,0,0,100,false,frame_001.00.png
50,UTG1,J9o,0,0,0,100,false,frame_001.00.png
50,UTG1,T9o,0,0,0,100,false,frame_001.00.png
50,UTG1,99,2,98,0,0,false,frame_001.00.png
50,UTG1,98s,2,52,0,46,true,frame_001.00.png
50,UTG1,97s,0,0,0,100,false,frame_001.00.png
50,UTG1,96s,0,0,0,100,false,frame_001.00.png
50,UTG1,95s,0,0,0,100,false,frame_001.00.png
50,UTG1,94s,0,0,0,100,false,frame_001.00.png
50,UTG1,93s,0,0,0,100,false,frame_001.00.png
50,UTG1,92s,0,0,0,100,false,frame_001.00.png
50,UTG1,A8o,0,0,0,100,false,frame_001.00.png
50,UTG1,K8o,0,0,0,100,false,frame_001.00.png
50,UTG1,Q8o,0,0,0,100,false,frame_001.00.png
50,UTG1,J8o,0,0,0,100,false,frame_001.00.png
50,UTG1,T8o,0,0,0,100,false,frame_001.00.png
50,UTG1,98o,0,0,0,100,false,frame_001.00.png
50,UTG1,88,0,100,0,0,false,frame_001.00.png
50,UTG1,87s,0,13,0,87,false,frame_001.00.png
50,UTG1,86s,0,0,0,100,false,frame_001.00.png
50,UTG1,85s,0,0,0,100,false,frame_001.00.png
50,UTG1,84s,0,0,0,100,false,frame_001.00.png
50,UTG1,83s,0,0,0,100,false,frame_001.00.png
50,UTG1,82s,0,0,0,100,false,frame_001.00.png
50,UTG1,A7o,0,0,0,100,false,frame_001.00.png
50,UTG1,K7o,0,0,0,100,false,frame_001.00.png
50,UTG1,Q7o,0,0,0,100,false,frame_001.00.png
50,UTG1,J7o,0,0,0,100,false,frame_001.00.png
50,UTG1,T7o,0,0,0,100,false,frame_001.00.png
50,UTG1,97o,0,0,0,100,false,frame_001.00.png
50,UTG1,87o,0,0,0,100,false,frame_001.00.png
50,UTG1,77,0,100,0,0,false,frame_001.00.png
50,UTG1,76s,3,37,0,60,true,frame_001.00.png
50,UTG1,75s,0,0,0,100,false,frame_001.00.png
50,UTG1,74s,0,0,0,100,false,frame_001.00.png
50,UTG1,73s,0,0,0,100,false,frame_001.00.png
50,UTG1,72s,0,0,0,100,false,frame_001.00.png
50,UTG1,A6o,0,0,0,100,false,frame_001.00.png
50,UTG1,K6o,0,0,0,100,false,frame_001.00.png
50,UTG1,Q6o,0,0,0,100,false,frame_001.00.png
50,UTG1,J6o,0,0,0,100,false,frame_001.00.png
50,UTG1,T6o,0,0,0,100,false,frame_001.00.png
50,UTG1,96o,0,0,0,100,false,frame_001.00.png
50,UTG1,86o,0,0,0,100,false,frame_001.00.png
50,UTG1,76o,0,0,0,100,false,frame_001.00.png
50,UTG1,66,2,98,0,0,false,frame_001.00.png
50,UTG1,65s,2,67,0,31,true,frame_001.00.png
50,UTG1,64s,0,0,0,100,false,frame_001.00.png
50,UTG1,63s,0,0,0,100,false,frame_001.00.png
50,UTG1,62s,0,0,0,100,false,frame_001.00.png
50,UTG1,A5o,0,0,0,100,false,frame_001.00.png
50,UTG1,K5o,0,0,0,100,false,frame_001.00.png
50,UTG1,Q5o,0,0,0,100,false,frame_001.00.png
50,UTG1,J5o,0,0,0,100,false,frame_001.00.png
50,UTG1,T5o,0,0,0,100,false,frame_001.00.png
50,UTG1,95o,0,0,0,100,false,frame_001.00.png
50,UTG1,85o,0,0,0,100,false,frame_001.00.png
50,UTG1,75o,0,0,0,100,false,frame_001.00.png
50,UTG1,65o,0,0,0,100,false,frame_001.00.png
50,UTG1,55,0,100,0,0,false,frame_001.00.png
50,UTG1,54s,0,17,0,83,false,frame_001.00.png
50,UTG1,53s,0,0,0,100,false,frame_001.00.png
50,UTG1,52s,0,0,0,100,false,frame_001.00.png
50,UTG1,A4o,0,0,0,100,false,frame_001.00.png
50,UTG1,K4o,0,0,0,100,false,frame_001.00.png
50,UTG1,Q4o,0,0,0,100,false,frame_001.00.png
50,UTG1,J4o,0,0,0,100,false,frame_001.00.png
50,UTG1,T4o,0,0,0,100,false,frame_001.00.png
50,UTG1,94o,0,0,0,100,false,frame_001.00.png
50,UTG1,84o,0,0,0,100,false,frame_001.00.png
50,UTG1,74o,0,0,0,100,false,frame_001.00.png
50,UTG1,64o,0,0,0,100,false,frame_001.00.png
50,UTG1,54o,0,0,0,100,false,frame_001.00.png
50,UTG1,44,0,84,0,16,false,frame_001.00.png
50,UTG1,43s,0,0,0,100,false,frame_001.00.png
50,UTG1,42s,0,0,0,100,false,frame_001.00.png
50,UTG1,A3o,0,0,0,100,false,frame_001.00.png
50,UTG1,K3o,0,0,0,100,false,frame_001.00.png
50,UTG1,Q3o,0,0,0,100,false,frame_001.00.png
50,UTG1,J3o,0,0,0,100,false,frame_001.00.png
50,UTG1,T3o,0,0,0,100,false,frame_001.00.png
50,UTG1,93o,0,0,0,100,false,frame_001.00.png
50,UTG1,83o,0,0,0,100,false,frame_001.00.png
50,UTG1,73o,0,0,0,100,false,frame_001.00.png
50,UTG1,63o,0,0,0,100,false,frame_001.00.png
50,UTG1,53o,0,0,0,100,false,frame_001.00.png
50,UTG1,43o,0,0,0,100,false,frame_001.00.png
50,UTG1,33,0,0,0,100,false,frame_001.00.png
50,UTG1,32s,0,0,0,100,false,frame_001.00.png
50,UTG1,A2o,0,0,0,100,false,frame_001.00.png
50,UTG1,K2o,0,0,0,100,false,frame_001.00.png
50,UTG1,Q2o,0,0,0,100,false,frame_001.00.png
50,UTG1,J2o,0,0,0,100,false,frame_001.00.png
50,UTG1,T2o,0,0,0,100,false,frame_001.00.png
50,UTG1,92o,0,0,0,100,false,frame_001.00.png
50,UTG1,82o,0,0,0,100,false,frame_001.00.png
50,UTG1,72o,0,0,0,100,false,frame_001.00.png
50,UTG1,62o,0,0,0,100,false,frame_001.00.png
50,UTG1,52o,0,0,0,100,false,frame_001.00.png
50,UTG1,42o,0,0,0,100,false,frame_001.00.png
50,UTG1,32o,0,0,0,100,false,frame_001.00.png
50,UTG1,22,0,0,0,100,false,frame_001.00.png
50,LJ,AA,3,97,0,0,false,frame_003.00.png
50,LJ,AKs,2,98,0,0,false,frame_003.00.png
50,LJ,AQs,3,97,0,0,false,frame_003.00.png
50,LJ,AJs,2,98,0,0,false,frame_003.00.png
50,LJ,ATs,2,98,0,0,false,frame_003.00.png
50,LJ,A9s,3,97,0,0,false,frame_003.00.png
50,LJ,A8s,2,98,0,0,false,frame_003.00.png
50,LJ,A7s,2,98,0,0,false,frame_003.00.png
50,LJ,A6s,3,97,0,0,false,frame_003.00.png
50,LJ,A5s,2,98,0,0,false,frame_003.00.png
50,LJ,A4s,2,98,0,0,false,frame_003.00.png
50,LJ,A3s,2,98,0,0,false,frame_003.00.png
50,LJ,A2s,2,98,0,0,false,frame_003.00.png
50,LJ,AKo,3,97,0,0,false,frame_003.00.png
50,LJ,KK,0,100,0,0,false,frame_003.00.png
50,LJ,KQs,3,97,0,0,false,frame_003.00.png
50,LJ,KJs,2,98,0,0,false,frame_003.00.png
50,LJ,KTs,2,98,0,0,false,frame_003.00.png
50,LJ,K9s,3,97,0,0,false,frame_003.00.png
50,LJ,K8s,3,97,0,0,false,frame_003.00.png
50,LJ,K7s,2,98,0,0,false,frame_003.00.png
50,LJ,K6s,0,0,0,100,false,frame_003.00.png
50,LJ,K5s,0,0,0,100,false,frame_003.00.png
50,LJ,K4s,0,0,0,100,false,frame_003.00.png
50,LJ,K3s,0,0,0,100,false,frame_003.00.png
50,LJ,K2s,0,0,0,100,false,frame_003.00.png
50,LJ,AQo,4,96,0,0,false,frame_003.00.png
50,LJ,KQo,3,97,0,0,false,frame_003.00.png
50,LJ,QQ,3,97,0,0,false,frame_003.00.png
50,LJ,QJs,2,98,0,0,false,frame_003.00.png
50,LJ,QTs,2,98,0,0,false,frame_003.00.png
50,LJ,Q9s,4,96,0,0,false,frame_003.00.png
50,LJ,Q8s,0,0,0,100,false,frame_003.00.png
50,LJ,Q7s,0,0,0,100,false,frame_003.00.png
50,LJ,Q6s,0,0,0,100,false,frame_003.00.png
50,LJ,Q5s,0,0,0,100,false,frame_003.00.png
50,LJ,Q4s,0,0,0,100,false,frame_003.00.png
50,LJ,Q3s,0,0,0,100,false,frame_003.00.png
50,LJ,Q2s,0,0,0,100,false,frame_003.00.png
50,LJ,AJo,3,97,0,0,false,frame_003.00.png
50,LJ,KJo,2,98,0,0,false,frame_003.00.png
50,LJ,QJo,4,48,0,48,true,frame_003.00.png
50,LJ,JJ,0,100,0,0,false,frame_003.00.png
50,LJ,JTs,0,100,0,0,false,frame_003.00.png
50,LJ,J9s,2,98,0,0,false,frame_003.00.png
50,LJ,J8s,0,0,0,100,false,frame_003.00.png
50,LJ,J7s,0,0,0,100,false,frame_003.00.png
50,LJ,J6s,0,0,0,100,false,frame_003.00.png
50,LJ,J5s,0,0,0,100,false,frame_003.00.png
50,LJ,J4s,0,0,0,100,false,frame_003.00.png
50,LJ,J3s,0,0,0,100,false,frame_003.00.png
50,LJ,J2s,0,0,0,100,false,frame_003.00.png
50,LJ,ATo,2,98,0,0,false,frame_003.00.png
50,LJ,KTo,0,7,0,93,false,frame_003.00.png
50,LJ,QTo,0,0,0,100,false,frame_003.00.png
50,LJ,JTo,0,16,0,84,false,frame_003.00.png
50,LJ,TT,0,100,0,0,false,frame_003.00.png
50,LJ,T9s,2,98,0,0,false,frame_003.00.png
50,LJ,T8s,2,98,0,0,false,frame_003.00.png
50,LJ,T7s,0,0,0,100,false,frame_003.00.png
50,LJ,T6s,0,0,0,100,false,frame_003.00.png
50,LJ,T5s,0,0,0,100,false,frame_003.00.png
50,LJ,T4s,0,0,0,100,false,frame_003.00.png
50,LJ,T3s,0,0,0,100,false,frame_003.00.png
50,LJ,T2s,0,0,0,100,false,frame_003.00.png
50,LJ,A9o,0,0,0,100,false,frame_003.00.png
50,LJ,K9o,0,0,0,100,false,frame_003.00.png
50,LJ,Q9o,0,0,0,100,false,frame_003.00.png
50,LJ,J9o,0,0,0,100,false,frame_003.00.png
50,LJ,T9o,0,0,0,100,false,frame_003.00.png
50,LJ,99,2,98,0,0,false,frame_003.00.png
50,LJ,98s,3,97,0,0,false,frame_003.00.png
50,LJ,97s,0,0,0,100,false,frame_003.00.png
50,LJ,96s,0,0,0,100,false,frame_003.00.png
50,LJ,95s,0,0,0,100,false,frame_003.00.png
50,LJ,94s,0,0,0,100,false,frame_003.00.png
50,LJ,93s,0,0,0,100,false,frame_003.00.png
50,LJ,92s,0,0,0,100,false,frame_003.00.png
50,LJ,A8o,0,0,0,100,false,frame_003.00.png
50,LJ,K8o,0,0,0,100,false,frame_003.00.png
50,LJ,Q8o,0,0,0,100,false,frame_003.00.png
50,LJ,J8o,0,0,0,100,false,frame_003.00.png
50,LJ,T8o,0,0,0,100,false,frame_003.00.png
50,LJ,98o,0,0,0,100,false,frame_003.00.png
50,LJ,88,0,100,0,0,false,frame_003.00.png
50,LJ,87s,0,32,0,68,true,frame_003.00.png
50,LJ,86s,0,0,0,100,false,frame_003.00.png
50,LJ,85s,0,0,0,100,false,frame_003.00.png
50,LJ,84s,0,0,0,100,false,frame_003.00.png
50,LJ,83s,0,0,0,100,false,frame_003.00.png
50,LJ,82s,0,0,0,100,false,frame_003.00.png
50,LJ,A7o,0,0,0,100,false,frame_003.00.png
50,LJ,K7o,0,0,0,100,false,frame_003.00.png
50,LJ,Q7o,0,0,0,100,false,frame_003.00.png
50,LJ,J7o,0,0,0,100,false,frame_003.00.png
50,LJ,T7o,0,0,0,100,false,frame_003.00.png
50,LJ,97o,0,0,0,100,false,frame_003.00.png
50,LJ,87o,0,0,0,100,false,frame_003.00.png
50,LJ,77,0,100,0,0,false,frame_003.00.png
50,LJ,76s,4,58,0,38,true,frame_003.00.png
50,LJ,75s,0,0,0,100,false,frame_003.00.png
50,LJ,74s,0,0,0,100,false,frame_003.00.png
50,LJ,73s,0,0,0,100,false,frame_003.00.png
50,LJ,72s,0,0,0,100,false,frame_003.00.png
50,LJ,A6o,0,0,0,100,false,frame_003.00.png
50,LJ,K6o,0,0,0,100,false,frame_003.00.png
50,LJ,Q6o,0,0,0,100,false,frame_003.00.png
50,LJ,J6o,0,0,0,100,false,frame_003.00.png
50,LJ,T6o,0,0,0,100,false,frame_003.00.png
50,LJ,96o,0,0,0,100,false,frame_003.00.png
50,LJ,86o,0,0,0,100,false,frame_003.00.png
50,LJ,76o,0,0,0,100,false,frame_003.00.png
50,LJ,66,2,98,0,0,false,frame_003.00.png
50,LJ,65s,2,89,0,9,false,frame_003.00.png
50,LJ,64s,0,0,0,100,false,frame_003.00.png
50,LJ,63s,0,0,0,100,false,frame_003.00.png
50,LJ,62s,0,0,0,100,false,frame_003.00.png
50,LJ,A5o,0,0,0,100,false,frame_003.00.png
50,LJ,K5o,0,0,0,100,false,frame_003.00.png
50,LJ,Q5o,0,0,0,100,false,frame_003.00.png
50,LJ,J5o,0,0,0,100,false,frame_003.00.png
50,LJ,T5o,0,0,0,100,false,frame_003.00.png
50,LJ,95o,0,0,0,100,false,frame_003.00.png
50,LJ,85o,0,0,0,100,false,frame_003.00.png
50,LJ,75o,0,0,0,100,false,frame_003.00.png
50,LJ,65o,0,0,0,100,false,frame_003.00.png
50,LJ,55,0,100,0,0,false,frame_003.00.png
50,LJ,54s,0,26,0,74,false,frame_003.00.png
50,LJ,53s,0,0,0,100,false,frame_003.00.png
50,LJ,52s,0,0,0,100,false,frame_003.00.png
50,LJ,A4o,0,0,0,100,false,frame_003.00.png
50,LJ,K4o,0,0,0,100,false,frame_003.00.png
50,LJ,Q4o,0,0,0,100,false,frame_003.00.png
50,LJ,J4o,0,0,0,100,false,frame_003.00.png
50,LJ,T4o,0,0,0,100,false,frame_003.00.png
50,LJ,94o,0,0,0,100,false,frame_003.00.png
50,LJ,84o,0,0,0,100,false,frame_003.00.png
50,LJ,74o,0,0,0,100,false,frame_003.00.png
50,LJ,64o,0,0,0,100,false,frame_003.00.png
50,LJ,54o,0,0,0,100,false,frame_003.00.png
50,LJ,44,0,100,0,0,false,frame_003.00.png
50,LJ,43s,0,0,0,100,false,frame_003.00.png
50,LJ,42s,0,0,0,100,false,frame_003.00.png
50,LJ,A3o,0,0,0,100,false,frame_003.00.png
50,LJ,K3o,0,0,0,100,false,frame_003.00.png
50,LJ,Q3o,0,0,0,100,false,frame_003.00.png
50,LJ,J3o,0,0,0,100,false,frame_003.00.png
50,LJ,T3o,0,0,0,100,false,frame_003.00.png
50,LJ,93o,0,0,0,100,false,frame_003.00.png
50,LJ,83o,0,0,0,100,false,frame_003.00.png
50,LJ,73o,0,0,0,100,false,frame_003.00.png
50,LJ,63o,0,0,0,100,false,frame_003.00.png
50,LJ,53o,0,0,0,100,false,frame_003.00.png
50,LJ,43o,0,0,0,100,false,frame_003.00.png
50,LJ,33,0,0,0,100,false,frame_003.00.png
50,LJ,32s,0,0,0,100,false,frame_003.00.png
50,LJ,A2o,0,0,0,100,false,frame_003.00.png
50,LJ,K2o,0,0,0,100,false,frame_003.00.png
50,LJ,Q2o,0,0,0,100,false,frame_003.00.png
50,LJ,J2o,0,0,0,100,false,frame_003.00.png
50,LJ,T2o,0,0,0,100,false,frame_003.00.png
50,LJ,92o,0,0,0,100,false,frame_003.00.png
50,LJ,82o,0,0,0,100,false,frame_003.00.png
50,LJ,72o,0,0,0,100,false,frame_003.00.png
50,LJ,62o,0,0,0,100,false,frame_003.00.png
50,LJ,52o,0,0,0,100,false,frame_003.00.png
50,LJ,42o,0,0,0,100,false,frame_003.00.png
50,LJ,32o,0,0,0,100,false,frame_003.00.png
50,LJ,22,0,0,0,100,false,frame_003.00.png
50,HJ,AA,3,97,0,0,false,frame_007.00.png
50,HJ,AKs,3,97,0,0,false,frame_007.00.png
50,HJ,AQs,3,97,0,0,false,frame_007.00.png
50,HJ,AJs,2,98,0,0,false,frame_007.00.png
50,HJ,ATs,2,98,0,0,false,frame_007.00.png
50,HJ,A9s,3,97,0,0,false,frame_007.00.png
50,HJ,A8s,2,98,0,0,false,frame_007.00.png
50,HJ,A7s,2,98,0,0,false,frame_007.00.png
50,HJ,A6s,3,97,0,0,false,frame_007.00.png
50,HJ,A5s,2,98,0,0,false,frame_007.00.png
50,HJ,A4s,2,98,0,0,false,frame_007.00.png
50,HJ,A3s,2,98,0,0,false,frame_007.00.png
50,HJ,A2s,2,98,0,0,false,frame_007.00.png
50,HJ,AKo,3,97,0,0,false,frame_007.00.png
50,HJ,KK,0,100,0,0,false,frame_007.00.png
50,HJ,KQs,3,97,0,0,false,frame_007.00.png
50,HJ,KJs,2,98,0,0,false,frame_007.00.png
50,HJ,KTs,2,98,0,0,false,frame_007.00.png
50,HJ,K9s,3,97,0,0,false,frame_007.00.png
50,HJ,K8s,3,97,0,0,false,frame_007.00.png
50,HJ,K7s,2,98,0,0,false,frame_007.00.png
50,HJ,K6s,3,97,0,0,false,frame_007.00.png
50,HJ,K5s,2,98,0,0,false,frame_007.00.png
50,HJ,K4s,3,97,0,0,false,frame_007.00.png
50,HJ,K3s,0,0,0,100,false,frame_007.00.png
50,HJ,K2s,0,0,0,100,false,frame_007.00.png
50,HJ,AQo,4,96,0,0,false,frame_007.00.png
50,HJ,KQo,3,97,0,0,false,frame_007.00.png
50,HJ,QQ,3,97,0,0,false,frame_007.00.png
50,HJ,QJs,2,98,0,0,false,frame_007.00.png
50,HJ,QTs,2,98,0,0,false,frame_007.00.png
50,HJ,Q9s,4,96,0,0,false,frame_007.00.png
50,HJ,Q8s,3,97,0,0,false,frame_007.00.png
50,HJ,Q7s,2,98,0,0,false,frame_007.00.png
50,HJ,Q6s,3,53,0,44,true,frame_007.00.png
50,HJ,Q5s,0,0,0,100,false,frame_007.00.png
50,HJ,Q4s,0,0,0,100,false,frame_007.00.png
50,HJ,Q3s,0,0,0,100,false,frame_007.00.png
50,HJ,Q2s,0,0,0,100,false,frame_007.00.png
50,HJ,AJo,3,97,0,0,false,frame_007.00.png
50,HJ,KJo,2,98,0,0,false,frame_007.00.png
50,HJ,QJo,3,97,0,0,false,frame_007.00.png
50,HJ,JJ,0,100,0,0,false,frame_007.00.png
50,HJ,JTs,0,100,0,0,false,frame_007.00.png
50,HJ,J9s,2,98,0,0,false,frame_007.00.png
50,HJ,J8s,2,98,0,0,false,frame_007.00.png
50,HJ,J7s,0,69,0,31,true,frame_007.00.png
50,HJ,J6s,0,0,0,100,false,frame_007.00.png
50,HJ,J5s,0,0,0,100,false,frame_007.00.png
50,HJ,J4s,0,0,0,100,false,frame_007.00.png
50,HJ,J3s,0,0,0,100,false,frame_007.00.png
50,HJ,J2s,0,0,0,100,false,frame_007.00.png
50,HJ,ATo,3,97,0,0,false,frame_007.00.png
50,HJ,KTo,2,98,0,0,false,frame_007.00.png
50,HJ,QTo,3,97,0,0,false,frame_007.00.png
50,HJ,JTo,0,100,0,0,false,frame_007.00.png
50,HJ,TT,0,100,0,0,false,frame_007.00.png
50,HJ,T9s,3,97,0,0,false,frame_007.00.png
50,HJ,T8s,2,98,0,0,false,frame_007.00.png
50,HJ,T7s,0,100,0,0,false,frame_007.00.png
50,HJ,T6s,0,0,0,100,false,frame_007.00.png
50,HJ,T5s,0,0,0,100,false,frame_007.00.png
50,HJ,T4s,0,0,0,100,false,frame_007.00.png
50,HJ,T3s,0,0,0,100,false,frame_007.00.png
50,HJ,T2s,0,0,0,100,false,frame_007.00.png
50,HJ,A9o,3,97,0,0,false,frame_007.00.png
50,HJ,K9o,0,0,0,100,false,frame_007.00.png
50,HJ,Q9o,0,0,0,100,false,frame_007.00.png
50,HJ,J9o,0,0,0,100,false,frame_007.00.png
50,HJ,T9o,0,9,0,91,false,frame_007.00.png
50,HJ,99,2,98,0,0,false,frame_007.00.png
50,HJ,98s,3,97,0,0,false,frame_007.00.png
50,HJ,97s,0,100,0,0,false,frame_007.00.png
50,HJ,96s,0,0,0,100,false,frame_007.00.png
50,HJ,95s,0,0,0,100,false,frame_007.00.png
50,HJ,94s,0,0,0,100,false,frame_007.00.png
50,HJ,93s,0,0,0,100,false,frame_007.00.png
50,HJ,92s,0,0,0,100,false,frame_007.00.png
50,HJ,A8o,5,92,0,3,false,frame_007.00.png
50,HJ,K8o,0,0,0,100,false,frame_007.00.png
50,HJ,Q8o,0,0,0,100,false,frame_007.00.png
50,HJ,J8o,0,0,0,100,false,frame_007.00.png
50,HJ,T8o,0,0,0,100,false,frame_007.00.png
50,HJ,98o,0,0,0,100,false,frame_007.00.png
50,HJ,88,0,100,0,0,false,frame_007.00.png
50,HJ,87s,0,100,0,0,false,frame_007.00.png
50,HJ,86s,4,53,0,43,true,frame_007.00.png
50,HJ,85s,0,0,0,100,false,frame_007.00.png
50,HJ,84s,0,0,0,100,false,frame_007.00.png
50,HJ,83s,0,0,0,100,false,frame_007.00.png
50,HJ,82s,0,0,0,100,false,frame_007.00.png
50,HJ,A7o,0,0,0,100,false,frame_007.00.png
50,HJ,K7o,0,0,0,100,false,frame_007.00.png
50,HJ,Q7o,0,0,0,100,false,frame_007.00.png
50,HJ,J7o,0,0,0,100,false,frame_007.00.png
50,HJ,T7o,0,0,0,100,false,frame_007.00.png
50,HJ,97o,0,0,0,100,false,frame_007.00.png
50,HJ,87o,0,0,0,100,false,frame_007.00.png
50,HJ,77,0,100,0,0,false,frame_007.00.png
50,HJ,76s,2,98,0,0,false,frame_007.00.png
50,HJ,75s,0,0,0,100,false,frame_007.00.png
50,HJ,74s,0,0,0,100,false,frame_007.00.png
50,HJ,73s,0,0,0,100,false,frame_007.00.png
50,HJ,72s,0,0,0,100,false,frame_007.00.png
50,HJ,A6o,0,0,0,100,false,frame_007.00.png
50,HJ,K6o,0,0,0,100,false,frame_007.00.png
50,HJ,Q6o,0,0,0,100,false,frame_007.00.png
50,HJ,J6o,0,0,0,100,false,frame_007.00.png
50,HJ,T6o,0,0,0,100,false,frame_007.00.png
50,HJ,96o,0,0,0,100,false,frame_007.00.png
50,HJ,86o,0,0,0,100,false,frame_007.00.png
50,HJ,76o,0,0,0,100,false,frame_007.00.png
50,HJ,66,2,98,0,0,false,frame_007.00.png
50,HJ,65s,2,98,0,0,false,frame_007.00.png
50,HJ,64s,0,0,0,100,false,frame_007.00.png
50,HJ,63s,0,0,0,100,false,frame_007.00.png
50,HJ,62s,0,0,0,100,false,frame_007.00.png
50,HJ,A5o,0,0,0,100,false,frame_007.00.png
50,HJ,K5o,0,0,0,100,false,frame_007.00.png
50,HJ,Q5o,0,0,0,100,false,frame_007.00.png
50,HJ,J5o,0,0,0,100,false,frame_007.00.png
50,HJ,T5o,0,0,0,100,false,frame_007.00.png
50,HJ,95o,0,0,0,100,false,frame_007.00.png
50,HJ,85o,0,0,0,100,false,frame_007.00.png
50,HJ,75o,0,0,0,100,false,frame_007.00.png
50,HJ,65o,0,0,0,100,false,frame_007.00.png
50,HJ,55,0,100,0,0,false,frame_007.00.png
50,HJ,54s,2,98,0,0,false,frame_007.00.png
50,HJ,53s,0,0,0,100,false,frame_007.00.png
50,HJ,52s,0,0,0,100,false,frame_007.00.png
50,HJ,A4o,0,0,0,100,false,frame_007.00.png
50,HJ,K4o,0,0,0,100,false,frame_007.00.png
50,HJ,Q4o,0,0,0,100,false,frame_007.00.png
50,HJ,J4o,0,0,0,100,false,frame_007.00.png
50,HJ,T4o,0,0,0,100,false,frame_007.00.png
50,HJ,94o,0,0,0,100,false,frame_007.00.png
50,HJ,84o,0,0,0,100,false,frame_007.00.png
50,HJ,74o,0,0,0,100,false,frame_007.00.png
50,HJ,64o,0,0,0,100,false,frame_007.00.png
50,HJ,54o,0,0,0,100,false,frame_007.00.png
50,HJ,44,0,100,0,0,false,frame_007.00.png
50,HJ,43s,0,0,0,100,false,frame_007.00.png
50,HJ,42s,0,0,0,100,false,frame_007.00.png
50,HJ,A3o,0,0,0,100,false,frame_007.00.png
50,HJ,K3o,0,0,0,100,false,frame_007.00.png
50,HJ,Q3o,0,0,0,100,false,frame_007.00.png
50,HJ,J3o,0,0,0,100,false,frame_007.00.png
50,HJ,T3o,0,0,0,100,false,frame_007.00.png
50,HJ,93o,0,0,0,100,false,frame_007.00.png
50,HJ,83o,0,0,0,100,false,frame_007.00.png
50,HJ,73o,0,0,0,100,false,frame_007.00.png
50,HJ,63o,0,0,0,100,false,frame_007.00.png
50,HJ,53o,0,0,0,100,false,frame_007.00.png
50,HJ,43o,0,0,0,100,false,frame_007.00.png
50,HJ,33,0,100,0,0,false,frame_007.00.png
50,HJ,32s,0,0,0,100,false,frame_007.00.png
50,HJ,A2o,0,0,0,100,false,frame_007.00.png
50,HJ,K2o,0,0,0,100,false,frame_007.00.png
50,HJ,Q2o,0,0,0,100,false,frame_007.00.png
50,HJ,J2o,0,0,0,100,false,frame_007.00.png
50,HJ,T2o,0,0,0,100,false,frame_007.00.png
50,HJ,92o,0,0,0,100,false,frame_007.00.png
50,HJ,82o,0,0,0,100,false,frame_007.00.png
50,HJ,72o,0,0,0,100,false,frame_007.00.png
50,HJ,62o,0,0,0,100,false,frame_007.00.png
50,HJ,52o,0,0,0,100,false,frame_007.00.png
50,HJ,42o,0,0,0,100,false,frame_007.00.png
50,HJ,32o,0,0,0,100,false,frame_007.00.png
50,HJ,22,0,14,0,86,false,frame_007.00.png
50,CO,AA,100,0,0,0,false,frame_008.00.png
50,CO,AKs,100,0,0,0,false,frame_008.00.png
50,CO,AQs,100,0,0,0,false,frame_008.00.png
50,CO,AJs,100,0,0,0,false,frame_008.00.png
50,CO,ATs,100,0,0,0,false,frame_008.00.png
50,CO,A9s,100,0,0,0,false,frame_008.00.png
50,CO,A8s,100,0,0,0,false,frame_008.00.png
50,CO,A7s,100,0,0,0,false,frame_008.00.png
50,CO,A6s,100,0,0,0,false,frame_008.00.png
50,CO,A5s,100,0,0,0,false,frame_008.00.png
50,CO,A4s,100,0,0,0,false,frame_008.00.png
50,CO,A3s,100,0,0,0,false,frame_008.00.png
50,CO,A2s,100,0,0,0,false,frame_008.00.png
50,CO,AKo,100,0,0,0,false,frame_008.00.png
50,CO,KK,100,0,0,0,false,frame_008.00.png
50,CO,KQs,100,0,0,0,false,frame_008.00.png
50,CO,KJs,100,0,0,0,false,frame_008.00.png
50,CO,KTs,100,0,0,0,false,frame_008.00.png
50,CO,K9s,100,0,0,0,false,frame_008.00.png
50,CO,K8s,100,0,0,0,false,frame_008.00.png
50,CO,K7s,100,0,0,0,false,frame_008.00.png
50,CO,K6s,100,0,0,0,false,frame_008.00.png
50,CO,K5s,100,0,0,0,false,frame_008.00.png
50,CO,K4s,100,0,0,0,false,frame_008.00.png
50,CO,K3s,0,0,0,100,false,frame_008.00.png
50,CO,K2s,0,0,0,100,false,frame_008.00.png
50,CO,AQo,100,0,0,0,false,frame_008.00.png
50,CO,KQo,100,0,0,0,false,frame_008.00.png
50,CO,QQ,100,0,0,0,false,frame_008.00.png
50,CO,QJs,100,0,0,0,false,frame_008.00.png
50,CO,QTs,100,0,0,0,false,frame_008.00.png
50,CO,Q9s,100,0,0,0,false,frame_008.00.png
50,CO,Q8s,100,0,0,0,false,frame_008.00.png
50,CO,Q7s,100,0,0,0,false,frame_008.00.png
50,CO,Q6s,56,0,0,44,true,frame_008.00.png
50,CO,Q5s,0,0,0,100,false,frame_008.00.png
50,CO,Q4s,0,0,0,100,false,frame_008.00.png
50,CO,Q3s,0,0,0,100,false,frame_008.00.png
50,CO,Q2s,0,0,0,100,false,frame_008.00.png
50,CO,AJo,100,0,0,0,false,frame_008.00.png
50,CO,KJo,100,0,0,0,false,frame_008.00.png
50,CO,QJo,100,0,0,0,false,frame_008.00.png
50,CO,JJ,100,0,0,0,false,frame_008.00.png
50,CO,JTs,100,0,0,0,false,frame_008.00.png
50,CO,J9s,100,0,0,0,false,frame_008.00.png
50,CO,J8s,100,0,0,0,false,frame_008.00.png
50,CO,J7s,70,0,0,30,true,frame_008.00.png
50,CO,J6s,0,0,0,100,false,frame_008.00.png
50,CO,J5s,0,0,0,100,false,frame_008.00.png
50,CO,J4s,0,0,0,100,false,frame_008.00.png
50,CO,J3s,0,0,0,100,false,frame_008.00.png
50,CO,J2s,0,0,0,100,false,frame_008.00.png
50,CO,ATo,100,0,0,0,false,frame_008.00.png
50,CO,KTo,100,0,0,0,false,frame_008.00.png
50,CO,QTo,100,0,0,0,false,frame_008.00.png
50,CO,JTo,100,0,0,0,false,frame_008.00.png
50,CO,TT,100,0,0,0,false,frame_008.00.png
50,CO,T9s,100,0,0,0,false,frame_008.00.png
50,CO,T8s,100,0,0,0,false,frame_008.00.png
50,CO,T7s,100,0,0,0,false,frame_008.00.png
50,CO,T6s,0,0,0,100,false,frame_008.00.png
50,CO,T5s,0,0,0,100,false,frame_008.00.png
50,CO,T4s,0,0,0,100,false,frame_008.00.png
50,CO,T3s,0,0,0,100,false,frame_008.00.png
50,CO,T2s,0,0,0,100,false,frame_008.00.png
50,CO,A9o,100,0,0,0,false,frame_008.00.png
50,CO,K9o,0,0,0,100,false,frame_008.00.png
50,CO,Q9o,0,0,0,100,false,frame_008.00.png
50,CO,J9o,0,0,0,100,false,frame_008.00.png
50,CO,T9o,9,0,0,91,false,frame_008.00.png
50,CO,99,100,0,0,0,false,frame_008.00.png
50,CO,98s,100,0,0,0,false,frame_008.00.png
50,CO,97s,100,0,0,0,false,frame_008.00.png
50,CO,96s,0,0,0,100,false,frame_008.00.png
50,CO,95s,0,0,0,100,false,frame_008.00.png
50,CO,94s,0,0,0,100,false,frame_008.00.png
50,CO,93s,0,0,0,100,false,frame_008.00.png
50,CO,92s,0,0,0,100,false,frame_008.00.png
50,CO,A8o,97,0,0,3,false,frame_008.00.png
50,CO,K8o,0,0,0,100,false,frame_008.00.png
50,CO,Q8o,0,0,0,100,false,frame_008.00.png
50,CO,J8o,0,0,0,100,false,frame_008.00.png
50,CO,T8o,0,0,0,100,false,frame_008.00.png
50,CO,98o,0,0,0,100,false,frame_008.00.png
50,CO,88,100,0,0,0,false,frame_008.00.png
50,CO,87s,100,0,0,0,false,frame_008.00.png
50,CO,86s,57,0,0,43,true,frame_008.00.png
50,CO,85s,0,0,0,100,false,frame_008.00.png
50,CO,84s,0,0,0,100,false,frame_008.00.png
50,CO,83s,0,0,0,100,false,frame_008.00.png
50,CO,82s,0,0,0,100,false,frame_008.00.png
50,CO,A7o,0,0,0,100,false,frame_008.00.png
50,CO,K7o,0,0,0,100,false,frame_008.00.png
50,CO,Q7o,0,0,0,100,false,frame_008.00.png
50,CO,J7o,0,0,0,100,false,frame_008.00.png
50,CO,T7o,0,0,0,100,false,frame_008.00.png
50,CO,97o,0,0,0,100,false,frame_008.00.png
50,CO,87o,0,0,0,100,false,frame_008.00.png
50,CO,77,100,0,0,0,false,frame_008.00.png
50,CO,76s,100,0,0,0,false,frame_008.00.png
50,CO,75s,0,0,0,100,false,frame_008.00.png
50,CO,74s,0,0,0,100,false,frame_008.00.png
50,CO,73s,0,0,0,100,false,frame_008.00.png
50,CO,72s,0,0,0,100,false,frame_008.00.png
50,CO,A6o,0,0,0,100,false,frame_008.00.png
50,CO,K6o,0,0,0,100,false,frame_008.00.png
50,CO,Q6o,0,0,0,100,false,frame_008.00.png
50,CO,J6o,0,0,0,100,false,frame_008.00.png
50,CO,T6o,0,0,0,100,false,frame_008.00.png
50,CO,96o,0,0,0,100,false,frame_008.00.png
50,CO,86o,0,0,0,100,false,frame_008.00.png
50,CO,76o,0,0,0,100,false,frame_008.00.png
50,CO,66,100,0,0,0,false,frame_008.00.png
50,CO,65s,100,0,0,0,false,frame_008.00.png
50,CO,64s,0,0,0,100,false,frame_008.00.png
50,CO,63s,0,0,0,100,false,frame_008.00.png
50,CO,62s,0,0,0,100,false,frame_008.00.png
50,CO,A5o,0,0,0,100,false,frame_008.00.png
50,CO,K5o,0,0,0,100,false,frame_008.00.png
50,CO,Q5o,0,0,0,100,false,frame_008.00.png
50,CO,J5o,0,0,0,100,false,frame_008.00.png
50,CO,T5o,0,0,0,100,false,frame_008.00.png
50,CO,95o,0,0,0,100,false,frame_008.00.png
50,CO,85o,0,0,0,100,false,frame_008.00.png
50,CO,75o,0,0,0,100,false,frame_008.00.png
50,CO,65o,0,0,0,100,false,frame_008.00.png
50,CO,55,100,0,0,0,false,frame_008.00.png
50,CO,54s,100,0,0,0,false,frame_008.00.png
50,CO,53s,0,0,0,100,false,frame_008.00.png
50,CO,52s,0,0,0,100,false,frame_008.00.png
50,CO,A4o,0,0,0,100,false,frame_008.00.png
50,CO,K4o,0,0,0,100,false,frame_008.00.png
50,CO,Q4o,0,0,0,100,false,frame_008.00.png
50,CO,J4o,0,0,0,100,false,frame_008.00.png
50,CO,T4o,0,0,0,100,false,frame_008.00.png
50,CO,94o,0,0,0,100,false,frame_008.00.png
50,CO,84o,0,0,0,100,false,frame_008.00.png
50,CO,74o,0,0,0,100,false,frame_008.00.png
50,CO,64o,0,0,0,100,false,frame_008.00.png
50,CO,54o,0,0,0,100,false,frame_008.00.png
50,CO,44,100,0,0,0,false,frame_008.00.png
50,CO,43s,0,0,0,100,false,frame_008.00.png
50,CO,42s,0,0,0,100,false,frame_008.00.png
50,CO,A3o,0,0,0,100,false,frame_008.00.png
50,CO,K3o,0,0,0,100,false,frame_008.00.png
50,CO,Q3o,0,0,0,100,false,frame_008.00.png
50,CO,J3o,0,0,0,100,false,frame_008.00.png
50,CO,T3o,0,0,0,100,false,frame_008.00.png
50,CO,93o,0,0,0,100,false,frame_008.00.png
50,CO,83o,0,0,0,100,false,frame_008.00.png
50,CO,73o,0,0,0,100,false,frame_008.00.png
50,CO,63o,0,0,0,100,false,frame_008.00.png
50,CO,53o,0,0,0,100,false,frame_008.00.png
50,CO,43o,0,0,0,100,false,frame_008.00.png
50,CO,33,100,0,0,0,false,frame_008.00.png
50,CO,32s,0,0,0,100,false,frame_008.00.png
50,CO,A2o,0,0,0,100,false,frame_008.00.png
50,CO,K2o,0,0,0,100,false,frame_008.00.png
50,CO,Q2o,0,0,0,100,false,frame_008.00.png
50,CO,J2o,0,0,0,100,false,frame_008.00.png
50,CO,T2o,0,0,0,100,false,frame_008.00.png
50,CO,92o,0,0,0,100,false,frame_008.00.png
50,CO,82o,0,0,0,100,false,frame_008.00.png
50,CO,72o,0,0,0,100,false,frame_008.00.png
50,CO,62o,0,0,0,100,false,frame_008.00.png
50,CO,52o,0,0,0,100,false,frame_008.00.png
50,CO,42o,0,0,0,100,false,frame_008.00.png
50,CO,32o,0,0,0,100,false,frame_008.00.png
50,CO,22,15,0,0,85,false,frame_008.00.png
50,BTN,AA,3,97,0,0,false,frame_011.00.png
50,BTN,AKs,3,97,0,0,false,frame_011.00.png
50,BTN,AQs,3,97,0,0,false,frame_011.00.png
50,BTN,AJs,2,98,0,0,false,frame_011.00.png
50,BTN,ATs,2,98,0,0,false,frame_011.00.png
50,BTN,A9s,3,97,0,0,false,frame_011.00.png
50,BTN,A8s,2,98,0,0,false,frame_011.00.png
50,BTN,A7s,2,98,0,0,false,frame_011.00.png
50,BTN,A6s,3,97,0,0,false,frame_011.00.png
50,BTN,A5s,2,98,0,0,false,frame_011.00.png
50,BTN,A4s,2,98,0,0,false,frame_011.00.png
50,BTN,A3s,2,98,0,0,false,frame_011.00.png
50,BTN,A2s,2,98,0,0,false,frame_011.00.png
50,BTN,AKo,3,97,0,0,false,frame_011.00.png
50,BTN,KK,0,100,0,0,false,frame_011.00.png
50,BTN,KQs,3,97,0,0,false,frame_011.00.png
50,BTN,KJs,2,98,0,0,false,frame_011.00.png
50,BTN,KTs,2,98,0,0,false,frame_011.00.png
50,BTN,K9s,3,97,0,0,false,frame_011.00.png
50,BTN,K8s,3,97,0,0,false,frame_011.00.png
50,BTN,K7s,0,100,0,0,false,frame_011.00.png
50,BTN,K6s,3,97,0,0,false,frame_011.00.png
50,BTN,K5s,2,98,0,0,false,frame_011.00.png
50,BTN,K4s,3,97,0,0,false,frame_011.00.png
50,BTN,K3s,3,97,0,0,false,frame_011.00.png
50,BTN,K2s,2,98,0,0,false,frame_011.00.png
50,BTN,AQo,4,96,0,0,false,frame_011.00.png
50,BTN,KQo,3,97,0,0,false,frame_011.00.png
50,BTN,QQ,3,97,0,0,false,frame_011.00.png
50,BTN,QJs,2,98,0,0,false,frame_011.00.png
50,BTN,QTs,2,98,0,0,false,frame_011.00.png
50,BTN,Q9s,4,96,0,0,false,frame_011.00.png
50,BTN,Q8s,3,97,0,0,false,frame_011.00.png
50,BTN,Q7s,2,98,0,0,false,frame_011.00.png
50,BTN,Q6s,3,97,0,0,false,frame_011.00.png
50,BTN,Q5s,3,97,0,0,false,frame_011.00.png
50,BTN,Q4s,2,98,0,0,false,frame_011.00.png
50,BTN,Q3s,3,97,0,0,false,frame_011.00.png
50,BTN,Q2s,3,97,0,0,false,frame_011.00.png
50,BTN,AJo,3,97,0,0,false,frame_011.00.png
50,BTN,KJo,2,98,0,0,false,frame_011.00.png
50,BTN,QJo,3,97,0,0,false,frame_011.00.png
50,BTN,JJ,0,100,0,0,false,frame_011.00.png
50,BTN,JTs,0,100,0,0,false,frame_011.00.png
50,BTN,J9s,2,98,0,0,false,frame_011.00.png
50,BTN,J8s,2,98,0,0,false,frame_011.00.png
50,BTN,J7s,0,100,0,0,false,frame_011.00.png
50,BTN,J6s,3,97,0,0,false,frame_011.00.png
50,BTN,J5s,0,100,0,0,false,frame_011.00.png
50,BTN,J4s,0,100,0,0,false,frame_011.00.png
50,BTN,J3s,2,98,0,0,false,frame_011.00.png
50,BTN,J2s,0,100,0,0,false,frame_011.00.png
50,BTN,ATo,3,97,0,0,false,frame_011.00.png
50,BTN,KTo,2,98,0,0,false,frame_011.00.png
50,BTN,QTo,3,97,0,0,false,frame_011.00.png
50,BTN,JTo,0,100,0,0,false,frame_011.00.png
50,BTN,TT,0,100,0,0,false,frame_011.00.png
50,BTN,T9s,3,97,0,0,false,frame_011.00.png
50,BTN,T8s,2,98,0,0,false,frame_011.00.png
50,BTN,T7s,0,100,0,0,false,frame_011.00.png
50,BTN,T6s,3,97,0,0,false,frame_011.00.png
50,BTN,T5s,0,100,0,0,false,frame_011.00.png
50,BTN,T4s,0,100,0,0,false,frame_011.00.png
50,BTN,T3s,2,98,0,0,false,frame_011.00.png
50,BTN,T2s,0,0,0,100,false,frame_011.00.png
50,BTN,A9o,3,97,0,0,false,frame_011.00.png
50,BTN,K9o,3,97,0,0,false,frame_011.00.png
50,BTN,Q9o,3,97,0,0,false,frame_011.00.png
50,BTN,J9o,2,98,0,0,false,frame_011.00.png
50,BTN,T9o,0,100,0,0,false,frame_011.00.png
50,BTN,99,2,98,0,0,false,frame_011.00.png
50,BTN,98s,2,98,0,0,false,frame_011.00.png
50,BTN,97s,0,100,0,0,false,frame_011.00.png
50,BTN,96s,3,97,0,0,false,frame_011.00.png
50,BTN,95s,2,98,0,0,false,frame_011.00.png
50,BTN,94s,0,0,0,100,false,frame_011.00.png
50,BTN,93s,0,0,0,100,false,frame_011.00.png
50,BTN,92s,0,0,0,100,false,frame_011.00.png
50,BTN,A8o,3,97,0,0,false,frame_011.00.png
50,BTN,K8o,3,97,0,0,false,frame_011.00.png
50,BTN,Q8o,3,97,0,0,false,frame_011.00.png
50,BTN,J8o,2,98,0,0,false,frame_011.00.png
50,BTN,T8o,0,100,0,0,false,frame_011.00.png
50,BTN,98o,3,97,0,0,false,frame_011.00.png
50,BTN,88,0,100,0,0,false,frame_011.00.png
50,BTN,87s,0,100,0,0,false,frame_011.00.png
50,BTN,86s,3,97,0,0,false,frame_011.00.png
50,BTN,85s,2,98,0,0,false,frame_011.00.png
50,BTN,84s,0,0,0,100,false,frame_011.00.png
50,BTN,83s,0,0,0,100,false,frame_011.00.png
50,BTN,82s,0,0,0,100,false,frame_011.00.png
50,BTN,A7o,3,97,0,0,false,frame_011.00.png
50,BTN,K7o,2,98,0,0,false,frame_011.00.png
50,BTN,Q7o,3,36,0,61,true,frame_011.00.png
50,BTN,J7o,0,0,0,100,false,frame_011.00.png
50,BTN,T7o,0,23,0,77,false,frame_011.00.png
50,BTN,97o,3,28,0,69,true,frame_011.00.png
50,BTN,87o,2,89,0,9,false,frame_011.00.png
50,BTN,77,0,100,0,0,false,frame_011.00.png
50,BTN,76s,2,98,0,0,false,frame_011.00.png
50,BTN,75s,0,100,0,0,false,frame_011.00.png
50,BTN,74s,0,100,0,0,false,frame_011.00.png
50,BTN,73s,0,0,0,100,false,frame_011.00.png
50,BTN,72s,0,0,0,100,false,frame_011.00.png
50,BTN,A6o,3,97,0,0,false,frame_011.00.png
50,BTN,K6o,3,97,0,0,false,frame_011.00.png
50,BTN,Q6o,0,0,0,100,false,frame_011.00.png
50,BTN,J6o,0,0,0,100,false,frame_011.00.png
50,BTN,T6o,0,0,0,100,false,frame_011.00.png
50,BTN,96o,0,0,0,100,false,frame_011.00.png
50,BTN,86o,0,0,0,100,false,frame_011.00.png
50,BTN,76o,0,0,0,100,false,frame_011.00.png
50,BTN,66,2,98,0,0,false,frame_011.00.png
50,BTN,65s,2,98,0,0,false,frame_011.00.png
50,BTN,64s,2,98,0,0,false,frame_011.00.png
50,BTN,63s,0,0,0,100,false,frame_011.00.png
50,BTN,62s,0,0,0,100,false,frame_011.00.png
50,BTN,A5o,3,97,0,0,false,frame_011.00.png
50,BTN,K5o,3,75,0,22,false,frame_011.00.png
50,BTN,Q5o,0,0,0,100,false,frame_011.00.png
50,BTN,J5o,0,0,0,100,false,frame_011.00.png
50,BTN,T5o,0,0,0,100,false,frame_011.00.png
50,BTN,95o,0,0,0,100,false,frame_011.00.png
50,BTN,85o,0,0,0,100,false,frame_011.00.png
50,BTN,75o,0,0,0,100,false,frame_011.00.png
50,BTN,65o,0,0,0,100,false,frame_011.00.png
50,BTN,55,0,100,0,0,false,frame_011.00.png
50,BTN,54s,2,98,0,0,false,frame_011.00.png
50,BTN,53s,3,97,0,0,false,frame_011.00.png
50,BTN,52s,0,0,0,100,false,frame_011.00.png
50,BTN,A4o,3,97,0,0,false,frame_011.00.png
50,BTN,K4o,0,0,0,100,false,frame_011.00.png
50,BTN,Q4o,0,0,0,100,false,frame_011.00.png
50,BTN,J4o,0,0,0,100,false,frame_011.00.png
50,BTN,T4o,0,0,0,100,false,frame_011.00.png
50,BTN,94o,0,0,0,100,false,frame_011.00.png
50,BTN,84o,0,0,0,100,false,frame_011.00.png
50,BTN,74o,0,0,0,100,false,frame_011.00.png
50,BTN,64o,0,0,0,100,false,frame_011.00.png
50,BTN,54o,0,0,0,100,false,frame_011.00.png
50,BTN,44,0,100,0,0,false,frame_011.00.png
50,BTN,43s,2,98,0,0,false,frame_011.00.png
50,BTN,42s,0,0,0,100,false,frame_011.00.png
50,BTN,A3o,3,97,0,0,false,frame_011.00.png
50,BTN,K3o,0,0,0,100,false,frame_011.00.png
50,BTN,Q3o,0,0,0,100,false,frame_011.00.png
50,BTN,J3o,0,0,0,100,false,frame_011.00.png
50,BTN,T3o,0,0,0,100,false,frame_011.00.png
50,BTN,93o,0,0,0,100,false,frame_011.00.png
50,BTN,83o,0,0,0,100,false,frame_011.00.png
50,BTN,73o,0,0,0,100,false,frame_011.00.png
50,BTN,63o,0,0,0,100,false,frame_011.00.png
50,BTN,53o,0,0,0,100,false,frame_011.00.png
50,BTN,43o,0,0,0,100,false,frame_011.00.png
50,BTN,33,0,100,0,0,false,frame_011.00.png
50,BTN,32s,0,0,0,100,false,frame_011.00.png
50,BTN,A2o,3,97,0,0,false,frame_011.00.png
50,BTN,K2o,0,0,0,100,false,frame_011.00.png
50,BTN,Q2o,0,0,0,100,false,frame_011.00.png
50,BTN,J2o,0,0,0,100,false,frame_011.00.png
50,BTN,T2o,0,0,0,100,false,frame_011.00.png
50,BTN,92o,0,0,0,100,false,frame_011.00.png
50,BTN,82o,0,0,0,100,false,frame_011.00.png
50,BTN,72o,0,0,0,100,false,frame_011.00.png
50,BTN,62o,0,0,0,100,false,frame_011.00.png
50,BTN,52o,0,0,0,100,false,frame_011.00.png
50,BTN,42o,0,0,0,100,false,frame_011.00.png
50,BTN,32o,0,0,0,100,false,frame_011.00.png
50,BTN,22,0,100,0,0,false,frame_011.00.png
50,SB,AA,4,82,14,0,false,frame_015.00.png
50,SB,AKs,3,49,48,0,false,frame_015.00.png
50,SB,AQs,3,27,70,0,false,frame_015.00.png
50,SB,AJs,2,89,9,0,false,frame_015.00.png
50,SB,ATs,2,98,0,0,false,frame_015.00.png
50,SB,A9s,3,97,0,0,false,frame_015.00.png
50,SB,A8s,2,98,0,0,false,frame_015.00.png
50,SB,A7s,2,66,32,0,false,frame_015.00.png
50,SB,A6s,0,0,100,0,false,frame_015.00.png
50,SB,A5s,2,98,0,0,false,frame_015.00.png
50,SB,A4s,0,9,91,0,false,frame_015.00.png
50,SB,A3s,0,0,100,0,false,frame_015.00.png
50,SB,A2s,0,0,100,0,false,frame_015.00.png
50,SB,AKo,2,32,66,0,false,frame_015.00.png
50,SB,KK,0,56,44,0,false,frame_015.00.png
50,SB,KQs,4,44,52,0,false,frame_015.00.png
50,SB,KJs,2,98,0,0,false,frame_015.00.png
50,SB,KTs,2,91,7,0,false,frame_015.00.png
50,SB,K9s,3,32,65,0,false,frame_015.00.png
50,SB,K8s,3,42,55,0,false,frame_015.00.png
50,SB,K7s,0,34,66,0,false,frame_015.00.png
50,SB,K6s,0,0,100,0,false,frame_015.00.png
50,SB,K5s,0,0,100,0,false,frame_015.00.png
50,SB,K4s,0,0,100,0,false,frame_015.00.png
50,SB,K3s,0,0,100,0,false,frame_015.00.png
50,SB,K2s,0,0,100,0,false,frame_015.00.png
50,SB,AQo,0,21,79,0,false,frame_015.00.png
50,SB,KQo,3,66,31,0,false,frame_015.00.png
50,SB,QQ,3,38,59,0,false,frame_015.00.png
50,SB,QJs,2,63,35,0,false,frame_015.00.png
50,SB,QTs,2,85,13,0,false,frame_015.00.png
50,SB,Q9s,4,36,60,0,false,frame_015.00.png
50,SB,Q8s,0,0,100,0,false,frame_015.00.png
50,SB,Q7s,0,0,100,0,false,frame_015.00.png
50,SB,Q6s,0,0,100,0,false,frame_015.00.png
50,SB,Q5s,0,0,100,0,false,frame_015.00.png
50,SB,Q4s,0,0,100,0,false,frame_015.00.png
50,SB,Q3s,0,0,100,0,false,frame_015.00.png
50,SB,Q2s,0,0,100,0,false,frame_015.00.png
50,SB,AJo,0,12,88,0,false,frame_015.00.png
50,SB,KJo,0,25,75,0,false,frame_015.00.png
50,SB,QJo,3,29,68,0,false,frame_015.00.png
50,SB,JJ,0,24,76,0,false,frame_015.00.png
50,SB,JTs,0,100,0,0,false,frame_015.00.png
50,SB,J9s,3,85,12,0,false,frame_015.00.png
50,SB,J8s,0,15,85,0,false,frame_015.00.png
50,SB,J7s,0,0,100,0,false,frame_015.00.png
50,SB,J6s,0,0,100,0,false,frame_015.00.png
50,SB,J5s,0,4,96,0,false,frame_015.00.png
50,SB,J4s,0,19,81,0,false,frame_015.00.png
50,SB,J3s,0,0,100,0,false,frame_015.00.png
50,SB,J2s,0,22,78,0,false,frame_015.00.png
50,SB,ATo,0,31,69,0,false,frame_015.00.png
50,SB,KTo,0,18,82,0,false,frame_015.00.png
50,SB,QTo,0,10,90,0,false,frame_015.00.png
50,SB,JTo,0,8,92,0,false,frame_015.00.png
50,SB,TT,0,26,74,0,false,frame_015.00.png
50,SB,T9s,3,97,0,0,false,frame_015.00.png
50,SB,T8s,2,54,44,0,false,frame_015.00.png
50,SB,T7s,0,0,100,0,false,frame_015.00.png
50,SB,T6s,0,0,100,0,false,frame_015.00.png
50,SB,T5s,0,11,89,0,false,frame_015.00.png
50,SB,T4s,0,33,67,0,false,frame_015.00.png
50,SB,T3s,0,22,78,0,false,frame_015.00.png
50,SB,T2s,0,47,53,0,false,frame_015.00.png
50,SB,A9o,3,23,74,0,false,frame_015.00.png
50,SB,K9o,0,18,82,0,false,frame_015.00.png
50,SB,Q9o,0,19,81,0,false,frame_015.00.png
50,SB,J9o,0,0,100,0,false,frame_015.00.png
50,SB,T9o,0,0,100,0,false,frame_015.00.png
50,SB,99,2,37,61,0,false,frame_015.00.png
50,SB,98s,0,26,74,0,false,frame_015.00.png
50,SB,97s,0,0,100,0,false,frame_015.00.png
50,SB,96s,0,0,100,0,false,frame_015.00.png
50,SB,95s,0,6,94,0,false,frame_015.00.png
50,SB,94s,2,48,50,0,false,frame_015.00.png
50,SB,93s,4,57,39,0,false,frame_015.00.png
50,SB,92s,0,0,100,0,false,frame_015.00.png
50,SB,A8o,3,19,78,0,false,frame_015.00.png
50,SB,K8o,0,25,75,0,false,frame_015.00.png
50,SB,Q8o,0,31,69,0,false,frame_015.00.png
50,SB,J8o,0,33,67,0,false,frame_015.00.png
50,SB,T8o,0,23,77,0,false,frame_015.00.png
50,SB,98o,2,33,65,0,false,frame_015.00.png
50,SB,88,0,14,86,0,false,frame_015.00.png
50,SB,87s,0,60,40,0,false,frame_015.00.png
50,SB,86s,3,24,73,0,false,frame_015.00.png
50,SB,85s,0,13,87,0,false,frame_015.00.png
50,SB,84s,2,48,50,0,false,frame_015.00.png
50,SB,83s,0,0,100,0,false,frame_015.00.png
50,SB,82s,0,0,100,0,false,frame_015.00.png
50,SB,A7o,0,14,86,0,false,frame_015.00.png
50,SB,K7o,0,17,83,0,false,frame_015.00.png
50,SB,Q7o,0,30,70,0,false,frame_015.00.png
50,SB,J7o,0,27,73,0,false,frame_015.00.png
50,SB,T7o,0,47,53,0,false,frame_015.00.png
50,SB,97o,2,50,48,0,false,frame_015.00.png
50,SB,87o,0,16,84,0,false,frame_015.00.png
50,SB,77,0,29,71,0,false,frame_015.00.png
50,SB,76s,0,15,85,0,false,frame_015.00.png
50,SB,75s,0,21,79,0,false,frame_015.00.png
50,SB,74s,0,0,100,0,false,frame_015.00.png
50,SB,73s,2,66,32,0,false,frame_015.00.png
50,SB,72s,0,0,100,0,false,frame_015.00.png
50,SB,A6o,2,37,61,0,false,frame_015.00.png
50,SB,K6o,2,39,59,0,false,frame_015.00.png
50,SB,Q6o,0,19,81,0,false,frame_015.00.png
50,SB,J6o,0,0,100,0,false,frame_015.00.png
50,SB,T6o,0,0,100,0,false,frame_015.00.png
50,SB,96o,0,0,100,0,false,frame_015.00.png
50,SB,86o,0,7,93,0,false,frame_015.00.png
50,SB,76o,0,21,79,0,false,frame_015.00.png
50,SB,66,0,19,81,0,false,frame_015.00.png
50,SB,65s,2,69,29,0,false,frame_015.00.png
50,SB,64s,0,22,78,0,false,frame_015.00.png
50,SB,63s,3,28,69,0,false,frame_015.00.png
50,SB,62s,0,0,100,0,false,frame_015.00.png
50,SB,A5o,0,10,90,0,false,frame_015.00.png
50,SB,K5o,2,40,58,0,false,frame_015.00.png
50,SB,Q5o,0,22,78,0,false,frame_015.00.png
50,SB,J5o,0,0,100,0,false,frame_015.00.png
50,SB,T5o,0,0,100,0,false,frame_015.00.png
50,SB,95o,0,0,100,0,false,frame_015.00.png
50,SB,85o,0,0,100,0,false,frame_015.00.png
50,SB,75o,0,0,100,0,false,frame_015.00.png
50,SB,65o,0,14,86,0,false,frame_015.00.png
50,SB,55,0,21,79,0,false,frame_015.00.png
50,SB,54s,2,98,0,0,false,frame_015.00.png
50,SB,53s,0,4,96,0,false,frame_015.00.png
50,SB,52s,2,44,54,0,false,frame_015.00.png
50,SB,A4o,0,17,83,0,false,frame_015.00.png
50,SB,K4o,0,0,100,0,false,frame_015.00.png
50,SB,Q4o,0,0,100,0,false,frame_015.00.png
50,SB,J4o,0,0,100,0,false,frame_015.00.png
50,SB,T4o,0,0,100,0,false,frame_015.00.png
50,SB,94o,0,0,0,100,false,frame_015.00.png
50,SB,84o,0,0,43,57,false,frame_015.00.png
50,SB,74o,0,0,100,0,false,frame_015.00.png
50,SB,64o,0,0,100,0,false,frame_015.00.png
50,SB,54o,0,0,100,0,false,frame_015.00.png
50,SB,44,0,13,87,0,false,frame_015.00.png
50,SB,43s,0,0,100,0,false,frame_015.00.png
50,SB,42s,2,67,31,0,false,frame_015.00.png
50,SB,A3o,2,17,81,0,false,frame_015.00.png
50,SB,K3o,0,0,100,0,false,frame_015.00.png
50,SB,Q3o,0,0,100,0,false,frame_015.00.png
50,SB,J3o,0,0,100,0,false,frame_015.00.png
50,SB,T3o,0,0,100,0,false,frame_015.00.png
50,SB,93o,0,0,0,100,false,frame_015.00.png
50,SB,83o,0,0,0,100,false,frame_015.00.png
50,SB,73o,0,0,0,100,false,frame_015.00.png
50,SB,63o,0,0,0,100,false,frame_015.00.png
50,SB,53o,0,0,100,0,false,frame_015.00.png
50,SB,43o,0,0,0,100,false,frame_015.00.png
50,SB,33,0,22,78,0,false,frame_015.00.png
50,SB,32s,0,0,100,0,false,frame_015.00.png
50,SB,A2o,0,15,85,0,false,frame_015.00.png
50,SB,K2o,0,0,100,0,false,frame_015.00.png
50,SB,Q2o,0,0,100,0,false,frame_015.00.png
50,SB,J2o,0,0,100,0,false,frame_015.00.png
50,SB,T2o,0,0,9,91,false,frame_015.00.png
50,SB,92o,0,0,0,100,false,frame_015.00.png
50,SB,82o,0,0,0,100,false,frame_015.00.png
50,SB,72o,0,0,0,100,false,frame_015.00.png
50,SB,62o,0,0,0,100,false,frame_015.00.png
50,SB,52o,0,0,0,100,false,frame_015.00.png
50,SB,42o,0,0,0,100,false,frame_015.00.png
50,SB,32o,0,0,0,100,false,frame_015.00.png
50,SB,22,0,0,100,0,false,frame_015.00.png
80,UTG,AA,3,97,0,0,false,frame_000.00.png
80,UTG,AKs,3,97,0,0,false,frame_000.00.png
80,UTG,AQs,3,97,0,0,false,frame_000.00.png
80,UTG,AJs,2,98,0,0,false,frame_000.00.png
80,UTG,ATs,0,100,0,0,false,frame_000.00.png
80,UTG,A9s,3,97,0,0,false,frame_000.00.png
80,UTG,A8s,3,97,0,0,false,frame_000.00.png
80,UTG,A7s,2,98,0,0,false,frame_000.00.png
80,UTG,A6s,3,97,0,0,false,frame_000.00.png
80,UTG,A5s,2,98,0,0,false,frame_000.00.png
80,UTG,A4s,2,98,0,0,false,frame_000.00.png
80,UTG,A3s,2,98,0,0,false,frame_000.00.png
80,UTG,A2s,0,0,0,100,false,frame_000.00.png
80,UTG,AKo,3,97,0,0,false,frame_000.00.png
80,UTG,KK,0,100,0,0,false,frame_000.00.png
80,UTG,KQs,3,97,0,0,false,frame_000.00.png
80,UTG,KJs,2,98,0,0,false,frame_000.00.png
80,UTG,KTs,2,98,0,0,false,frame_000.00.png
80,UTG,K9s,3,97,0,0,false,frame_000.00.png
80,UTG,K8s,3,97,0,0,false,frame_000.00.png
80,UTG,K7s,0,32,0,68,true,frame_000.00.png
80,UTG,K6s,0,0,0,100,false,frame_000.00.png
80,UTG,K5s,0,0,0,100,false,frame_000.00.png
80,UTG,K4s,0,0,0,100,false,frame_000.00.png
80,UTG,K3s,0,0,0,100,false,frame_000.00.png
80,UTG,K2s,0,0,0,100,false,frame_000.00.png
80,UTG,AQo,4,96,0,0,false,frame_000.00.png
80,UTG,KQo,3,97,0,0,false,frame_000.00.png
80,UTG,QQ,3,97,0,0,false,frame_000.00.png
80,UTG,QJs,2,98,0,0,false,frame_000.00.png
80,UTG,QTs,2,98,0,0,false,frame_000.00.png
80,UTG,Q9s,4,96,0,0,false,frame_000.00.png
80,UTG,Q8s,0,0,0,100,false,frame_000.00.png
80,UTG,Q7s,0,0,0,100,false,frame_000.00.png
80,UTG,Q6s,0,0,0,100,false,frame_000.00.png
80,UTG,Q5s,0,0,0,100,false,frame_000.00.png
80,UTG,Q4s,0,0,0,100,false,frame_000.00.png
80,UTG,Q3s,0,0,0,100,false,frame_000.00.png
80,UTG,Q2s,0,0,0,100,false,frame_000.00.png
80,UTG,AJo,3,97,0,0,false,frame_000.00.png
80,UTG,KJo,0,28,0,72,false,frame_000.00.png
80,UTG,QJo,0,4,0,96,false,frame_000.00.png
80,UTG,JJ,0,100,0,0,false,frame_000.00.png
80,UTG,JTs,0,100,0,0,false,frame_000.00.png
80,UTG,J9s,2,98,0,0,false,frame_000.00.png
80,UTG,J8s,0,0,0,100,false,frame_000.00.png
80,UTG,J7s,0,0,0,100,false,frame_000.00.png
80,UTG,J6s,0,0,0,100,false,frame_000.00.png
80,UTG,J5s,0,0,0,100,false,frame_000.00.png
80,UTG,J4s,0,0,0,100,false,frame_000.00.png
80,UTG,J3s,0,0,0,100,false,frame_000.00.png
80,UTG,J2s,0,0,0,100,false,frame_000.00.png
80,UTG,ATo,2,24,0,74,false,frame_000.00.png
80,UTG,KTo,0,0,0,100,false,frame_000.00.png
80,UTG,QTo,0,0,0,100,false,frame_000.00.png
80,UTG,JTo,0,0,0,100,false,frame_000.00.png
80,UTG,TT,0,100,0,0,false,frame_000.00.png
80,UTG,T9s,3,97,0,0,false,frame_000.00.png
80,UTG,T8s,2,98,0,0,false,frame_000.00.png
80,UTG,T7s,0,0,0,100,false,frame_000.00.png
80,UTG,T6s,0,0,0,100,false,frame_000.00.png
80,UTG,T5s,0,0,0,100,false,frame_000.00.png
80,UTG,T4s,0,0,0,100,false,frame_000.00.png
80,UTG,T3s,0,0,0,100,false,frame_000.00.png
80,UTG,T2s,0,0,0,100,false,frame_000.00.png
80,UTG,A9o,0,0,0,100,false,frame_000.00.png
80,UTG,K9o,0,0,0,100,false,frame_000.00.png
80,UTG,Q9o,0,0,0,100,false,frame_000.00.png
80,UTG,J9o,0,0,0,100,false,frame_000.00.png
80,UTG,T9o,0,0,0,100,false,frame_000.00.png
80,UTG,99,2,98,0,0,false,frame_000.00.png
80,UTG,98s,2,48,0,50,true,frame_000.00.png
80,UTG,97s,0,0,0,100,false,frame_000.00.png
80,UTG,96s,0,0,0,100,false,frame_000.00.png
80,UTG,95s,0,0,0,100,false,frame_000.00.png
80,UTG,94s,0,0,0,100,false,frame_000.00.png
80,UTG,93s,0,0,0,100,false,frame_000.00.png
80,UTG,92s,0,0,0,100,false,frame_000.00.png
80,UTG,A8o,0,0,0,100,false,frame_000.00.png
80,UTG,K8o,0,0,0,100,false,frame_000.00.png
80,UTG,Q8o,0,0,0,100,false,frame_000.00.png
80,UTG,J8o,0,0,0,100,false,frame_000.00.png
80,UTG,T8o,0,0,0,100,false,frame_000.00.png
80,UTG,98o,0,0,0,100,false,frame_000.00.png
80,UTG,88,0,100,0,0,false,frame_000.00.png
80,UTG,87s,0,22,0,78,false,frame_000.00.png
80,UTG,86s,0,0,0,100,false,frame_000.00.png
80,UTG,85s,0,0,0,100,false,frame_000.00.png
80,UTG,84s,0,0,0,100,false,frame_000.00.png
80,UTG,83s,0,0,0,100,false,frame_000.00.png
80,UTG,82s,0,0,0,100,false,frame_000.00.png
80,UTG,A7o,0,0,0,100,false,frame_000.00.png
80,UTG,K7o,0,0,0,100,false,frame_000.00.png
80,UTG,Q7o,0,0,0,100,false,frame_000.00.png
80,UTG,J7o,0,0,0,100,false,frame_000.00.png
80,UTG,T7o,0,0,0,100,false,frame_000.00.png
80,UTG,97o,0,0,0,100,false,frame_000.00.png
80,UTG,87o,0,0,0,100,false,frame_000.00.png
80,UTG,77,0,100,0,0,false,frame_000.00.png
80,UTG,76s,3,33,0,64,true,frame_000.00.png
80,UTG,75s,0,0,0,100,false,frame_000.00.png
80,UTG,74s,0,0,0,100,false,frame_000.00.png
80,UTG,73s,0,0,0,100,false,frame_000.00.png
80,UTG,72s,0,0,0,100,false,frame_000.00.png
80,UTG,A6o,0,0,0,100,false,frame_000.00.png
80,UTG,K6o,0,0,0,100,false,frame_000.00.png
80,UTG,Q6o,0,0,0,100,false,frame_000.00.png
80,UTG,J6o,0,0,0,100,false,frame_000.00.png
80,UTG,T6o,0,0,0,100,false,frame_000.00.png
80,UTG,96o,0,0,0,100,false,frame_000.00.png
80,UTG,86o,0,0,0,100,false,frame_000.00.png
80,UTG,76o,0,0,0,100,false,frame_000.00.png
80,UTG,66,2,98,0,0,false,frame_000.00.png
80,UTG,65s,2,54,0,44,true,frame_000.00.png
80,UTG,64s,0,0,0,100,false,frame_000.00.png
80,UTG,63s,0,0,0,100,false,frame_000.00.png
80,UTG,62s,0,0,0,100,false,frame_000.00.png
80,UTG,A5o,0,0,0,100,false,frame_000.00.png
80,UTG,K5o,0,0,0,100,false,frame_000.00.png
80,UTG,Q5o,0,0,0,100,false,frame_000.00.png
80,UTG,J5o,0,0,0,100,false,frame_000.00.png
80,UTG,T5o,0,0,0,100,false,frame_000.00.png
80,UTG,95o,0,0,0,100,false,frame_000.00.png
80,UTG,85o,0,0,0,100,false,frame_000.00.png
80,UTG,75o,0,0,0,100,false,frame_000.00.png
80,UTG,65o,0,0,0,100,false,frame_000.00.png
80,UTG,55,0,100,0,0,false,frame_000.00.png
80,UTG,54s,0,27,0,73,false,frame_000.00.png
80,UTG,53s,0,0,0,100,false,frame_000.00.png
80,UTG,52s,0,0,0,100,false,frame_000.00.png
80,UTG,A4o,0,0,0,100,false,frame_000.00.png
80,UTG,K4o,0,0,0,100,false,frame_000.00.png
80,UTG,Q4o,0,0,0,100,false,frame_000.00.png
80,UTG,J4o,0,0,0,100,false,frame_000.00.png
80,UTG,T4o,0,0,0,100,false,frame_000.00.png
80,UTG,94o,0,0,0,100,false,frame_000.00.png
80,UTG,84o,0,0,0,100,false,frame_000.00.png
80,UTG,74o,0,0,0,100,false,frame_000.00.png
80,UTG,64o,0,0,0,100,false,frame_000.00.png
80,UTG,54o,0,0,0,100,false,frame_000.00.png
80,UTG,44,0,100,0,0,false,frame_000.00.png
80,UTG,43s,0,0,0,100,false,frame_000.00.png
80,UTG,42s,0,0,0,100,false,frame_000.00.png
80,UTG,A3o,0,0,0,100,false,frame_000.00.png
80,UTG,K3o,0,0,0,100,false,frame_000.00.png
80,UTG,Q3o,0,0,0,100,false,frame_000.00.png
80,UTG,J3o,0,0,0,100,false,frame_000.00.png
80,UTG,T3o,0,0,0,100,false,frame_000.00.png
80,UTG,93o,0,0,0,100,false,frame_000.00.png
80,UTG,83o,0,0,0,100,false,frame_000.00.png
80,UTG,73o,0,0,0,100,false,frame_000.00.png
80,UTG,63o,0,0,0,100,false,frame_000.00.png
80,UTG,53o,0,0,0,100,false,frame_000.00.png
80,UTG,43o,0,0,0,100,false,frame_000.00.png
80,UTG,33,0,35,0,65,true,frame_000.00.png
80,UTG,32s,0,0,0,100,false,frame_000.00.png
80,UTG,A2o,0,0,0,100,false,frame_000.00.png
80,UTG,K2o,0,0,0,100,false,frame_000.00.png
80,UTG,Q2o,0,0,0,100,false,frame_000.00.png
80,UTG,J2o,0,0,0,100,false,frame_000.00.png
80,UTG,T2o,0,0,0,100,false,frame_000.00.png
80,UTG,92o,0,0,0,100,false,frame_000.00.png
80,UTG,82o,0,0,0,100,false,frame_000.00.png
80,UTG,72o,0,0,0,100,false,frame_000.00.png
80,UTG,62o,0,0,0,100,false,frame_000.00.png
80,UTG,52o,0,0,0,100,false,frame_000.00.png
80,UTG,42o,0,0,0,100,false,frame_000.00.png
80,UTG,32o,0,0,0,100,false,frame_000.00.png
80,UTG,22,0,0,0,100,false,frame_000.00.png
80,UTG1,AA,4,96,0,0,false,frame_002.00.png
80,UTG1,AKs,6,94,0,0,false,frame_002.00.png
80,UTG1,AQs,7,93,0,0,false,frame_002.00.png
80,UTG1,AJs,5,95,0,0,false,frame_002.00.png
80,UTG1,ATs,5,95,0,0,false,frame_002.00.png
80,UTG1,A9s,7,93,0,0,false,frame_002.00.png
80,UTG1,A8s,6,94,0,0,false,frame_002.00.png
80,UTG1,A7s,5,95,0,0,false,frame_002.00.png
80,UTG1,A6s,6,94,0,0,false,frame_002.00.png
80,UTG1,A5s,6,94,0,0,false,frame_002.00.png
80,UTG1,A4s,5,95,0,0,false,frame_002.00.png
80,UTG1,A3s,6,94,0,0,false,frame_002.00.png
80,UTG1,A2s,0,0,0,100,false,frame_002.00.png
80,UTG1,AKo,7,93,0,0,false,frame_002.00.png
80,UTG1,KK,4,96,0,0,false,frame_002.00.png
80,UTG1,KQs,7,93,0,0,false,frame_002.00.png
80,UTG1,KJs,5,95,0,0,false,frame_002.00.png
80,UTG1,KTs,6,94,0,0,false,frame_002.00.png
80,UTG1,K9s,7,93,0,0,false,frame_002.00.png
80,UTG1,K8s,7,93,0,0,false,frame_002.00.png
80,UTG1,K7s,4,29,0,67,true,frame_002.00.png
80,UTG1,K6s,0,0,0,100,false,frame_002.00.png
80,UTG1,K5s,0,0,0,100,false,frame_002.00.png
80,UTG1,K4s,0,0,0,100,false,frame_002.00.png
80,UTG1,K3s,0,0,0,100,false,frame_002.00.png
80,UTG1,K2s,0,0,0,100,false,frame_002.00.png
80,UTG1,AQo,7,93,0,0,false,frame_002.00.png
80,UTG1,KQo,6,94,0,0,false,frame_002.00.png
80,UTG1,QQ,5,95,0,0,false,frame_002.00.png
80,UTG1,QJs,6,94,0,0,false,frame_002.00.png
80,UTG1,QTs,6,94,0,0,false,frame_002.00.png
80,UTG1,Q9s,8,92,0,0,false,frame_002.00.png
80,UTG1,Q8s,0,0,0,100,false,frame_002.00.png
80,UTG1,Q7s,0,0,0,100,false,frame_002.00.png
80,UTG1,Q6s,0,0,0,100,false,frame_002.00.png
80,UTG1,Q5s,0,0,0,100,false,frame_002.00.png
80,UTG1,Q4s,0,0,0,100,false,frame_002.00.png
80,UTG1,Q3s,0,0,0,100,false,frame_002.00.png
80,UTG1,Q2s,0,0,0,100,false,frame_002.00.png
80,UTG1,AJo,6,94,0,0,false,frame_002.00.png
80,UTG1,KJo,3,26,0,71,false,frame_002.00.png
80,UTG1,QJo,0,3,0,97,false,frame_002.00.png
80,UTG1,JJ,3,97,0,0,false,frame_002.00.png
80,UTG1,JTs,5,95,0,0,false,frame_002.00.png
80,UTG1,J9s,6,94,0,0,false,frame_002.00.png
80,UTG1,J8s,0,0,0,100,false,frame_002.00.png
80,UTG1,J7s,0,0,0,100,false,frame_002.00.png
80,UTG1,J6s,0,0,0,100,false,frame_002.00.png
80,UTG1,J5s,0,0,0,100,false,frame_002.00.png
80,UTG1,J4s,0,0,0,100,false,frame_002.00.png
80,UTG1,J3s,0,0,0,100,false,frame_002.00.png
80,UTG1,J2s,0,0,0,100,false,frame_002.00.png
80,UTG1,ATo,4,22,0,74,false,frame_002.00.png
80,UTG1,KTo,0,0,0,100,false,frame_002.00.png
80,UTG1,QTo,0,0,0,100,false,frame_002.00.png
80,UTG1,JTo,0,0,0,100,false,frame_002.00.png
80,UTG1,TT,3,97,0,0,false,frame_002.00.png
80,UTG1,T9s,6,94,0,0,false,frame_002.00.png
80,UTG1,T8s,6,94,0,0,false,frame_002.00.png
80,UTG1,T7s,0,0,0,100,false,frame_002.00.png
80,UTG1,T6s,0,0,0,100,false,frame_002.00.png
80,UTG1,T5s,0,0,0,100,false,frame_002.00.png
80,UTG1,T4s,0,0,0,100,false,frame_002.00.png
80,UTG1,T3s,0,0,0,100,false,frame_002.00.png
80,UTG1,T2s,0,0,0,100,false,frame_002.00.png
80,UTG1,A9o,0,0,0,100,false,frame_002.00.png
80,UTG1,K9o,0,0,0,100,false,frame_002.00.png
80,UTG1,Q9o,0,0,0,100,false,frame_002.00.png
80,UTG1,J9o,0,0,0,100,false,frame_002.00.png
80,UTG1,T9o,0,0,0,100,false,frame_002.00.png
80,UTG1,99,5,95,0,0,false,frame_002.00.png
80,UTG1,98s,8,42,0,50,true,frame_002.00.png
80,UTG1,97s,0,0,0,100,false,frame_002.00.png
80,UTG1,96s,0,0,0,100,false,frame_002.00.png
80,UTG1,95s,0,0,0,100,false,frame_002.00.png
80,UTG1,94s,0,0,0,100,false,frame_002.00.png
80,UTG1,93s,0,0,0,100,false,frame_002.00.png
80,UTG1,92s,0,0,0,100,false,frame_002.00.png
80,UTG1,A8o,0,0,0,100,false,frame_002.00.png
80,UTG1,K8o,0,0,0,100,false,frame_002.00.png
80,UTG1,Q8o,0,0,0,100,false,frame_002.00.png
80,UTG1,J8o,0,0,0,100,false,frame_002.00.png
80,UTG1,T8o,0,0,0,100,false,frame_002.00.png
80,UTG1,98o,0,0,0,100,false,frame_002.00.png
80,UTG1,88,5,95,0,0,false,frame_002.00.png
80,UTG1,87s,3,20,0,77,false,frame_002.00.png
80,UTG1,86s,0,0,0,100,false,frame_002.00.png
80,UTG1,85s,0,0,0,100,false,frame_002.00.png
80,UTG1,84s,0,0,0,100,false,frame_002.00.png
80,UTG1,83s,0,0,0,100,false,frame_002.00.png
80,UTG1,82s,0,0,0,100,false,frame_002.00.png
80,UTG1,A7o,0,0,0,100,false,frame_002.00.png
80,UTG1,K7o,0,0,0,100,false,frame_002.00.png
80,UTG1,Q7o,0,0,0,100,false,frame_002.00.png
80,UTG1,J7o,0,0,0,100,false,frame_002.00.png
80,UTG1,T7o,0,0,0,100,false,frame_002.00.png
80,UTG1,97o,0,0,0,100,false,frame_002.00.png
80,UTG1,87o,0,0,0,100,false,frame_002.00.png
80,UTG1,77,3,97,0,0,false,frame_002.00.png
80,UTG1,76s,6,31,0,63,true,frame_002.00.png
80,UTG1,75s,0,0,0,100,false,frame_002.00.png
80,UTG1,74s,0,0,0,100,false,frame_002.00.png
80,UTG1,73s,0,0,0,100,false,frame_002.00.png
80,UTG1,72s,0,0,0,100,false,frame_002.00.png
80,UTG1,A6o,0,0,0,100,false,frame_002.00.png
80,UTG1,K6o,0,0,0,100,false,frame_002.00.png
80,UTG1,Q6o,0,0,0,100,false,frame_002.00.png
80,UTG1,J6o,0,0,0,100,false,frame_002.00.png
80,UTG1,T6o,0,0,0,100,false,frame_002.00.png
80,UTG1,96o,0,0,0,100,false,frame_002.00.png
80,UTG1,86o,0,0,0,100,false,frame_002.00.png
80,UTG1,76o,0,0,0,100,false,frame_002.00.png
80,UTG1,66,5,95,0,0,false,frame_002.00.png
80,UTG1,65s,6,50,0,44,true,frame_002.00.png
80,UTG1,64s,0,0,0,100,false,frame_002.00.png
80,UTG1,63s,0,0,0,100,false,frame_002.00.png
80,UTG1,62s,0,0,0,100,false,frame_002.00.png
80,UTG1,A5o,0,0,0,100,false,frame_002.00.png
80,UTG1,K5o,0,0,0,100,false,frame_002.00.png
80,UTG1,Q5o,0,0,0,100,false,frame_002.00.png
80,UTG1,J5o,0,0,0,100,false,frame_002.00.png
80,UTG1,T5o,0,0,0,100,false,frame_002.00.png
80,UTG1,95o,0,0,0,100,false,frame_002.00.png
80,UTG1,85o,0,0,0,100,false,frame_002.00.png
80,UTG1,75o,0,0,0,100,false,frame_002.00.png
80,UTG1,65o,0,0,0,100,false,frame_002.00.png
80,UTG1,55,4,96,0,0,false,frame_002.00.png
80,UTG1,54s,3,25,0,72,false,frame_002.00.png
80,UTG1,53s,0,0,0,100,false,frame_002.00.png
80,UTG1,52s,0,0,0,100,false,frame_002.00.png
80,UTG1,A4o,0,0,0,100,false,frame_002.00.png
80,UTG1,K4o,0,0,0,100,false,frame_002.00.png
80,UTG1,Q4o,0,0,0,100,false,frame_002.00.png
80,UTG1,J4o,0,0,0,100,false,frame_002.00.png
80,UTG1,T4o,0,0,0,100,false,frame_002.00.png
80,UTG1,94o,0,0,0,100,false,frame_002.00.png
80,UTG1,84o,0,0,0,100,false,frame_002.00.png
80,UTG1,74o,0,0,0,100,false,frame_002.00.png
80,UTG1,64o,0,0,0,100,false,frame_002.00.png
80,UTG1,54o,0,0,0,100,false,frame_002.00.png
80,UTG1,44,3,97,0,0,false,frame_002.00.png
80,UTG1,43s,0,0,0,100,false,frame_002.00.png
80,UTG1,42s,0,0,0,100,false,frame_002.00.png
80,UTG1,A3o,0,0,0,100,false,frame_002.00.png
80,UTG1,K3o,0,0,0,100,false,frame_002.00.png
80,UTG1,Q3o,0,0,0,100,false,frame_002.00.png
80,UTG1,J3o,0,0,0,100,false,frame_002.00.png
80,UTG1,T3o,0,0,0,100,false,frame_002.00.png
80,UTG1,93o,0,0,0,100,false,frame_002.00.png
80,UTG1,83o,0,0,0,100,false,frame_002.00.png
80,UTG1,73o,0,0,0,100,false,frame_002.00.png
80,UTG1,63o,0,0,0,100,false,frame_002.00.png
80,UTG1,53o,0,0,0,100,false,frame_002.00.png
80,UTG1,43o,0,0,0,100,false,frame_002.00.png
80,UTG1,33,6,30,0,64,true,frame_002.00.png
80,UTG1,32s,0,0,0,100,false,frame_002.00.png
80,UTG1,A2o,0,0,0,100,false,frame_002.00.png
80,UTG1,K2o,0,0,0,100,false,frame_002.00.png
80,UTG1,Q2o,0,0,0,100,false,frame_002.00.png
80,UTG1,J2o,0,0,0,100,false,frame_002.00.png
80,UTG1,T2o,0,0,0,100,false,frame_002.00.png
80,UTG1,92o,0,0,0,100,false,frame_002.00.png
80,UTG1,82o,0,0,0,100,false,frame_002.00.png
80,UTG1,72o,0,0,0,100,false,frame_002.00.png
80,UTG1,62o,0,0,0,100,false,frame_002.00.png
80,UTG1,52o,0,0,0,100,false,frame_002.00.png
80,UTG1,42o,0,0,0,100,false,frame_002.00.png
80,UTG1,32o,0,0,0,100,false,frame_002.00.png
80,UTG1,22,0,0,0,100,false,frame_002.00.png
80,LJ,AA,3,97,0,0,false,frame_004.00.png
80,LJ,AKs,3,97,0,0,false,frame_004.00.png
80,LJ,AQs,3,97,0,0,false,frame_004.00.png
80,LJ,AJs,2,98,0,0,false,frame_004.00.png
80,LJ,ATs,2,98,0,0,false,frame_004.00.png
80,LJ,A9s,3,97,0,0,false,frame_004.00.png
80,LJ,A8s,2,98,0,0,false,frame_004.00.png
80,LJ,A7s,2,98,0,0,false,frame_004.00.png
80,LJ,A6s,3,97,0,0,false,frame_004.00.png
80,LJ,A5s,2,98,0,0,false,frame_004.00.png
80,LJ,A4s,2,98,0,0,false,frame_004.00.png
80,LJ,A3s,2,98,0,0,false,frame_004.00.png
80,LJ,A2s,2,98,0,0,false,frame_004.00.png
80,LJ,AKo,3,97,0,0,false,frame_004.00.png
80,LJ,KK,0,100,0,0,false,frame_004.00.png
80,LJ,KQs,3,97,0,0,false,frame_004.00.png
80,LJ,KJs,2,98,0,0,false,frame_004.00.png
80,LJ,KTs,2,98,0,0,false,frame_004.00.png
80,LJ,K9s,3,97,0,0,false,frame_004.00.png
80,LJ,K8s,3,97,0,0,false,frame_004.00.png
80,LJ,K7s,2,98,0,0,false,frame_004.00.png
80,LJ,K6s,2,19,0,79,false,frame_004.00.png
80,LJ,K5s,0,7,0,93,false,frame_004.00.png
80,LJ,K4s,0,0,0,100,false,frame_004.00.png
80,LJ,K3s,0,0,0,100,false,frame_004.00.png
80,LJ,K2s,0,0,0,100,false,frame_004.00.png
80,LJ,AQo,4,96,0,0,false,frame_004.00.png
80,LJ,KQo,3,97,0,0,false,frame_004.00.png
80,LJ,QQ,3,97,0,0,false,frame_004.00.png
80,LJ,QJs,2,98,0,0,false,frame_004.00.png
80,LJ,QTs,2,98,0,0,false,frame_004.00.png
80,LJ,Q9s,4,96,0,0,false,frame_004.00.png
80,LJ,Q8s,0,13,0,87,false,frame_004.00.png
80,LJ,Q7s,0,0,0,100,false,frame_004.00.png
80,LJ,Q6s,0,0,0,100,false,frame_004.00.png
80,LJ,Q5s,0,0,0,100,false,frame_004.00.png
80,LJ,Q4s,0,0,0,100,false,frame_004.00.png
80,LJ,Q3s,0,0,0,100,false,frame_004.00.png
80,LJ,Q2s,0,0,0,100,false,frame_004.00.png
80,LJ,AJo,3,97,0,0,false,frame_004.00.png
80,LJ,KJo,2,79,0,19,false,frame_004.00.png
80,LJ,QJo,2,39,0,59,true,frame_004.00.png
80,LJ,JJ,0,100,0,0,false,frame_004.00.png
80,LJ,JTs,0,100,0,0,false,frame_004.00.png
80,LJ,J9s,2,98,0,0,false,frame_004.00.png
80,LJ,J8s,0,17,0,83,false,frame_004.00.png
80,LJ,J7s,0,0,0,100,false,frame_004.00.png
80,LJ,J6s,0,0,0,100,false,frame_004.00.png
80,LJ,J5s,0,0,0,100,false,frame_004.00.png
80,LJ,J4s,0,0,0,100,false,frame_004.00.png
80,LJ,J3s,0,0,0,100,false,frame_004.00.png
80,LJ,J2s,0,0,0,100,false,frame_004.00.png
80,LJ,ATo,3,97,0,0,false,frame_004.00.png
80,LJ,KTo,0,0,0,100,false,frame_004.00.png
80,LJ,QTo,0,0,0,100,false,frame_004.00.png
80,LJ,JTo,0,6,0,94,false,frame_004.00.png
80,LJ,TT,0,100,0,0,false,frame_004.00.png
80,LJ,T9s,3,97,0,0,false,frame_004.00.png
80,LJ,T8s,2,98,0,0,false,frame_004.00.png
80,LJ,T7s,0,0,0,100,false,frame_004.00.png
80,LJ,T6s,0,0,0,100,false,frame_004.00.png
80,LJ,T5s,0,0,0,100,false,frame_004.00.png
80,LJ,T4s,0,0,0,100,false,frame_004.00.png
80,LJ,T3s,0,0,0,100,false,frame_004.00.png
80,LJ,T2s,0,0,0,100,false,frame_004.00.png
80,LJ,A9o,0,0,0,100,false,frame_004.00.png
80,LJ,K9o,0,0,0,100,false,frame_004.00.png
80,LJ,Q9o,0,0,0,100,false,frame_004.00.png
80,LJ,J9o,0,0,0,100,false,frame_004.00.png
80,LJ,T9o,0,0,0,100,false,frame_004.00.png
80,LJ,99,2,98,0,0,false,frame_004.00.png
80,LJ,98s,3,97,0,0,false,frame_004.00.png
80,LJ,97s,0,0,0,100,false,frame_004.00.png
80,LJ,96s,0,0,0,100,false,frame_004.00.png
80,LJ,95s,0,0,0,100,false,frame_004.00.png
80,LJ,94s,0,0,0,100,false,frame_004.00.png
80,LJ,93s,0,0,0,100,false,frame_004.00.png
80,LJ,92s,0,0,0,100,false,frame_004.00.png
80,LJ,A8o,0,0,0,100,false,frame_004.00.png
80,LJ,K8o,0,0,0,100,false,frame_004.00.png
80,LJ,Q8o,0,0,0,100,false,frame_004.00.png
80,LJ,J8o,0,0,0,100,false,frame_004.00.png
80,LJ,T8o,0,0,0,100,false,frame_004.00.png
80,LJ,98o,0,0,0,100,false,frame_004.00.png
80,LJ,88,0,100,0,0,false,frame_004.00.png
80,LJ,87s,2,45,0,53,true,frame_004.00.png
80,LJ,86s,0,0,0,100,false,frame_004.00.png
80,LJ,85s,0,0,0,100,false,frame_004.00.png
80,LJ,84s,0,0,0,100,false,frame_004.00.png
80,LJ,83s,0,0,0,100,false,frame_004.00.png
80,LJ,82s,0,0,0,100,false,frame_004.00.png
80,LJ,A7o,0,0,0,100,false,frame_004.00.png
80,LJ,K7o,0,0,0,100,false,frame_004.00.png
80,LJ,Q7o,0,0,0,100,false,frame_004.00.png
80,LJ,J7o,0,0,0,100,false,frame_004.00.png
80,LJ,T7o,0,0,0,100,false,frame_004.00.png
80,LJ,97o,0,0,0,100,false,frame_004.00.png
80,LJ,87o,0,0,0,100,false,frame_004.00.png
80,LJ,77,0,100,0,0,false,frame_004.00.png
80,LJ,76s,4,48,0,48,true,frame_004.00.png
80,LJ,75s,0,0,0,100,false,frame_004.00.png
80,LJ,74s,0,0,0,100,false,frame_004.00.png
80,LJ,73s,0,0,0,100,false,frame_004.00.png
80,LJ,72s,0,0,0,100,false,frame_004.00.png
80,LJ,A6o,0,0,0,100,false,frame_004.00.png
80,LJ,K6o,0,0,0,100,false,frame_004.00.png
80,LJ,Q6o,0,0,0,100,false,frame_004.00.png
80,LJ,J6o,0,0,0,100,false,frame_004.00.png
80,LJ,T6o,0,0,0,100,false,frame_004.00.png
80,LJ,96o,0,0,0,100,false,frame_004.00.png
80,LJ,86o,0,0,0,100,false,frame_004.00.png
80,LJ,76o,0,0,0,100,false,frame_004.00.png
80,LJ,66,2,98,0,0,false,frame_004.00.png
80,LJ,65s,2,73,0,25,false,frame_004.00.png
80,LJ,64s,0,0,0,100,false,frame_004.00.png
80,LJ,63s,0,0,0,100,false,frame_004.00.png
80,LJ,62s,0,0,0,100,false,frame_004.00.png
80,LJ,A5o,0,0,0,100,false,frame_004.00.png
80,LJ,K5o,0,0,0,100,false,frame_004.00.png
80,LJ,Q5o,0,0,0,100,false,frame_004.00.png
80,LJ,J5o,0,0,0,100,false,frame_004.00.png
80,LJ,T5o,0,0,0,100,false,frame_004.00.png
80,LJ,95o,0,0,0,100,false,frame_004.00.png
80,LJ,85o,0,0,0,100,false,frame_004.00.png
80,LJ,75o,0,0,0,100,false,frame_004.00.png
80,LJ,65o,0,0,0,100,false,frame_004.00.png
80,LJ,55,0,100,0,0,false,frame_004.00.png
80,LJ,54s,0,35,0,65,true,frame_004.00.png
80,LJ,53s,0,0,0,100,false,frame_004.00.png
80,LJ,52s,0,0,0,100,false,frame_004.00.png
80,LJ,A4o,0,0,0,100,false,frame_004.00.png
80,LJ,K4o,0,0,0,100,false,frame_004.00.png
80,LJ,Q4o,0,0,0,100,false,frame_004.00.png
80,LJ,J4o,0,0,0,100,false,frame_004.00.png
80,LJ,T4o,0,0,0,100,false,frame_004.00.png
80,LJ,94o,0,0,0,100,false,frame_004.00.png
80,LJ,84o,0,0,0,100,false,frame_004.00.png
80,LJ,74o,0,0,0,100,false,frame_004.00.png
80,LJ,64o,0,0,0,100,false,frame_004.00.png
80,LJ,54o,0,0,0,100,false,frame_004.00.png
80,LJ,44,0,100,0,0,false,frame_004.00.png
80,LJ,43s,0,0,0,100,false,frame_004.00.png
80,LJ,42s,0,0,0,100,false,frame_004.00.png
80,LJ,A3o,0,0,0,100,false,frame_004.00.png
80,LJ,K3o,0,0,0,100,false,frame_004.00.png
80,LJ,Q3o,0,0,0,100,false,frame_004.00.png
80,LJ,J3o,0,0,0,100,false,frame_004.00.png
80,LJ,T3o,0,0,0,100,false,frame_004.00.png
80,LJ,93o,0,0,0,100,false,frame_004.00.png
80,LJ,83o,0,0,0,100,false,frame_004.00.png
80,LJ,73o,0,0,0,100,false,frame_004.00.png
80,LJ,63o,0,0,0,100,false,frame_004.00.png
80,LJ,53o,0,0,0,100,false,frame_004.00.png
80,LJ,43o,0,0,0,100,false,frame_004.00.png
80,LJ,33,0,94,0,6,false,frame_004.00.png
80,LJ,32s,0,0,0,100,false,frame_004.00.png
80,LJ,A2o,0,0,0,100,false,frame_004.00.png
80,LJ,K2o,0,0,0,100,false,frame_004.00.png
80,LJ,Q2o,0,0,0,100,false,frame_004.00.png
80,LJ,J2o,0,0,0,100,false,frame_004.00.png
80,LJ,T2o,0,0,0,100,false,frame_004.00.png
80,LJ,92o,0,0,0,100,false,frame_004.00.png
80,LJ,82o,0,0,0,100,false,frame_004.00.png
80,LJ,72o,0,0,0,100,false,frame_004.00.png
80,LJ,62o,0,0,0,100,false,frame_004.00.png
80,LJ,52o,0,0,0,100,false,frame_004.00.png
80,LJ,42o,0,0,0,100,false,frame_004.00.png
80,LJ,32o,0,0,0,100,false,frame_004.00.png
80,LJ,22,0,0,0,100,false,frame_004.00.png
80,HJ,AA,3,97,0,0,false,frame_005.00.png
80,HJ,AKs,3,97,0,0,false,frame_005.00.png
80,HJ,AQs,3,97,0,0,false,frame_005.00.png
80,HJ,AJs,2,98,0,0,false,frame_005.00.png
80,HJ,ATs,2,98,0,0,false,frame_005.00.png
80,HJ,A9s,3,97,0,0,false,frame_005.00.png
80,HJ,A8s,2,98,0,0,false,frame_005.00.png
80,HJ,A7s,2,98,0,0,false,frame_005.00.png
80,HJ,A6s,3,97,0,0,false,frame_005.00.png
80,HJ,A5s,2,98,0,0,false,frame_005.00.png
80,HJ,A4s,2,98,0,0,false,frame_005.00.png
80,HJ,A3s,2,98,0,0,false,frame_005.00.png
80,HJ,A2s,2,98,0,0,false,frame_005.00.png
80,HJ,AKo,3,97,0,0,false,frame_005.00.png
80,HJ,KK,0,100,0,0,false,frame_005.00.png
80,HJ,KQs,3,97,0,0,false,frame_005.00.png
80,HJ,KJs,2,98,0,0,false,frame_005.00.png
80,HJ,KTs,2,98,0,0,false,frame_005.00.png
80,HJ,K9s,3,97,0,0,false,frame_005.00.png
80,HJ,K8s,3,97,0,0,false,frame_005.00.png
80,HJ,K7s,2,98,0,0,false,frame_005.00.png
80,HJ,K6s,3,97,0,0,false,frame_005.00.png
80,HJ,K5s,2,98,0,0,false,frame_005.00.png
80,HJ,K4s,0,0,0,100,false,frame_005.00.png
80,HJ,K3s,0,0,0,100,false,frame_005.00.png
80,HJ,K2s,0,0,0,100,false,frame_005.00.png
80,HJ,AQo,4,96,0,0,false,frame_005.00.png
80,HJ,KQo,3,97,0,0,false,frame_005.00.png
80,HJ,QQ,3,97,0,0,false,frame_005.00.png
80,HJ,QJs,2,98,0,0,false,frame_005.00.png
80,HJ,QTs,2,98,0,0,false,frame_005.00.png
80,HJ,Q9s,4,96,0,0,false,frame_005.00.png
80,HJ,Q8s,3,97,0,0,false,frame_005.00.png
80,HJ,Q7s,0,0,0,100,false,frame_005.00.png
80,HJ,Q6s,0,0,0,100,false,frame_005.00.png
80,HJ,Q5s,0,0,0,100,false,frame_005.00.png
80,HJ,Q4s,0,0,0,100,false,frame_005.00.png
80,HJ,Q3s,0,0,0,100,false,frame_005.00.png
80,HJ,Q2s,0,0,0,100,false,frame_005.00.png
80,HJ,AJo,3,97,0,0,false,frame_005.00.png
80,HJ,KJo,2,98,0,0,false,frame_005.00.png
80,HJ,QJo,4,80,0,16,false,frame_005.00.png
80,HJ,JJ,0,100,0,0,false,frame_005.00.png
80,HJ,JTs,0,100,0,0,false,frame_005.00.png
80,HJ,J9s,2,98,0,0,false,frame_005.00.png
80,HJ,J8s,2,98,0,0,false,frame_005.00.png
80,HJ,J7s,0,0,0,100,false,frame_005.00.png
80,HJ,J6s,0,0,0,100,false,frame_005.00.png
80,HJ,J5s,0,0,0,100,false,frame_005.00.png
80,HJ,J4s,0,0,0,100,false,frame_005.00.png
80,HJ,J3s,0,0,0,100,false,frame_005.00.png
80,HJ,J2s,0,0,0,100,false,frame_005.00.png
80,HJ,ATo,3,97,0,0,false,frame_005.00.png
80,HJ,KTo,2,59,0,39,true,frame_005.00.png
80,HJ,QTo,0,25,0,75,false,frame_005.00.png
80,HJ,JTo,0,40,0,60,true,frame_005.00.png
80,HJ,TT,0,100,0,0,false,frame_005.00.png
80,HJ,T9s,3,97,0,0,false,frame_005.00.png
80,HJ,T8s,2,98,0,0,false,frame_005.00.png
80,HJ,T7s,0,0,0,100,false,frame_005.00.png
80,HJ,T6s,0,0,0,100,false,frame_005.00.png
80,HJ,T5s,0,0,0,100,false,frame_005.00.png
80,HJ,T4s,0,0,0,100,false,frame_005.00.png
80,HJ,T3s,0,0,0,100,false,frame_005.00.png
80,HJ,T2s,0,0,0,100,false,frame_005.00.png
80,HJ,A9o,0,8,0,92,false,frame_005.00.png
80,HJ,K9o,0,0,0,100,false,frame_005.00.png
80,HJ,Q9o,0,0,0,100,false,frame_005.00.png
80,HJ,J9o,0,0,0,100,false,frame_005.00.png
80,HJ,T9o,0,0,0,100,false,frame_005.00.png
80,HJ,99,2,98,0,0,false,frame_005.00.png
80,HJ,98s,3,97,0,0,false,frame_005.00.png
80,HJ,97s,0,60,0,40,true,frame_005.00.png
80,HJ,96s,0,0,0,100,false,frame_005.00.png
80,HJ,95s,0,0,0,100,false,frame_005.00.png
80,HJ,94s,0,0,0,100,false,frame_005.00.png
80,HJ,93s,0,0,0,100,false,frame_005.00.png
80,HJ,92s,0,0,0,100,false,frame_005.00.png
80,HJ,A8o,0,0,0,100,false,frame_005.00.png
80,HJ,K8o,0,0,0,100,false,frame_005.00.png
80,HJ,Q8o,0,0,0,100,false,frame_005.00.png
80,HJ,J8o,0,0,0,100,false,frame_005.00.png
80,HJ,T8o,0,0,0,100,false,frame_005.00.png
80,HJ,98o,0,0,0,100,false,frame_005.00.png
80,HJ,88,0,100,0,0,false,frame_005.00.png
80,HJ,87s,2,79,0,19,false,frame_005.00.png
80,HJ,86s,0,0,0,100,false,frame_005.00.png
80,HJ,85s,0,0,0,100,false,frame_005.00.png
80,HJ,84s,0,0,0,100,false,frame_005.00.png
80,HJ,83s,0,0,0,100,false,frame_005.00.png
80,HJ,82s,0,0,0,100,false,frame_005.00.png
80,HJ,A7o,0,0,0,100,false,frame_005.00.png
80,HJ,K7o,0,0,0,100,false,frame_005.00.png
80,HJ,Q7o,0,0,0,100,false,frame_005.00.png
80,HJ,J7o,0,0,0,100,false,frame_005.00.png
80,HJ,T7o,0,0,0,100,false,frame_005.00.png
80,HJ,97o,0,0,0,100,false,frame_005.00.png
80,HJ,87o,0,0,0,100,false,frame_005.00.png
80,HJ,77,0,100,0,0,false,frame_005.00.png
80,HJ,76s,4,63,0,33,true,frame_005.00.png
80,HJ,75s,0,0,0,100,false,frame_005.00.png
80,HJ,74s,0,0,0,100,false,frame_005.00.png
80,HJ,73s,0,0,0,100,false,frame_005.00.png
80,HJ,72s,0,0,0,100,false,frame_005.00.png
80,HJ,A6o,0,0,0,100,false,frame_005.00.png
80,HJ,K6o,0,0,0,100,false,frame_005.00.png
80,HJ,Q6o,0,0,0,100,false,frame_005.00.png
80,HJ,J6o,0,0,0,100,false,frame_005.00.png
80,HJ,T6o,0,0,0,100,false,frame_005.00.png
80,HJ,96o,0,0,0,100,false,frame_005.00.png
80,HJ,86o,0,0,0,100,false,frame_005.00.png
80,HJ,76o,0,0,0,100,false,frame_005.00.png
80,HJ,66,2,98,0,0,false,frame_005.00.png
80,HJ,65s,2,86,0,12,false,frame_005.00.png
80,HJ,64s,0,0,0,100,false,frame_005.00.png
80,HJ,63s,0,0,0,100,false,frame_005.00.png
80,HJ,62s,0,0,0,100,false,frame_005.00.png
80,HJ,A5o,0,0,0,100,false,frame_005.00.png
80,HJ,K5o,0,0,0,100,false,frame_005.00.png
80,HJ,Q5o,0,0,0,100,false,frame_005.00.png
80,HJ,J5o,0,0,0,100,false,frame_005.00.png
80,HJ,T5o,0,0,0,100,false,frame_005.00.png
80,HJ,95o,0,0,0,100,false,frame_005.00.png
80,HJ,85o,0,0,0,100,false,frame_005.00.png
80,HJ,75o,0,0,0,100,false,frame_005.00.png
80,HJ,65o,0,0,0,100,false,frame_005.00.png
80,HJ,55,0,100,0,0,false,frame_005.00.png
80,HJ,54s,2,56,0,42,true,frame_005.00.png
80,HJ,53s,0,0,0,100,false,frame_005.00.png
80,HJ,52s,0,0,0,100,false,frame_005.00.png
80,HJ,A4o,0,0,0,100,false,frame_005.00.png
80,HJ,K4o,0,0,0,100,false,frame_005.00.png
80,HJ,Q4o,0,0,0,100,false,frame_005.00.png
80,HJ,J4o,0,0,0,100,false,frame_005.00.png
80,HJ,T4o,0,0,0,100,false,frame_005.00.png
80,HJ,94o,0,0,0,100,false,frame_005.00.png
80,HJ,84o,0,0,0,100,false,frame_005.00.png
80,HJ,74o,0,0,0,100,false,frame_005.00.png
80,HJ,64o,0,0,0,100,false,frame_005.00.png
80,HJ,54o,0,0,0,100,false,frame_005.00.png
80,HJ,44,0,100,0,0,false,frame_005.00.png
80,HJ,43s,0,0,0,100,false,frame_005.00.png
80,HJ,42s,0,0,0,100,false,frame_005.00.png
80,HJ,A3o,0,0,0,100,false,frame_005.00.png
80,HJ,K3o,0,0,0,100,false,frame_005.00.png
80,HJ,Q3o,0,0,0,100,false,frame_005.00.png
80,HJ,J3o,0,0,0,100,false,frame_005.00.png
80,HJ,T3o,0,0,0,100,false,frame_005.00.png
80,HJ,93o,0,0,0,100,false,frame_005.00.png
80,HJ,83o,0,0,0,100,false,frame_005.00.png
80,HJ,73o,0,0,0,100,false,frame_005.00.png
80,HJ,63o,0,0,0,100,false,frame_005.00.png
80,HJ,53o,0,0,0,100,false,frame_005.00.png
80,HJ,43o,0,0,0,100,false,frame_005.00.png
80,HJ,33,0,100,0,0,false,frame_005.00.png
80,HJ,32s,0,0,0,100,false,frame_005.00.png
80,HJ,A2o,0,0,0,100,false,frame_005.00.png
80,HJ,K2o,0,0,0,100,false,frame_005.00.png
80,HJ,Q2o,0,0,0,100,false,frame_005.00.png
80,HJ,J2o,0,0,0,100,false,frame_005.00.png
80,HJ,T2o,0,0,0,100,false,frame_005.00.png
80,HJ,92o,0,0,0,100,false,frame_005.00.png
80,HJ,82o,0,0,0,100,false,frame_005.00.png
80,HJ,72o,0,0,0,100,false,frame_005.00.png
80,HJ,62o,0,0,0,100,false,frame_005.00.png
80,HJ,52o,0,0,0,100,false,frame_005.00.png
80,HJ,42o,0,0,0,100,false,frame_005.00.png
80,HJ,32o,0,0,0,100,false,frame_005.00.png
80,HJ,22,0,20,0,80,false,frame_005.00.png
80,CO,AA,3,97,0,0,false,frame_007.00.png
80,CO,AKs,3,97,0,0,false,frame_007.00.png
80,CO,AQs,3,97,0,0,false,frame_007.00.png
80,CO,AJs,2,98,0,0,false,frame_007.00.png
80,CO,ATs,2,98,0,0,false,frame_007.00.png
80,CO,A9s,3,97,0,0,false,frame_007.00.png
80,CO,A8s,3,97,0,0,false,frame_007.00.png
80,CO,A7s,2,98,0,0,false,frame_007.00.png
80,CO,A6s,3,97,0,0,false,frame_007.00.png
80,CO,A5s,2,98,0,0,false,frame_007.00.png
80,CO,A4s,2,98,0,0,false,frame_007.00.png
80,CO,A3s,2,98,0,0,false,frame_007.00.png
80,CO,A2s,2,98,0,0,false,frame_007.00.png
80,CO,AKo,3,97,0,0,false,frame_007.00.png
80,CO,KK,0,100,0,0,false,frame_007.00.png
80,CO,KQs,3,97,0,0,false,frame_007.00.png
80,CO,KJs,2,98,0,0,false,frame_007.00.png
80,CO,KTs,2,98,0,0,false,frame_007.00.png
80,CO,K9s,3,97,0,0,false,frame_007.00.png
80,CO,K8s,3,97,0,0,false,frame_007.00.png
80,CO,K7s,2,98,0,0,false,frame_007.00.png
80,CO,K6s,3,97,0,0,false,frame_007.00.png
80,CO,K5s,2,98,0,0,false,frame_007.00.png
80,CO,K4s,3,97,0,0,false,frame_007.00.png
80,CO,K3s,3,16,0,81,false,frame_007.00.png
80,CO,K2s,0,0,0,100,false,frame_007.00.png
80,CO,AQo,4,96,0,0,false,frame_007.00.png
80,CO,KQo,3,97,0,0,false,frame_007.00.png
80,CO,QQ,3,97,0,0,false,frame_007.00.png
80,CO,QJs,2,98,0,0,false,frame_007.00.png
80,CO,QTs,2,98,0,0,false,frame_007.00.png
80,CO,Q9s,4,96,0,0,false,frame_007.00.png
80,CO,Q8s,3,97,0,0,false,frame_007.00.png
80,CO,Q7s,2,98,0,0,false,frame_007.00.png
80,CO,Q6s,0,10,0,90,false,frame_007.00.png
80,CO,Q5s,2,43,0,55,true,frame_007.00.png
80,CO,Q4s,0,0,0,100,false,frame_007.00.png
80,CO,Q3s,0,0,0,100,false,frame_007.00.png
80,CO,Q2s,0,0,0,100,false,frame_007.00.png
80,CO,AJo,3,97,0,0,false,frame_007.00.png
80,CO,KJo,2,98,0,0,false,frame_007.00.png
80,CO,QJo,3,97,0,0,false,frame_007.00.png
80,CO,JJ,0,100,0,0,false,frame_007.00.png
80,CO,JTs,0,100,0,0,false,frame_007.00.png
80,CO,J9s,2,98,0,0,false,frame_007.00.png
80,CO,J8s,2,98,0,0,false,frame_007.00.png
80,CO,J7s,0,23,0,77,false,frame_007.00.png
80,CO,J6s,0,0,0,100,false,frame_007.00.png
80,CO,J5s,0,0,0,100,false,frame_007.00.png
80,CO,J4s,0,0,0,100,false,frame_007.00.png
80,CO,J3s,0,0,0,100,false,frame_007.00.png
80,CO,J2s,0,0,0,100,false,frame_007.00.png
80,CO,ATo,3,97,0,0,false,frame_007.00.png
80,CO,KTo,2,98,0,0,false,frame_007.00.png
80,CO,QTo,3,97,0,0,false,frame_007.00.png
80,CO,JTo,0,100,0,0,false,frame_007.00.png
80,CO,TT,0,100,0,0,false,frame_007.00.png
80,CO,T9s,3,97,0,0,false,frame_007.00.png
80,CO,T8s,2,98,0,0,false,frame_007.00.png
80,CO,T7s,0,100,0,0,false,frame_007.00.png
80,CO,T6s,0,0,0,100,false,frame_007.00.png
80,CO,T5s,0,0,0,100,false,frame_007.00.png
80,CO,T4s,0,0,0,100,false,frame_007.00.png
80,CO,T3s,0,0,0,100,false,frame_007.00.png
80,CO,T2s,0,0,0,100,false,frame_007.00.png
80,CO,A9o,3,97,0,0,false,frame_007.00.png
80,CO,K9o,0,0,0,100,false,frame_007.00.png
80,CO,Q9o,0,0,0,100,false,frame_007.00.png
80,CO,J9o,0,0,0,100,false,frame_007.00.png
80,CO,T9o,0,0,0,100,false,frame_007.00.png
80,CO,99,2,98,0,0,false,frame_007.00.png
80,CO,98s,3,97,0,0,false,frame_007.00.png
80,CO,97s,0,100,0,0,false,frame_007.00.png
80,CO,96s,0,0,0,100,false,frame_007.00.png
80,CO,95s,0,0,0,100,false,frame_007.00.png
80,CO,94s,0,0,0,100,false,frame_007.00.png
80,CO,93s,0,0,0,100,false,frame_007.00.png
80,CO,92s,0,0,0,100,false,frame_007.00.png
80,CO,A8o,3,41,0,56,true,frame_007.00.png
80,CO,K8o,0,0,0,100,false,frame_007.00.png
80,CO,Q8o,0,0,0,100,false,frame_007.00.png
80,CO,J8o,0,0,0,100,false,frame_007.00.png
80,CO,T8o,0,0,0,100,false,frame_007.00.png
80,CO,98o,0,0,0,100,false,frame_007.00.png
80,CO,88,0,100,0,0,false,frame_007.00.png
80,CO,87s,2,98,0,0,false,frame_007.00.png
80,CO,86s,4,65,0,31,true,frame_007.00.png
80,CO,85s,0,0,0,100,false,frame_007.00.png
80,CO,84s,0,0,0,100,false,frame_007.00.png
80,CO,83s,0,0,0,100,false,frame_007.00.png
80,CO,82s,0,0,0,100,false,frame_007.00.png
80,CO,A7o,0,0,0,100,false,frame_007.00.png
80,CO,K7o,0,0,0,100,false,frame_007.00.png
80,CO,Q7o,0,0,0,100,false,frame_007.00.png
80,CO,J7o,0,0,0,100,false,frame_007.00.png
80,CO,T7o,0,0,0,100,false,frame_007.00.png
80,CO,97o,0,0,0,100,false,frame_007.00.png
80,CO,87o,0,0,0,100,false,frame_007.00.png
80,CO,77,0,100,0,0,false,frame_007.00.png
80,CO,76s,2,98,0,0,false,frame_007.00.png
80,CO,75s,0,0,0,100,false,frame_007.00.png
80,CO,74s,0,0,0,100,false,frame_007.00.png
80,CO,73s,0,0,0,100,false,frame_007.00.png
80,CO,72s,0,0,0,100,false,frame_007.00.png
80,CO,A6o,0,0,0,100,false,frame_007.00.png
80,CO,K6o,0,0,0,100,false,frame_007.00.png
80,CO,Q6o,0,0,0,100,false,frame_007.00.png
80,CO,J6o,0,0,0,100,false,frame_007.00.png
80,CO,T6o,0,0,0,100,false,frame_007.00.png
80,CO,96o,0,0,0,100,false,frame_007.00.png
80,CO,86o,0,0,0,100,false,frame_007.00.png
80,CO,76o,0,0,0,100,false,frame_007.00.png
80,CO,66,2,98,0,0,false,frame_007.00.png
80,CO,65s,2,98,0,0,false,frame_007.00.png
80,CO,64s,0,0,0,100,false,frame_007.00.png
80,CO,63s,0,0,0,100,false,frame_007.00.png
80,CO,62s,0,0,0,100,false,frame_007.00.png
80,CO,A5o,0,0,0,100,false,frame_007.00.png
80,CO,K5o,0,0,0,100,false,frame_007.00.png
80,CO,Q5o,0,0,0,100,false,frame_007.00.png
80,CO,J5o,0,0,0,100,false,frame_007.00.png
80,CO,T5o,0,0,0,100,false,frame_007.00.png
80,CO,95o,0,0,0,100,false,frame_007.00.png
80,CO,85o,0,0,0,100,false,frame_007.00.png
80,CO,75o,0,0,0,100,false,frame_007.00.png
80,CO,65o,0,0,0,100,false,frame_007.00.png
80,CO,55,0,100,0,0,false,frame_007.00.png
80,CO,54s,2,98,0,0,false,frame_007.00.png
80,CO,53s,0,0,0,100,false,frame_007.00.png
80,CO,52s,0,0,0,100,false,frame_007.00.png
80,CO,A4o,0,0,0,100,false,frame_007.00.png
80,CO,K4o,0,0,0,100,false,frame_007.00.png
80,CO,Q4o,0,0,0,100,false,frame_007.00.png
80,CO,J4o,0,0,0,100,false,frame_007.00.png
80,CO,T4o,0,0,0,100,false,frame_007.00.png
80,CO,94o,0,0,0,100,false,frame_007.00.png
80,CO,84o,0,0,0,100,false,frame_007.00.png
80,CO,74o,0,0,0,100,false,frame_007.00.png
80,CO,64o,0,0,0,100,false,frame_007.00.png
80,CO,54o,0,0,0,100,false,frame_007.00.png
80,CO,44,0,100,0,0,false,frame_007.00.png
80,CO,43s,0,0,0,100,false,frame_007.00.png
80,CO,42s,0,0,0,100,false,frame_007.00.png
80,CO,A3o,0,0,0,100,false,frame_007.00.png
80,CO,K3o,0,0,0,100,false,frame_007.00.png
80,CO,Q3o,0,0,0,100,false,frame_007.00.png
80,CO,J3o,0,0,0,100,false,frame_007.00.png
80,CO,T3o,0,0,0,100,false,frame_007.00.png
80,CO,93o,0,0,0,100,false,frame_007.00.png
80,CO,83o,0,0,0,100,false,frame_007.00.png
80,CO,73o,0,0,0,100,false,frame_007.00.png
80,CO,63o,0,0,0,100,false,frame_007.00.png
80,CO,53o,0,0,0,100,false,frame_007.00.png
80,CO,43o,0,0,0,100,false,frame_007.00.png
80,CO,33,0,100,0,0,false,frame_007.00.png
80,CO,32s,0,0,0,100,false,frame_007.00.png
80,CO,A2o,0,0,0,100,false,frame_007.00.png
80,CO,K2o,0,0,0,100,false,frame_007.00.png
80,CO,Q2o,0,0,0,100,false,frame_007.00.png
80,CO,J2o,0,0,0,100,false,frame_007.00.png
80,CO,T2o,0,0,0,100,false,frame_007.00.png
80,CO,92o,0,0,0,100,false,frame_007.00.png
80,CO,82o,0,0,0,100,false,frame_007.00.png
80,CO,72o,0,0,0,100,false,frame_007.00.png
80,CO,62o,0,0,0,100,false,frame_007.00.png
80,CO,52o,0,0,0,100,false,frame_007.00.png
80,CO,42o,0,0,0,100,false,frame_007.00.png
80,CO,32o,0,0,0,100,false,frame_007.00.png
80,CO,22,0,100,0,0,false,frame_007.00.png
80,BTN,AA,3,97,0,0,false,frame_009.00.png
80,BTN,AKs,3,97,0,0,false,frame_009.00.png
80,BTN,AQs,3,97,0,0,false,frame_009.00.png
80,BTN,AJs,2,98,0,0,false,frame_009.00.png
80,BTN,ATs,2,98,0,0,false,frame_009.00.png
80,BTN,A9s,3,97,0,0,false,frame_009.00.png
80,BTN,A8s,3,97,0,0,false,frame_009.00.png
80,BTN,A7s,2,98,0,0,false,frame_009.00.png
80,BTN,A6s,3,97,0,0,false,frame_009.00.png
80,BTN,A5s,2,98,0,0,false,frame_009.00.png
80,BTN,A4s,2,98,0,0,false,frame_009.00.png
80,BTN,A3s,2,98,0,0,false,frame_009.00.png
80,BTN,A2s,2,98,0,0,false,frame_009.00.png
80,BTN,AKo,3,97,0,0,false,frame_009.00.png
80,BTN,KK,0,100,0,0,false,frame_009.00.png
80,BTN,KQs,3,97,0,0,false,frame_009.00.png
80,BTN,KJs,2,98,0,0,false,frame_009.00.png
80,BTN,KTs,2,98,0,0,false,frame_009.00.png
80,BTN,K9s,3,97,0,0,false,frame_009.00.png
80,BTN,K8s,3,97,0,0,false,frame_009.00.png
80,BTN,K7s,2,98,0,0,false,frame_009.00.png
80,BTN,K6s,3,97,0,0,false,frame_009.00.png
80,BTN,K5s,2,98,0,0,false,frame_009.00.png
80,BTN,K4s,3,97,0,0,false,frame_009.00.png
80,BTN,K3s,3,97,0,0,false,frame_009.00.png
80,BTN,K2s,2,98,0,0,false,frame_009.00.png
80,BTN,AQo,4,96,0,0,false,frame_009.00.png
80,BTN,KQo,3,97,0,0,false,frame_009.00.png
80,BTN,QQ,3,97,0,0,false,frame_009.00.png
80,BTN,QJs,2,98,0,0,false,frame_009.00.png
80,BTN,QTs,2,98,0,0,false,frame_009.00.png
80,BTN,Q9s,4,96,0,0,false,frame_009.00.png
80,BTN,Q8s,3,97,0,0,false,frame_009.00.png
80,BTN,Q7s,2,98,0,0,false,frame_009.00.png
80,BTN,Q6s,3,97,0,0,false,frame_009.00.png
80,BTN,Q5s,2,98,0,0,false,frame_009.00.png
80,BTN,Q4s,2,98,0,0,false,frame_009.00.png
80,BTN,Q3s,0,0,0,100,false,frame_009.00.png
80,BTN,Q2s,0,0,0,100,false,frame_009.00.png
80,BTN,AJo,3,97,0,0,false,frame_009.00.png
80,BTN,KJo,2,98,0,0,false,frame_009.00.png
80,BTN,QJo,3,97,0,0,false,frame_009.00.png
80,BTN,JJ,0,100,0,0,false,frame_009.00.png
80,BTN,JTs,0,100,0,0,false,frame_009.00.png
80,BTN,J9s,2,98,0,0,false,frame_009.00.png
80,BTN,J8s,2,98,0,0,false,frame_009.00.png
80,BTN,J7s,0,100,0,0,false,frame_009.00.png
80,BTN,J6s,3,97,0,0,false,frame_009.00.png
80,BTN,J5s,0,56,0,44,true,frame_009.00.png
80,BTN,J4s,0,0,0,100,false,frame_009.00.png
80,BTN,J3s,0,0,0,100,false,frame_009.00.png
80,BTN,J2s,0,0,0,100,false,frame_009.00.png
80,BTN,ATo,3,97,0,0,false,frame_009.00.png
80,BTN,KTo,2,98,0,0,false,frame_009.00.png
80,BTN,QTo,3,97,0,0,false,frame_009.00.png
80,BTN,JTo,0,100,0,0,false,frame_009.00.png
80,BTN,TT,0,100,0,0,false,frame_009.00.png
80,BTN,T9s,3,97,0,0,false,frame_009.00.png
80,BTN,T8s,2,98,0,0,false,frame_009.00.png
80,BTN,T7s,0,100,0,0,false,frame_009.00.png
80,BTN,T6s,3,79,0,18,false,frame_009.00.png
80,BTN,T5s,0,0,0,100,false,frame_009.00.png
80,BTN,T4s,0,0,0,100,false,frame_009.00.png
80,BTN,T3s,0,0,0,100,false,frame_009.00.png
80,BTN,T2s,0,0,0,100,false,frame_009.00.png
80,BTN,A9o,3,97,0,0,false,frame_009.00.png
80,BTN,K9o,3,97,0,0,false,frame_009.00.png
80,BTN,Q9o,4,45,0,51,true,frame_009.00.png
80,BTN,J9o,0,42,0,58,true,frame_009.00.png
80,BTN,T9o,2,98,0,0,false,frame_009.00.png
80,BTN,99,2,98,0,0,false,frame_009.00.png
80,BTN,98s,3,97,0,0,false,frame_009.00.png
80,BTN,97s,0,100,0,0,false,frame_009.00.png
80,BTN,96s,3,97,0,0,false,frame_009.00.png
80,BTN,95s,0,0,0,100,false,frame_009.00.png
80,BTN,94s,0,0,0,100,false,frame_009.00.png
80,BTN,93s,0,0,0,100,false,frame_009.00.png
80,BTN,92s,0,0,0,100,false,frame_009.00.png
80,BTN,A8o,3,97,0,0,false,frame_009.00.png
80,BTN,K8o,0,0,0,100,false,frame_009.00.png
80,BTN,Q8o,0,0,0,100,false,frame_009.00.png
80,BTN,J8o,0,0,0,100,false,frame_009.00.png
80,BTN,T8o,0,0,0,100,false,frame_009.00.png
80,BTN,98o,0,0,0,100,false,frame_009.00.png
80,BTN,88,0,100,0,0,false,frame_009.00.png
80,BTN,87s,2,98,0,0,false,frame_009.00.png
80,BTN,86s,3,97,0,0,false,frame_009.00.png
80,BTN,85s,0,39,0,61,true,frame_009.00.png
80,BTN,84s,0,0,0,100,false,frame_009.00.png
80,BTN,83s,0,0,0,100,false,frame_009.00.png
80,BTN,82s,0,0,0,100,false,frame_009.00.png
80,BTN,A7o,3,97,0,0,false,frame_009.00.png
80,BTN,K7o,0,0,0,100,false,frame_009.00.png
80,BTN,Q7o,0,0,0,100,false,frame_009.00.png
80,BTN,J7o,0,0,0,100,false,frame_009.00.png
80,BTN,T7o,0,0,0,100,false,frame_009.00.png
80,BTN,97o,0,0,0,100,false,frame_009.00.png
80,BTN,87o,0,0,0,100,false,frame_009.00.png
80,BTN,77,0,100,0,0,false,frame_009.00.png
80,BTN,76s,2,98,0,0,false,frame_009.00.png
80,BTN,75s,0,100,0,0,false,frame_009.00.png
80,BTN,74s,0,0,0,100,false,frame_009.00.png
80,BTN,73s,0,0,0,100,false,frame_009.00.png
80,BTN,72s,0,0,0,100,false,frame_009.00.png
80,BTN,A6o,0,0,0,100,false,frame_009.00.png
80,BTN,K6o,0,0,0,100,false,frame_009.00.png
80,BTN,Q6o,0,0,0,100,false,frame_009.00.png
80,BTN,J6o,0,0,0,100,false,frame_009.00.png
80,BTN,T6o,0,0,0,100,false,frame_009.00.png
80,BTN,96o,0,0,0,100,false,frame_009.00.png
80,BTN,86o,0,0,0,100,false,frame_009.00.png
80,BTN,76o,0,0,0,100,false,frame_009.00.png
80,BTN,66,2,98,0,0,false,frame_009.00.png
80,BTN,65s,2,98,0,0,false,frame_009.00.png
80,BTN,64s,0,28,0,72,false,frame_009.00.png
80,BTN,63s,0,0,0,100,false,frame_009.00.png
80,BTN,62s,0,0,0,100,false,frame_009.00.png
80,BTN,A5o,3,97,0,0,false,frame_009.00.png
80,BTN,K5o,0,0,0,100,false,frame_009.00.png
80,BTN,Q5o,0,0,0,100,false,frame_009.00.png
80,BTN,J5o,0,0,0,100,false,frame_009.00.png
80,BTN,T5o,0,0,0,100,false,frame_009.00.png
80,BTN,95o,0,0,0,100,false,frame_009.00.png
80,BTN,85o,0,0,0,100,false,frame_009.00.png
80,BTN,75o,0,0,0,100,false,frame_009.00.png
80,BTN,65o,0,0,0,100,false,frame_009.00.png
80,BTN,55,0,100,0,0,false,frame_009.00.png
80,BTN,54s,2,98,0,0,false,frame_009.00.png
80,BTN,53s,0,0,0,100,false,frame_009.00.png
80,BTN,52s,0,0,0,100,false,frame_009.00.png
80,BTN,A4o,0,0,0,100,false,frame_009.00.png
80,BTN,K4o,0,0,0,100,false,frame_009.00.png
80,BTN,Q4o,0,0,0,100,false,frame_009.00.png
80,BTN,J4o,0,0,0,100,false,frame_009.00.png
80,BTN,T4o,0,0,0,100,false,frame_009.00.png
80,BTN,94o,0,0,0,100,false,frame_009.00.png
80,BTN,84o,0,0,0,100,false,frame_009.00.png
80,BTN,74o,0,0,0,100,false,frame_009.00.png
80,BTN,64o,0,0,0,100,false,frame_009.00.png
80,BTN,54o,0,0,0,100,false,frame_009.00.png
80,BTN,44,0,100,0,0,false,frame_009.00.png
80,BTN,43s,0,0,0,100,false,frame_009.00.png
80,BTN,42s,0,0,0,100,false,frame_009.00.png
80,BTN,A3o,0,0,0,100,false,frame_009.00.png
80,BTN,K3o,0,0,0,100,false,frame_009.00.png
80,BTN,Q3o,0,0,0,100,false,frame_009.00.png
80,BTN,J3o,0,0,0,100,false,frame_009.00.png
80,BTN,T3o,0,0,0,100,false,frame_009.00.png
80,BTN,93o,0,0,0,100,false,frame_009.00.png
80,BTN,83o,0,0,0,100,false,frame_009.00.png
80,BTN,73o,0,0,0,100,false,frame_009.00.png
80,BTN,63o,0,0,0,100,false,frame_009.00.png
80,BTN,53o,0,0,0,100,false,frame_009.00.png
80,BTN,43o,0,0,0,100,false,frame_009.00.png
80,BTN,33,0,100,0,0,false,frame_009.00.png
80,BTN,32s,0,0,0,100,false,frame_009.00.png
80,BTN,A2o,0,0,0,100,false,frame_009.00.png
80,BTN,K2o,0,0,0,100,false,frame_009.00.png
80,BTN,Q2o,0,0,0,100,false,frame_009.00.png
80,BTN,J2o,0,0,0,100,false,frame_009.00.png
80,BTN,T2o,0,0,0,100,false,frame_009.00.png
80,BTN,92o,0,0,0,100,false,frame_009.00.png
80,BTN,82o,0,0,0,100,false,frame_009.00.png
80,BTN,72o,0,0,0,100,false,frame_009.00.png
80,BTN,62o,0,0,0,100,false,frame_009.00.png
80,BTN,52o,0,0,0,100,false,frame_009.00.png
80,BTN,42o,0,0,0,100,false,frame_009.00.png
80,BTN,32o,0,0,0,100,false,frame_009.00.png
80,BTN,22,0,100,0,0,false,frame_009.00.png
80,SB,AA,0,23,77,0,false,frame_016.00.png
80,SB,AKs,3,82,15,0,false,frame_016.00.png
80,SB,AQs,2,28,70,0,false,frame_016.00.png
80,SB,AJs,2,98,0,0,false,frame_016.00.png
80,SB,ATs,2,89,9,0,false,frame_016.00.png
80,SB,A9s,3,66,31,0,false,frame_016.00.png
80,SB,A8s,2,53,45,0,false,frame_016.00.png
80,SB,A7s,0,29,71,0,false,frame_016.00.png
80,SB,A6s,0,0,100,0,false,frame_016.00.png
80,SB,A5s,2,66,32,0,false,frame_016.00.png
80,SB,A4s,0,4,96,0,false,frame_016.00.png
80,SB,A3s,0,0,100,0,false,frame_016.00.png
80,SB,A2s,0,0,100,0,false,frame_016.00.png
80,SB,AKo,0,4,96,0,false,frame_016.00.png
80,SB,KK,0,23,77,0,false,frame_016.00.png
80,SB,KQs,3,97,0,0,false,frame_016.00.png
80,SB,KJs,2,82,16,0,false,frame_016.00.png
80,SB,KTs,2,56,42,0,false,frame_016.00.png
80,SB,K9s,3,24,73,0,false,frame_016.00.png
80,SB,K8s,0,4,96,0,false,frame_016.00.png
80,SB,K7s,0,0,100,0,false,frame_016.00.png
80,SB,K6s,0,0,100,0,false,frame_016.00.png
80,SB,K5s,0,0,100,0,false,frame_016.00.png
80,SB,K4s,0,0,100,0,false,frame_016.00.png
80,SB,K3s,0,0,100,0,false,frame_016.00.png
80,SB,K2s,0,0,100,0,false,frame_016.00.png
80,SB,AQo,0,12,88,0,false,frame_016.00.png
80,SB,KQo,0,16,84,0,false,frame_016.00.png
80,SB,QQ,0,15,85,0,false,frame_016.00.png
80,SB,QJs,2,75,23,0,false,frame_016.00.png
80,SB,QTs,2,62,36,0,false,frame_016.00.png
80,SB,Q9s,0,0,100,0,false,frame_016.00.png
80,SB,Q8s,0,0,100,0,false,frame_016.00.png
80,SB,Q7s,0,0,100,0,false,frame_016.00.png
80,SB,Q6s,0,0,100,0,false,frame_016.00.png
80,SB,Q5s,0,0,100,0,false,frame_016.00.png
80,SB,Q4s,0,0,100,0,false,frame_016.00.png
80,SB,Q3s,0,0,100,0,false,frame_016.00.png
80,SB,Q2s,0,0,100,0,false,frame_016.00.png
80,SB,AJo,0,7,93,0,false,frame_016.00.png
80,SB,KJo,0,0,100,0,false,frame_016.00.png
80,SB,QJo,0,0,100,0,false,frame_016.00.png
80,SB,JJ,0,12,88,0,false,frame_016.00.png
80,SB,JTs,0,73,27,0,false,frame_016.00.png
80,SB,J9s,2,36,62,0,false,frame_016.00.png
80,SB,J8s,0,0,100,0,false,frame_016.00.png
80,SB,J7s,0,0,100,0,false,frame_016.00.png
80,SB,J6s,0,0,100,0,false,frame_016.00.png
80,SB,J5s,0,0,100,0,false,frame_016.00.png
80,SB,J4s,0,26,74,0,false,frame_016.00.png
80,SB,J3s,0,0,100,0,false,frame_016.00.png
80,SB,J2s,0,12,88,0,false,frame_016.00.png
80,SB,ATo,0,6,94,0,false,frame_016.00.png
80,SB,KTo,0,3,97,0,false,frame_016.00.png
80,SB,QTo,0,0,100,0,false,frame_016.00.png
80,SB,JTo,0,0,100,0,false,frame_016.00.png
80,SB,TT,0,20,80,0,false,frame_016.00.png
80,SB,T9s,3,53,44,0,false,frame_016.00.png
80,SB,T8s,0,23,77,0,false,frame_016.00.png
80,SB,T7s,0,0,100,0,false,frame_016.00.png
80,SB,T6s,0,0,100,0,false,frame_016.00.png
80,SB,T5s,0,7,93,0,false,frame_016.00.png
80,SB,T4s,0,11,89,0,false,frame_016.00.png
80,SB,T3s,2,42,56,0,false,frame_016.00.png
80,SB,T2s,0,29,71,0,false,frame_016.00.png
80,SB,A9o,0,7,93,0,false,frame_016.00.png
80,SB,K9o,0,12,88,0,false,frame_016.00.png
80,SB,Q9o,2,19,79,0,false,frame_016.00.png
80,SB,J9o,0,0,100,0,false,frame_016.00.png
80,SB,T9o,0,0,100,0,false,frame_016.00.png
80,SB,99,0,29,71,0,false,frame_016.00.png
80,SB,98s,0,18,82,0,false,frame_016.00.png
80,SB,97s,0,0,100,0,false,frame_016.00.png
80,SB,96s,0,0,100,0,false,frame_016.00.png
80,SB,95s,0,23,77,0,false,frame_016.00.png
80,SB,94s,2,48,50,0,false,frame_016.00.png
80,SB,93s,0,0,100,0,false,frame_016.00.png
80,SB,92s,0,0,100,0,false,frame_016.00.png
80,SB,A8o,0,8,92,0,false,frame_016.00.png
80,SB,K8o,0,20,80,0,false,frame_016.00.png
80,SB,Q8o,3,26,71,0,false,frame_016.00.png
80,SB,J8o,0,24,76,0,false,frame_016.00.png
80,SB,T8o,0,9,91,0,false,frame_016.00.png
80,SB,98o,0,20,80,0,false,frame_016.00.png
80,SB,88,0,29,71,0,false,frame_016.00.png
80,SB,87s,0,22,78,0,false,frame_016.00.png
80,SB,86s,0,18,82,0,false,frame_016.00.png
80,SB,85s,0,0,100,0,false,frame_016.00.png
80,SB,84s,0,39,61,0,false,frame_016.00.png
80,SB,83s,0,0,100,0,false,frame_016.00.png
80,SB,82s,0,0,100,0,false,frame_016.00.png
80,SB,A7o,0,18,82,0,false,frame_016.00.png
80,SB,K7o,0,17,83,0,false,frame_016.00.png
80,SB,Q7o,0,12,88,0,false,frame_016.00.png
80,SB,J7o,0,3,97,0,false,frame_016.00.png
80,SB,T7o,0,21,79,0,false,frame_016.00.png
80,SB,97o,0,18,82,0,false,frame_016.00.png
80,SB,87o,0,10,90,0,false,frame_016.00.png
80,SB,77,0,16,84,0,false,frame_016.00.png
80,SB,76s,0,7,93,0,false,frame_016.00.png
80,SB,75s,0,0,100,0,false,frame_016.00.png
80,SB,74s,0,0,100,0,false,frame_016.00.png
80,SB,73s,0,23,77,0,false,frame_016.00.png
80,SB,72s,0,0,100,0,false,frame_016.00.png
80,SB,A6o,0,19,81,0,false,frame_016.00.png
80,SB,K6o,0,23,77,0,false,frame_016.00.png
80,SB,Q6o,0,4,96,0,false,frame_016.00.png
80,SB,J6o,0,0,100,0,false,frame_016.00.png
80,SB,T6o,0,0,100,0,false,frame_016.00.png
80,SB,96o,0,0,100,0,false,frame_016.00.png
80,SB,86o,0,0,100,0,false,frame_016.00.png
80,SB,76o,0,14,86,0,false,frame_016.00.png
80,SB,66,0,12,88,0,false,frame_016.00.png
80,SB,65s,0,28,72,0,false,frame_016.00.png
80,SB,64s,0,18,82,0,false,frame_016.00.png
80,SB,63s,0,19,81,0,false,frame_016.00.png
80,SB,62s,0,0,100,0,false,frame_016.00.png
80,SB,A5o,0,4,96,0,false,frame_016.00.png
80,SB,K5o,0,16,84,0,false,frame_016.00.png
80,SB,Q5o,0,6,94,0,false,frame_016.00.png
80,SB,J5o,0,0,100,0,false,frame_016.00.png
80,SB,T5o,0,0,100,0,false,frame_016.00.png
80,SB,95o,0,0,100,0,false,frame_016.00.png
80,SB,85o,0,0,100,0,false,frame_016.00.png
80,SB,75o,0,0,100,0,false,frame_016.00.png
80,SB,65o,0,7,93,0,false,frame_016.00.png
80,SB,55,0,6,94,0,false,frame_016.00.png
80,SB,54s,2,48,50,0,false,frame_016.00.png
80,SB,53s,0,0,100,0,false,frame_016.00.png
80,SB,52s,0,20,80,0,false,frame_016.00.png
80,SB,A4o,0,11,89,0,false,frame_016.00.png
80,SB,K4o,0,0,100,0,false,frame_016.00.png
80,SB,Q4o,0,0,100,0,false,frame_016.00.png
80,SB,J4o,0,0,100,0,false,frame_016.00.png
80,SB,T4o,0,0,100,0,false,frame_016.00.png
80,SB,94o,0,0,100,0,false,frame_016.00.png
80,SB,84o,0,0,100,0,false,frame_016.00.png
80,SB,74o,0,0,100,0,false,frame_016.00.png
80,SB,64o,0,0,100,0,false,frame_016.00.png
80,SB,54o,0,0,100,0,false,frame_016.00.png
80,SB,44,0,0,100,0,false,frame_016.00.png
80,SB,43s,0,0,100,0,false,frame_016.00.png
80,SB,42s,2,48,50,0,false,frame_016.00.png
80,SB,A3o,0,9,91,0,false,frame_016.00.png
80,SB,K3o,0,0,100,0,false,frame_016.00.png
80,SB,Q3o,0,0,100,0,false,frame_016.00.png
80,SB,J3o,0,0,100,0,false,frame_016.00.png
80,SB,T3o,0,0,100,0,false,frame_016.00.png
80,SB,93o,0,0,7,93,false,frame_016.00.png
80,SB,83o,0,0,0,100,false,frame_016.00.png
80,SB,73o,0,0,0,100,false,frame_016.00.png
80,SB,63o,0,0,0,100,false,frame_016.00.png
80,SB,53o,0,0,100,0,false,frame_016.00.png
80,SB,43o,0,0,93,7,false,frame_016.00.png
80,SB,33,0,0,100,0,false,frame_016.00.png
80,SB,32s,0,0,100,0,false,frame_016.00.png
80,SB,A2o,0,9,91,0,false,frame_016.00.png
80,SB,K2o,0,0,100,0,false,frame_016.00.png
80,SB,Q2o,0,0,100,0,false,frame_016.00.png
80,SB,J2o,0,0,100,0,false,frame_016.00.png
80,SB,T2o,0,0,100,0,false,frame_016.00.png
80,SB,92o,0,0,0,100,false,frame_016.00.png
80,SB,82o,0,0,0,100,false,frame_016.00.png
80,SB,72o,0,0,0,100,false,frame_016.00.png
80,SB,62o,0,0,0,100,false,frame_016.00.png
80,SB,52o,0,0,0,100,false,frame_016.00.png
80,SB,42o,0,0,0,100,false,frame_016.00.png
80,SB,32o,0,0,0,100,false,frame_016.00.png
80,SB,22,0,0,100,0,false,frame_016.00.png
100,UTG,AA,3,97,0,0,false,frame_002.00.png
100,UTG,AKs,3,97,0,0,false,frame_002.00.png
100,UTG,AQs,3,97,0,0,false,frame_002.00.png
100,UTG,AJs,2,98,0,0,false,frame_002.00.png
100,UTG,ATs,2,98,0,0,false,frame_002.00.png
100,UTG,A9s,3,97,0,0,false,frame_002.00.png
100,UTG,A8s,3,97,0,0,false,frame_002.00.png
100,UTG,A7s,2,98,0,0,false,frame_002.00.png
100,UTG,A6s,3,97,0,0,false,frame_002.00.png
100,UTG,A5s,2,98,0,0,false,frame_002.00.png
100,UTG,A4s,2,98,0,0,false,frame_002.00.png
100,UTG,A3s,2,98,0,0,false,frame_002.00.png
100,UTG,A2s,2,42,0,56,true,frame_002.00.png
100,UTG,AKo,3,97,0,0,false,frame_002.00.png
100,UTG,KK,0,100,0,0,false,frame_002.00.png
100,UTG,KQs,3,97,0,0,false,frame_002.00.png
100,UTG,KJs,2,98,0,0,false,frame_002.00.png
100,UTG,KTs,2,98,0,0,false,frame_002.00.png
100,UTG,K9s,3,97,0,0,false,frame_002.00.png
100,UTG,K8s,3,97,0,0,false,frame_002.00.png
100,UTG,K7s,2,53,0,45,true,frame_002.00.png
100,UTG,K6s,0,0,0,100,false,frame_002.00.png
100,UTG,K5s,0,0,0,100,false,frame_002.00.png
100,UTG,K4s,0,0,0,100,false,frame_002.00.png
100,UTG,K3s,0,0,0,100,false,frame_002.00.png
100,UTG,K2s,0,0,0,100,false,frame_002.00.png
100,UTG,AQo,4,96,0,0,false,frame_002.00.png
100,UTG,KQo,3,97,0,0,false,frame_002.00.png
100,UTG,QQ,3,97,0,0,false,frame_002.00.png
100,UTG,QJs,2,98,0,0,false,frame_002.00.png
100,UTG,QTs,2,98,0,0,false,frame_002.00.png
100,UTG,Q9s,3,97,0,0,false,frame_002.00.png
100,UTG,Q8s,0,0,0,100,false,frame_002.00.png
100,UTG,Q7s,0,0,0,100,false,frame_002.00.png
100,UTG,Q6s,0,0,0,100,false,frame_002.00.png
100,UTG,Q5s,0,0,0,100,false,frame_002.00.png
100,UTG,Q4s,0,0,0,100,false,frame_002.00.png
100,UTG,Q3s,0,0,0,100,false,frame_002.00.png
100,UTG,Q2s,0,0,0,100,false,frame_002.00.png
100,UTG,AJo,3,97,0,0,false,frame_002.00.png
100,UTG,KJo,0,20,0,80,false,frame_002.00.png
100,UTG,QJo,0,0,0,100,false,frame_002.00.png
100,UTG,JJ,0,100,0,0,false,frame_002.00.png
100,UTG,JTs,0,100,0,0,false,frame_002.00.png
100,UTG,J9s,2,98,0,0,false,frame_002.00.png
100,UTG,J8s,0,0,0,100,false,frame_002.00.png
100,UTG,J7s,0,0,0,100,false,frame_002.00.png
100,UTG,J6s,0,0,0,100,false,frame_002.00.png
100,UTG,J5s,0,0,0,100,false,frame_002.00.png
100,UTG,J4s,0,0,0,100,false,frame_002.00.png
100,UTG,J3s,0,0,0,100,false,frame_002.00.png
100,UTG,J2s,0,0,0,100,false,frame_002.00.png
100,UTG,ATo,0,16,0,84,false,frame_002.00.png
100,UTG,KTo,0,0,0,100,false,frame_002.00.png
100,UTG,QTo,0,0,0,100,false,frame_002.00.png
100,UTG,JTo,0,0,0,100,false,frame_002.00.png
100,UTG,TT,0,100,0,0,false,frame_002.00.png
100,UTG,T9s,3,97,0,0,false,frame_002.00.png
100,UTG,T8s,2,98,0,0,false,frame_002.00.png
100,UTG,T7s,0,0,0,100,false,frame_002.00.png
100,UTG,T6s,0,0,0,100,false,frame_002.00.png
100,UTG,T5s,0,0,0,100,false,frame_002.00.png
100,UTG,T4s,0,0,0,100,false,frame_002.00.png
100,UTG,T3s,0,0,0,100,false,frame_002.00.png
100,UTG,T2s,0,0,0,100,false,frame_002.00.png
100,UTG,A9o,0,0,0,100,false,frame_002.00.png
100,UTG,K9o,0,0,0,100,false,frame_002.00.png
100,UTG,Q9o,0,0,0,100,false,frame_002.00.png
100,UTG,J9o,0,0,0,100,false,frame_002.00.png
100,UTG,T9o,0,0,0,100,false,frame_002.00.png
100,UTG,99,2,98,0,0,false,frame_002.00.png
100,UTG,98s,0,29,0,71,false,frame_002.00.png
100,UTG,97s,0,0,0,100,false,frame_002.00.png
100,UTG,96s,0,0,0,100,false,frame_002.00.png
100,UTG,95s,0,0,0,100,false,frame_002.00.png
100,UTG,94s,0,0,0,100,false,frame_002.00.png
100,UTG,93s,0,0,0,100,false,frame_002.00.png
100,UTG,92s,0,0,0,100,false,frame_002.00.png
100,UTG,A8o,0,0,0,100,false,frame_002.00.png
100,UTG,K8o,0,0,0,100,false,frame_002.00.png
100,UTG,Q8o,0,0,0,100,false,frame_002.00.png
100,UTG,J8o,0,0,0,100,false,frame_002.00.png
100,UTG,T8o,0,0,0,100,false,frame_002.00.png
100,UTG,98o,0,0,0,100,false,frame_002.00.png
100,UTG,88,0,100,0,0,false,frame_002.00.png
100,UTG,87s,0,4,0,96,false,frame_002.00.png
100,UTG,86s,0,0,0,100,false,frame_002.00.png
100,UTG,85s,0,0,0,100,false,frame_002.00.png
100,UTG,84s,0,0,0,100,false,frame_002.00.png
100,UTG,83s,0,0,0,100,false,frame_002.00.png
100,UTG,82s,0,0,0,100,false,frame_002.00.png
100,UTG,A7o,0,0,0,100,false,frame_002.00.png
100,UTG,K7o,0,0,0,100,false,frame_002.00.png
100,UTG,Q7o,0,0,0,100,false,frame_002.00.png
100,UTG,J7o,0,0,0,100,false,frame_002.00.png
100,UTG,T7o,0,0,0,100,false,frame_002.00.png
100,UTG,97o,0,0,0,100,false,frame_002.00.png
100,UTG,87o,0,0,0,100,false,frame_002.00.png
100,UTG,77,0,100,0,0,false,frame_002.00.png
100,UTG,76s,3,31,0,66,true,frame_002.00.png
100,UTG,75s,0,0,0,100,false,frame_002.00.png
100,UTG,74s,0,0,0,100,false,frame_002.00.png
100,UTG,73s,0,0,0,100,false,frame_002.00.png
100,UTG,72s,0,0,0,100,false,frame_002.00.png
100,UTG,A6o,0,0,0,100,false,frame_002.00.png
100,UTG,K6o,0,0,0,100,false,frame_002.00.png
100,UTG,Q6o,0,0,0,100,false,frame_002.00.png
100,UTG,J6o,0,0,0,100,false,frame_002.00.png
100,UTG,T6o,0,0,0,100,false,frame_002.00.png
100,UTG,96o,0,0,0,100,false,frame_002.00.png
100,UTG,86o,0,0,0,100,false,frame_002.00.png
100,UTG,76o,0,0,0,100,false,frame_002.00.png
100,UTG,66,2,98,0,0,false,frame_002.00.png
100,UTG,65s,2,60,0,38,true,frame_002.00.png
100,UTG,64s,0,0,0,100,false,frame_002.00.png
100,UTG,63s,0,0,0,100,false,frame_002.00.png
100,UTG,62s,0,0,0,100,false,frame_002.00.png
100,UTG,A5o,0,0,0,100,false,frame_002.00.png
100,UTG,K5o,0,0,0,100,false,frame_002.00.png
100,UTG,Q5o,0,0,0,100,false,frame_002.00.png
100,UTG,J5o,0,0,0,100,false,frame_002.00.png
100,UTG,T5o,0,0,0,100,false,frame_002.00.png
100,UTG,95o,0,0,0,100,false,frame_002.00.png
100,UTG,85o,0,0,0,100,false,frame_002.00.png
100,UTG,75o,0,0,0,100,false,frame_002.00.png
100,UTG,65o,0,0,0,100,false,frame_002.00.png
100,UTG,55,0,100,0,0,false,frame_002.00.png
100,UTG,54s,0,37,0,63,true,frame_002.00.png
100,UTG,53s,0,0,0,100,false,frame_002.00.png
100,UTG,52s,0,0,0,100,false,frame_002.00.png
100,UTG,A4o,0,0,0,100,false,frame_002.00.png
100,UTG,K4o,0,0,0,100,false,frame_002.00.png
100,UTG,Q4o,0,0,0,100,false,frame_002.00.png
100,UTG,J4o,0,0,0,100,false,frame_002.00.png
100,UTG,T4o,0,0,0,100,false,frame_002.00.png
100,UTG,94o,0,0,0,100,false,frame_002.00.png
100,UTG,84o,0,0,0,100,false,frame_002.00.png
100,UTG,74o,0,0,0,100,false,frame_002.00.png
100,UTG,64o,0,0,0,100,false,frame_002.00.png
100,UTG,54o,0,0,0,100,false,frame_002.00.png
100,UTG,44,0,100,0,0,false,frame_002.00.png
100,UTG,43s,0,0,0,100,false,frame_002.00.png
100,UTG,42s,0,0,0,100,false,frame_002.00.png
100,UTG,A3o,0,0,0,100,false,frame_002.00.png
100,UTG,K3o,0,0,0,100,false,frame_002.00.png
100,UTG,Q3o,0,0,0,100,false,frame_002.00.png
100,UTG,J3o,0,0,0,100,false,frame_002.00.png
100,UTG,T3o,0,0,0,100,false,frame_002.00.png
100,UTG,93o,0,0,0,100,false,frame_002.00.png
100,UTG,83o,0,0,0,100,false,frame_002.00.png
100,UTG,73o,0,0,0,100,false,frame_002.00.png
100,UTG,63o,0,0,0,100,false,frame_002.00.png
100,UTG,53o,0,0,0,100,false,frame_002.00.png
100,UTG,43o,0,0,0,100,false,frame_002.00.png
100,UTG,33,0,23,0,77,false,frame_002.00.png
100,UTG,32s,0,0,0,100,false,frame_002.00.png
100,UTG,A2o,0,0,0,100,false,frame_002.00.png
100,UTG,K2o,0,0,0,100,false,frame_002.00.png
100,UTG,Q2o,0,0,0,100,false,frame_002.00.png
100,UTG,J2o,0,0,0,100,false,frame_002.00.png
100,UTG,T2o,0,0,0,100,false,frame_002.00.png
100,UTG,92o,0,0,0,100,false,frame_002.00.png
100,UTG,82o,0,0,0,100,false,frame_002.00.png
100,UTG,72o,0,0,0,100,false,frame_002.00.png
100,UTG,62o,0,0,0,100,false,frame_002.00.png
100,UTG,52o,0,0,0,100,false,frame_002.00.png
100,UTG,42o,0,0,0,100,false,frame_002.00.png
100,UTG,32o,0,0,0,100,false,frame_002.00.png
100,UTG,22,0,0,0,100,false,frame_002.00.png
100,UTG1,AA,3,97,0,0,false,frame_006.00.png
100,UTG1,AKs,3,97,0,0,false,frame_006.00.png
100,UTG1,AQs,3,97,0,0,false,frame_006.00.png
100,UTG1,AJs,2,98,0,0,false,frame_006.00.png
100,UTG1,ATs,2,98,0,0,false,frame_006.00.png
100,UTG1,A9s,3,97,0,0,false,frame_006.00.png
100,UTG1,A8s,3,97,0,0,false,frame_006.00.png
100,UTG1,A7s,2,98,0,0,false,frame_006.00.png
100,UTG1,A6s,3,97,0,0,false,frame_006.00.png
100,UTG1,A5s,2,98,0,0,false,frame_006.00.png
100,UTG1,A4s,2,98,0,0,false,frame_006.00.png
100,UTG1,A3s,2,98,0,0,false,frame_006.00.png
100,UTG1,A2s,2,98,0,0,false,frame_006.00.png
100,UTG1,AKo,3,97,0,0,false,frame_006.00.png
100,UTG1,KK,0,100,0,0,false,frame_006.00.png
100,UTG1,KQs,3,97,0,0,false,frame_006.00.png
100,UTG1,KJs,2,98,0,0,false,frame_006.00.png
100,UTG1,KTs,2,98,0,0,false,frame_006.00.png
100,UTG1,K9s,3,97,0,0,false,frame_006.00.png
100,UTG1,K8s,3,97,0,0,false,frame_006.00.png
100,UTG1,K7s,2,98,0,0,false,frame_006.00.png
100,UTG1,K6s,3,28,0,69,true,frame_006.00.png
100,UTG1,K5s,2,57,0,41,true,frame_006.00.png
100,UTG1,K4s,0,0,0,100,false,frame_006.00.png
100,UTG1,K3s,0,0,0,100,false,frame_006.00.png
100,UTG1,K2s,0,0,0,100,false,frame_006.00.png
100,UTG1,AQo,4,96,0,0,false,frame_006.00.png
100,UTG1,KQo,3,97,0,0,false,frame_006.00.png
100,UTG1,QQ,3,97,0,0,false,frame_006.00.png
100,UTG1,QJs,2,98,0,0,false,frame_006.00.png
100,UTG1,QTs,2,98,0,0,false,frame_006.00.png
100,UTG1,Q9s,4,96,0,0,false,frame_006.00.png
100,UTG1,Q8s,0,0,0,100,false,frame_006.00.png
100,UTG1,Q7s,0,0,0,100,false,frame_006.00.png
100,UTG1,Q6s,0,0,0,100,false,frame_006.00.png
100,UTG1,Q5s,0,0,0,100,false,frame_006.00.png
100,UTG1,Q4s,0,0,0,100,false,frame_006.00.png
100,UTG1,Q3s,0,0,0,100,false,frame_006.00.png
100,UTG1,Q2s,0,0,0,100,false,frame_006.00.png
100,UTG1,AJo,3,97,0,0,false,frame_006.00.png
100,UTG1,KJo,2,66,0,32,true,frame_006.00.png
100,UTG1,QJo,3,23,0,74,false,frame_006.00.png
100,UTG1,JJ,0,100,0,0,false,frame_006.00.png
100,UTG1,JTs,0,100,0,0,false,frame_006.00.png
100,UTG1,J9s,2,98,0,0,false,frame_006.00.png
100,UTG1,J8s,0,0,0,100,false,frame_006.00.png
100,UTG1,J7s,0,0,0,100,false,frame_006.00.png
100,UTG1,J6s,0,0,0,100,false,frame_006.00.png
100,UTG1,J5s,0,0,0,100,false,frame_006.00.png
100,UTG1,J4s,0,0,0,100,false,frame_006.00.png
100,UTG1,J3s,0,0,0,100,false,frame_006.00.png
100,UTG1,J2s,0,0,0,100,false,frame_006.00.png
100,UTG1,ATo,3,97,0,0,false,frame_006.00.png
100,UTG1,KTo,0,0,0,100,false,frame_006.00.png
100,UTG1,QTo,0,0,0,100,false,frame_006.00.png
100,UTG1,JTo,0,18,0,82,false,frame_006.00.png
100,UTG1,TT,0,100,0,0,false,frame_006.00.png
100,UTG1,T9s,3,97,0,0,false,frame_006.00.png
100,UTG1,T8s,2,98,0,0,false,frame_006.00.png
100,UTG1,T7s,0,0,0,100,false,frame_006.00.png
100,UTG1,T6s,0,0,0,100,false,frame_006.00.png
100,UTG1,T5s,0,0,0,100,false,frame_006.00.png
100,UTG1,T4s,0,0,0,100,false,frame_006.00.png
100,UTG1,T3s,0,0,0,100,false,frame_006.00.png
100,UTG1,T2s,0,0,0,100,false,frame_006.00.png
100,UTG1,A9o,0,0,0,100,false,frame_006.00.png
100,UTG1,K9o,0,0,0,100,false,frame_006.00.png
100,UTG1,Q9o,0,0,0,100,false,frame_006.00.png
100,UTG1,J9o,0,0,0,100,false,frame_006.00.png
100,UTG1,T9o,0,0,0,100,false,frame_006.00.png
100,UTG1,99,2,98,0,0,false,frame_006.00.png
100,UTG1,98s,2,98,0,0,false,frame_006.00.png
100,UTG1,97s,0,0,0,100,false,frame_006.00.png
100,UTG1,96s,0,0,0,100,false,frame_006.00.png
100,UTG1,95s,0,0,0,100,false,frame_006.00.png
100,UTG1,94s,0,0,0,100,false,frame_006.00.png
100,UTG1,93s,0,0,0,100,false,frame_006.00.png
100,UTG1,92s,0,0,0,100,false,frame_006.00.png
100,UTG1,A8o,0,0,0,100,false,frame_006.00.png
100,UTG1,K8o,0,0,0,100,false,frame_006.00.png
100,UTG1,Q8o,0,0,0,100,false,frame_006.00.png
100,UTG1,J8o,0,0,0,100,false,frame_006.00.png
100,UTG1,T8o,0,0,0,100,false,frame_006.00.png
100,UTG1,98o,0,0,0,100,false,frame_006.00.png
100,UTG1,88,0,100,0,0,false,frame_006.00.png
100,UTG1,87s,0,18,0,82,false,frame_006.00.png
100,UTG1,86s,0,0,0,100,false,frame_006.00.png
100,UTG1,85s,0,0,0,100,false,frame_006.00.png
100,UTG1,84s,0,0,0,100,false,frame_006.00.png
100,UTG1,83s,0,0,0,100,false,frame_006.00.png
100,UTG1,82s,0,0,0,100,false,frame_006.00.png
100,UTG1,A7o,0,0,0,100,false,frame_006.00.png
100,UTG1,K7o,0,0,0,100,false,frame_006.00.png
100,UTG1,Q7o,0,0,0,100,false,frame_006.00.png
100,UTG1,J7o,0,0,0,100,false,frame_006.00.png
100,UTG1,T7o,0,0,0,100,false,frame_006.00.png
100,UTG1,97o,0,0,0,100,false,frame_006.00.png
100,UTG1,87o,0,0,0,100,false,frame_006.00.png
100,UTG1,77,0,100,0,0,false,frame_006.00.png
100,UTG1,76s,4,44,0,52,true,frame_006.00.png
100,UTG1,75s,0,0,0,100,false,frame_006.00.png
100,UTG1,74s,0,0,0,100,false,frame_006.00.png
100,UTG1,73s,0,0,0,100,false,frame_006.00.png
100,UTG1,72s,0,0,0,100,false,frame_006.00.png
100,UTG1,A6o,0,0,0,100,false,frame_006.00.png
100,UTG1,K6o,0,0,0,100,false,frame_006.00.png
100,UTG1,Q6o,0,0,0,100,false,frame_006.00.png
100,UTG1,J6o,0,0,0,100,false,frame_006.00.png
100,UTG1,T6o,0,0,0,100,false,frame_006.00.png
100,UTG1,96o,0,0,0,100,false,frame_006.00.png
100,UTG1,86o,0,0,0,100,false,frame_006.00.png
100,UTG1,76o,0,0,0,100,false,frame_006.00.png
100,UTG1,66,2,98,0,0,false,frame_006.00.png
100,UTG1,65s,2,79,0,19,false,frame_006.00.png
100,UTG1,64s,0,0,0,100,false,frame_006.00.png
100,UTG1,63s,0,0,0,100,false,frame_006.00.png
100,UTG1,62s,0,0,0,100,false,frame_006.00.png
100,UTG1,A5o,0,0,0,100,false,frame_006.00.png
100,UTG1,K5o,0,0,0,100,false,frame_006.00.png
100,UTG1,Q5o,0,0,0,100,false,frame_006.00.png
100,UTG1,J5o,0,0,0,100,false,frame_006.00.png
100,UTG1,T5o,0,0,0,100,false,frame_006.00.png
100,UTG1,95o,0,0,0,100,false,frame_006.00.png
100,UTG1,85o,0,0,0,100,false,frame_006.00.png
100,UTG1,75o,0,0,0,100,false,frame_006.00.png
100,UTG1,65o,0,0,0,100,false,frame_006.00.png
100,UTG1,55,0,100,0,0,false,frame_006.00.png
100,UTG1,54s,3,43,0,54,true,frame_006.00.png
100,UTG1,53s,0,0,0,100,false,frame_006.00.png
100,UTG1,52s,0,0,0,100,false,frame_006.00.png
100,UTG1,A4o,0,0,0,100,false,frame_006.00.png
100,UTG1,K4o,0,0,0,100,false,frame_006.00.png
100,UTG1,Q4o,0,0,0,100,false,frame_006.00.png
100,UTG1,J4o,0,0,0,100,false,frame_006.00.png
100,UTG1,T4o,0,0,0,100,false,frame_006.00.png
100,UTG1,94o,0,0,0,100,false,frame_006.00.png
100,UTG1,84o,0,0,0,100,false,frame_006.00.png
100,UTG1,74o,0,0,0,100,false,frame_006.00.png
100,UTG1,64o,0,0,0,100,false,frame_006.00.png
100,UTG1,54o,0,0,0,100,false,frame_006.00.png
100,UTG1,44,0,100,0,0,false,frame_006.00.png
100,UTG1,43s,0,0,0,100,false,frame_006.00.png
100,UTG1,42s,0,0,0,100,false,frame_006.00.png
100,UTG1,A3o,0,0,0,100,false,frame_006.00.png
100,UTG1,K3o,0,0,0,100,false,frame_006.00.png
100,UTG1,Q3o,0,0,0,100,false,frame_006.00.png
100,UTG1,J3o,0,0,0,100,false,frame_006.00.png
100,UTG1,T3o,0,0,0,100,false,frame_006.00.png
100,UTG1,93o,0,0,0,100,false,frame_006.00.png
100,UTG1,83o,0,0,0,100,false,frame_006.00.png
100,UTG1,73o,0,0,0,100,false,frame_006.00.png
100,UTG1,63o,0,0,0,100,false,frame_006.00.png
100,UTG1,53o,0,0,0,100,false,frame_006.00.png
100,UTG1,43o,0,0,0,100,false,frame_006.00.png
100,UTG1,33,3,90,0,7,false,frame_006.00.png
100,UTG1,32s,0,0,0,100,false,frame_006.00.png
100,UTG1,A2o,0,0,0,100,false,frame_006.00.png
100,UTG1,K2o,0,0,0,100,false,frame_006.00.png
100,UTG1,Q2o,0,0,0,100,false,frame_006.00.png
100,UTG1,J2o,0,0,0,100,false,frame_006.00.png
100,UTG1,T2o,0,0,0,100,false,frame_006.00.png
100,UTG1,92o,0,0,0,100,false,frame_006.00.png
100,UTG1,82o,0,0,0,100,false,frame_006.00.png
100,UTG1,72o,0,0,0,100,false,frame_006.00.png
100,UTG1,62o,0,0,0,100,false,frame_006.00.png
100,UTG1,52o,0,0,0,100,false,frame_006.00.png
100,UTG1,42o,0,0,0,100,false,frame_006.00.png
100,UTG1,32o,0,0,0,100,false,frame_006.00.png
100,UTG1,22,0,0,0,100,false,frame_006.00.png
100,LJ,AA,3,97,0,0,false,frame_008.00.png
100,LJ,AKs,3,97,0,0,false,frame_008.00.png
100,LJ,AQs,3,97,0,0,false,frame_008.00.png
100,LJ,AJs,2,98,0,0,false,frame_008.00.png
100,LJ,ATs,2,98,0,0,false,frame_008.00.png
100,LJ,A9s,3,97,0,0,false,frame_008.00.png
100,LJ,A8s,2,98,0,0,false,frame_008.00.png
100,LJ,A7s,2,98,0,0,false,frame_008.00.png
100,LJ,A6s,3,97,0,0,false,frame_008.00.png
100,LJ,A5s,2,98,0,0,false,frame_008.00.png
100,LJ,A4s,2,98,0,0,false,frame_008.00.png
100,LJ,A3s,2,98,0,0,false,frame_008.00.png
100,LJ,A2s,2,98,0,0,false,frame_008.00.png
100,LJ,AKo,3,97,0,0,false,frame_008.00.png
100,LJ,KK,0,100,0,0,false,frame_008.00.png
100,LJ,KQs,3,97,0,0,false,frame_008.00.png
100,LJ,KJs,2,98,0,0,false,frame_008.00.png
100,LJ,KTs,2,98,0,0,false,frame_008.00.png
100,LJ,K9s,3,97,0,0,false,frame_008.00.png
100,LJ,K8s,3,97,0,0,false,frame_008.00.png
100,LJ,K7s,2,98,0,0,false,frame_008.00.png
100,LJ,K6s,3,97,0,0,false,frame_008.00.png
100,LJ,K5s,2,98,0,0,false,frame_008.00.png
100,LJ,K4s,0,0,0,100,false,frame_008.00.png
100,LJ,K3s,0,0,0,100,false,frame_008.00.png
100,LJ,K2s,0,0,0,100,false,frame_008.00.png
100,LJ,AQo,4,96,0,0,false,frame_008.00.png
100,LJ,KQo,3,97,0,0,false,frame_008.00.png
100,LJ,QQ,3,97,0,0,false,frame_008.00.png
100,LJ,QJs,2,98,0,0,false,frame_008.00.png
100,LJ,QTs,2,98,0,0,false,frame_008.00.png
100,LJ,Q9s,4,96,0,0,false,frame_008.00.png
100,LJ,Q8s,3,97,0,0,false,frame_008.00.png
100,LJ,Q7s,0,0,0,100,false,frame_008.00.png
100,LJ,Q6s,0,0,0,100,false,frame_008.00.png
100,LJ,Q5s,0,0,0,100,false,frame_008.00.png
100,LJ,Q4s,0,0,0,100,false,frame_008.00.png
100,LJ,Q3s,0,0,0,100,false,frame_008.00.png
100,LJ,Q2s,0,0,0,100,false,frame_008.00.png
100,LJ,AJo,3,97,0,0,false,frame_008.00.png
100,LJ,KJo,2,98,0,0,false,frame_008.00.png
100,LJ,QJo,4,74,0,22,false,frame_008.00.png
100,LJ,JJ,0,100,0,0,false,frame_008.00.png
100,LJ,JTs,0,100,0,0,false,frame_008.00.png
100,LJ,J9s,2,98,0,0,false,frame_008.00.png
100,LJ,J8s,2,98,0,0,false,frame_008.00.png
100,LJ,J7s,0,0,0,100,false,frame_008.00.png
100,LJ,J6s,0,0,0,100,false,frame_008.00.png
100,LJ,J5s,0,0,0,100,false,frame_008.00.png
100,LJ,J4s,0,0,0,100,false,frame_008.00.png
100,LJ,J3s,0,0,0,100,false,frame_008.00.png
100,LJ,J2s,0,0,0,100,false,frame_008.00.png
100,LJ,ATo,3,97,0,0,false,frame_008.00.png
100,LJ,KTo,2,53,0,45,true,frame_008.00.png
100,LJ,QTo,0,18,0,82,false,frame_008.00.png
100,LJ,JTo,0,54,0,46,true,frame_008.00.png
100,LJ,TT,0,100,0,0,false,frame_008.00.png
100,LJ,T9s,3,97,0,0,false,frame_008.00.png
100,LJ,T8s,2,98,0,0,false,frame_008.00.png
100,LJ,T7s,0,0,0,100,false,frame_008.00.png
100,LJ,T6s,0,0,0,100,false,frame_008.00.png
100,LJ,T5s,0,0,0,100,false,frame_008.00.png
100,LJ,T4s,0,0,0,100,false,frame_008.00.png
100,LJ,T3s,0,0,0,100,false,frame_008.00.png
100,LJ,T2s,0,0,0,100,false,frame_008.00.png
100,LJ,A9o,0,0,0,100,false,frame_008.00.png
100,LJ,K9o,0,0,0,100,false,frame_008.00.png
100,LJ,Q9o,0,0,0,100,false,frame_008.00.png
100,LJ,J9o,0,0,0,100,false,frame_008.00.png
100,LJ,T9o,0,0,0,100,false,frame_008.00.png
100,LJ,99,2,98,0,0,false,frame_008.00.png
100,LJ,98s,2,98,0,0,false,frame_008.00.png
100,LJ,97s,0,72,0,28,false,frame_008.00.png
100,LJ,96s,0,0,0,100,false,frame_008.00.png
100,LJ,95s,0,0,0,100,false,frame_008.00.png
100,LJ,94s,0,0,0,100,false,frame_008.00.png
100,LJ,93s,0,0,0,100,false,frame_008.00.png
100,LJ,92s,0,0,0,100,false,frame_008.00.png
100,LJ,A8o,0,0,0,100,false,frame_008.00.png
100,LJ,K8o,0,0,0,100,false,frame_008.00.png
100,LJ,Q8o,0,0,0,100,false,frame_008.00.png
100,LJ,J8o,0,0,0,100,false,frame_008.00.png
100,LJ,T8o,0,0,0,100,false,frame_008.00.png
100,LJ,98o,0,0,0,100,false,frame_008.00.png
100,LJ,88,0,100,0,0,false,frame_008.00.png
100,LJ,87s,2,69,0,29,false,frame_008.00.png
100,LJ,86s,0,0,0,100,false,frame_008.00.png
100,LJ,85s,0,0,0,100,false,frame_008.00.png
100,LJ,84s,0,0,0,100,false,frame_008.00.png
100,LJ,83s,0,0,0,100,false,frame_008.00.png
100,LJ,82s,0,0,0,100,false,frame_008.00.png
100,LJ,A7o,0,0,0,100,false,frame_008.00.png
100,LJ,K7o,0,0,0,100,false,frame_008.00.png
100,LJ,Q7o,0,0,0,100,false,frame_008.00.png
100,LJ,J7o,0,0,0,100,false,frame_008.00.png
100,LJ,T7o,0,0,0,100,false,frame_008.00.png
100,LJ,97o,0,0,0,100,false,frame_008.00.png
100,LJ,87o,0,0,0,100,false,frame_008.00.png
100,LJ,77,0,100,0,0,false,frame_008.00.png
100,LJ,76s,4,79,0,17,false,frame_008.00.png
100,LJ,75s,0,0,0,100,false,frame_008.00.png
100,LJ,74s,0,0,0,100,false,frame_008.00.png
100,LJ,73s,0,0,0,100,false,frame_008.00.png
100,LJ,72s,0,0,0,100,false,frame_008.00.png
100,LJ,A6o,0,0,0,100,false,frame_008.00.png
100,LJ,K6o,0,0,0,100,false,frame_008.00.png
100,LJ,Q6o,0,0,0,100,false,frame_008.00.png
100,LJ,J6o,0,0,0,100,false,frame_008.00.png
100,LJ,T6o,0,0,0,100,false,frame_008.00.png
100,LJ,96o,0,0,0,100,false,frame_008.00.png
100,LJ,86o,0,0,0,100,false,frame_008.00.png
100,LJ,76o,0,0,0,100,false,frame_008.00.png
100,LJ,66,2,98,0,0,false,frame_008.00.png
100,LJ,65s,2,98,0,0,false,frame_008.00.png
100,LJ,64s,0,0,0,100,false,frame_008.00.png
100,LJ,63s,0,0,0,100,false,frame_008.00.png
100,LJ,62s,0,0,0,100,false,frame_008.00.png
100,LJ,A5o,0,0,0,100,false,frame_008.00.png
100,LJ,K5o,0,0,0,100,false,frame_008.00.png
100,LJ,Q5o,0,0,0,100,false,frame_008.00.png
100,LJ,J5o,0,0,0,100,false,frame_008.00.png
100,LJ,T5o,0,0,0,100,false,frame_008.00.png
100,LJ,95o,0,0,0,100,false,frame_008.00.png
100,LJ,85o,0,0,0,100,false,frame_008.00.png
100,LJ,75o,0,0,0,100,false,frame_008.00.png
100,LJ,65o,0,0,0,100,false,frame_008.00.png
100,LJ,55,0,100,0,0,false,frame_008.00.png
100,LJ,54s,2,76,0,22,false,frame_008.00.png
100,LJ,53s,0,0,0,100,false,frame_008.00.png
100,LJ,52s,0,0,0,100,false,frame_008.00.png
100,LJ,A4o,0,0,0,100,false,frame_008.00.png
100,LJ,K4o,0,0,0,100,false,frame_008.00.png
100,LJ,Q4o,0,0,0,100,false,frame_008.00.png
100,LJ,J4o,0,0,0,100,false,frame_008.00.png
100,LJ,T4o,0,0,0,100,false,frame_008.00.png
100,LJ,94o,0,0,0,100,false,frame_008.00.png
100,LJ,84o,0,0,0,100,false,frame_008.00.png
100,LJ,74o,0,0,0,100,false,frame_008.00.png
100,LJ,64o,0,0,0,100,false,frame_008.00.png
100,LJ,54o,0,0,0,100,false,frame_008.00.png
100,LJ,44,0,100,0,0,false,frame_008.00.png
100,LJ,43s,0,0,0,100,false,frame_008.00.png
100,LJ,42s,0,0,0,100,false,frame_008.00.png
100,LJ,A3o,0,0,0,100,false,frame_008.00.png
100,LJ,K3o,0,0,0,100,false,frame_008.00.png
100,LJ,Q3o,0,0,0,100,false,frame_008.00.png
100,LJ,J3o,0,0,0,100,false,frame_008.00.png
100,LJ,T3o,0,0,0,100,false,frame_008.00.png
100,LJ,93o,0,0,0,100,false,frame_008.00.png
100,LJ,83o,0,0,0,100,false,frame_008.00.png
100,LJ,73o,0,0,0,100,false,frame_008.00.png
100,LJ,63o,0,0,0,100,false,frame_008.00.png
100,LJ,53o,0,0,0,100,false,frame_008.00.png
100,LJ,43o,0,0,0,100,false,frame_008.00.png
100,LJ,33,0,100,0,0,false,frame_008.00.png
100,LJ,32s,0,0,0,100,false,frame_008.00.png
100,LJ,A2o,0,0,0,100,false,frame_008.00.png
100,LJ,K2o,0,0,0,100,false,frame_008.00.png
100,LJ,Q2o,0,0,0,100,false,frame_008.00.png
100,LJ,J2o,0,0,0,100,false,frame_008.00.png
100,LJ,T2o,0,0,0,100,false,frame_008.00.png
100,LJ,92o,0,0,0,100,false,frame_008.00.png
100,LJ,82o,0,0,0,100,false,frame_008.00.png
100,LJ,72o,0,0,0,100,false,frame_008.00.png
100,LJ,62o,0,0,0,100,false,frame_008.00.png
100,LJ,52o,0,0,0,100,false,frame_008.00.png
100,LJ,42o,0,0,0,100,false,frame_008.00.png
100,LJ,32o,0,0,0,100,false,frame_008.00.png
100,LJ,22,0,55,0,45,true,frame_008.00.png
100,HJ,AA,3,97,0,0,false,frame_011.00.png
100,HJ,AKs,3,97,0,0,false,frame_011.00.png
100,HJ,AQs,3,97,0,0,false,frame_011.00.png
100,HJ,AJs,2,98,0,0,false,frame_011.00.png
100,HJ,ATs,2,98,0,0,false,frame_011.00.png
100,HJ,A9s,3,97,0,0,false,frame_011.00.png
100,HJ,A8s,2,98,0,0,false,frame_011.00.png
100,HJ,A7s,2,98,0,0,false,frame_011.00.png
100,HJ,A6s,3,97,0,0,false,frame_011.00.png
100,HJ,A5s,2,98,0,0,false,frame_011.00.png
100,HJ,A4s,2,98,0,0,false,frame_011.00.png
100,HJ,A3s,2,98,0,0,false,frame_011.00.png
100,HJ,A2s,2,98,0,0,false,frame_011.00.png
100,HJ,AKo,3,97,0,0,false,frame_011.00.png
100,HJ,KK,0,100,0,0,false,frame_011.00.png
100,HJ,KQs,3,97,0,0,false,frame_011.00.png
100,HJ,KJs,2,98,0,0,false,frame_011.00.png
100,HJ,KTs,2,98,0,0,false,frame_011.00.png
100,HJ,K9s,3,97,0,0,false,frame_011.00.png
100,HJ,K8s,3,97,0,0,false,frame_011.00.png
100,HJ,K7s,2,98,0,0,false,frame_011.00.png
100,HJ,K6s,3,97,0,0,false,frame_011.00.png
100,HJ,K5s,2,98,0,0,false,frame_011.00.png
100,HJ,K4s,3,97,0,0,false,frame_011.00.png
100,HJ,K3s,4,83,0,13,false,frame_011.00.png
100,HJ,K2s,0,0,0,100,false,frame_011.00.png
100,HJ,AQo,4,96,0,0,false,frame_011.00.png
100,HJ,KQo,3,97,0,0,false,frame_011.00.png
100,HJ,QQ,3,97,0,0,false,frame_011.00.png
100,HJ,QJs,2,98,0,0,false,frame_011.00.png
100,HJ,QTs,2,98,0,0,false,frame_011.00.png
100,HJ,Q9s,4,96,0,0,false,frame_011.00.png
100,HJ,Q8s,3,97,0,0,false,frame_011.00.png
100,HJ,Q7s,2,98,0,0,false,frame_011.00.png
100,HJ,Q6s,3,62,0,35,true,frame_011.00.png
100,HJ,Q5s,2,42,0,56,true,frame_011.00.png
100,HJ,Q4s,0,0,0,100,false,frame_011.00.png
100,HJ,Q3s,0,0,0,100,false,frame_011.00.png
100,HJ,Q2s,0,0,0,100,false,frame_011.00.png
100,HJ,AJo,3,97,0,0,false,frame_011.00.png
100,HJ,KJo,2,98,0,0,false,frame_011.00.png
100,HJ,QJo,3,97,0,0,false,frame_011.00.png
100,HJ,JJ,0,100,0,0,false,frame_011.00.png
100,HJ,JTs,0,100,0,0,false,frame_011.00.png
100,HJ,J9s,2,98,0,0,false,frame_011.00.png
100,HJ,J8s,2,98,0,0,false,frame_011.00.png
100,HJ,J7s,0,0,0,100,false,frame_011.00.png
100,HJ,J6s,0,0,0,100,false,frame_011.00.png
100,HJ,J5s,0,0,0,100,false,frame_011.00.png
100,HJ,J4s,0,0,0,100,false,frame_011.00.png
100,HJ,J3s,0,0,0,100,false,frame_011.00.png
100,HJ,J2s,0,0,0,100,false,frame_011.00.png
100,HJ,ATo,3,97,0,0,false,frame_011.00.png
100,HJ,KTo,2,98,0,0,false,frame_011.00.png
100,HJ,QTo,3,97,0,0,false,frame_011.00.png
100,HJ,JTo,0,100,0,0,false,frame_011.00.png
100,HJ,TT,0,100,0,0,false,frame_011.00.png
100,HJ,T9s,3,97,0,0,false,frame_011.00.png
100,HJ,T8s,2,98,0,0,false,frame_011.00.png
100,HJ,T7s,2,98,0,0,false,frame_011.00.png
100,HJ,T6s,0,0,0,100,false,frame_011.00.png
100,HJ,T5s,0,0,0,100,false,frame_011.00.png
100,HJ,T4s,0,0,0,100,false,frame_011.00.png
100,HJ,T3s,0,0,0,100,false,frame_011.00.png
100,HJ,T2s,0,0,0,100,false,frame_011.00.png
100,HJ,A9o,3,97,0,0,false,frame_011.00.png
100,HJ,K9o,0,0,0,100,false,frame_011.00.png
100,HJ,Q9o,0,0,0,100,false,frame_011.00.png
100,HJ,J9o,0,0,0,100,false,frame_011.00.png
100,HJ,T9o,0,0,0,100,false,frame_011.00.png
100,HJ,99,2,98,0,0,false,frame_011.00.png
100,HJ,98s,3,97,0,0,false,frame_011.00.png
100,HJ,97s,0,100,0,0,false,frame_011.00.png
100,HJ,96s,0,0,0,100,false,frame_011.00.png
100,HJ,95s,0,0,0,100,false,frame_011.00.png
100,HJ,94s,0,0,0,100,false,frame_011.00.png
100,HJ,93s,0,0,0,100,false,frame_011.00.png
100,HJ,92s,0,0,0,100,false,frame_011.00.png
100,HJ,A8o,3,32,0,65,true,frame_011.00.png
100,HJ,K8o,0,0,0,100,false,frame_011.00.png
100,HJ,Q8o,0,0,0,100,false,frame_011.00.png
100,HJ,J8o,0,0,0,100,false,frame_011.00.png
100,HJ,T8o,0,0,0,100,false,frame_011.00.png
100,HJ,98o,0,0,0,100,false,frame_011.00.png
100,HJ,88,0,100,0,0,false,frame_011.00.png
100,HJ,87s,0,100,0,0,false,frame_011.00.png
100,HJ,86s,3,63,0,34,true,frame_011.00.png
100,HJ,85s,0,0,0,100,false,frame_011.00.png
100,HJ,84s,0,0,0,100,false,frame_011.00.png
100,HJ,83s,0,0,0,100,false,frame_011.00.png
100,HJ,82s,0,0,0,100,false,frame_011.00.png
100,HJ,A7o,0,0,0,100,false,frame_011.00.png
100,HJ,K7o,0,0,0,100,false,frame_011.00.png
100,HJ,Q7o,0,0,0,100,false,frame_011.00.png
100,HJ,J7o,0,0,0,100,false,frame_011.00.png
100,HJ,T7o,0,0,0,100,false,frame_011.00.png
100,HJ,97o,0,0,0,100,false,frame_011.00.png
100,HJ,87o,0,0,0,100,false,frame_011.00.png
100,HJ,77,0,100,0,0,false,frame_011.00.png
100,HJ,76s,2,98,0,0,false,frame_011.00.png
100,HJ,75s,0,38,0,62,true,frame_011.00.png
100,HJ,74s,0,0,0,100,false,frame_011.00.png
100,HJ,73s,0,0,0,100,false,frame_011.00.png
100,HJ,72s,0,0,0,100,false,frame_011.00.png
100,HJ,A6o,0,0,0,100,false,frame_011.00.png
100,HJ,K6o,0,0,0,100,false,frame_011.00.png
100,HJ,Q6o,0,0,0,100,false,frame_011.00.png
100,HJ,J6o,0,0,0,100,false,frame_011.00.png
100,HJ,T6o,0,0,0,100,false,frame_011.00.png
100,HJ,96o,0,0,0,100,false,frame_011.00.png
100,HJ,86o,0,0,0,100,false,frame_011.00.png
100,HJ,76o,0,0,0,100,false,frame_011.00.png
100,HJ,66,2,98,0,0,false,frame_011.00.png
100,HJ,65s,2,98,0,0,false,frame_011.00.png
100,HJ,64s,0,0,0,100,false,frame_011.00.png
100,HJ,63s,0,0,0,100,false,frame_011.00.png
100,HJ,62s,0,0,0,100,false,frame_011.00.png
100,HJ,A5o,0,0,0,100,false,frame_011.00.png
100,HJ,K5o,0,0,0,100,false,frame_011.00.png
100,HJ,Q5o,0,0,0,100,false,frame_011.00.png
100,HJ,J5o,0,0,0,100,false,frame_011.00.png
100,HJ,T5o,0,0,0,100,false,frame_011.00.png
100,HJ,95o,0,0,0,100,false,frame_011.00.png
100,HJ,85o,0,0,0,100,false,frame_011.00.png
100,HJ,75o,0,0,0,100,false,frame_011.00.png
100,HJ,65o,0,0,0,100,false,frame_011.00.png
100,HJ,55,0,100,0,0,false,frame_011.00.png
100,HJ,54s,2,98,0,0,false,frame_011.00.png
100,HJ,53s,0,0,0,100,false,frame_011.00.png
100,HJ,52s,0,0,0,100,false,frame_011.00.png
100,HJ,A4o,0,0,0,100,false,frame_011.00.png
100,HJ,K4o,0,0,0,100,false,frame_011.00.png
100,HJ,Q4o,0,0,0,100,false,frame_011.00.png
100,HJ,J4o,0,0,0,100,false,frame_011.00.png
100,HJ,T4o,0,0,0,100,false,frame_011.00.png
100,HJ,94o,0,0,0,100,false,frame_011.00.png
100,HJ,84o,0,0,0,100,false,frame_011.00.png
100,HJ,74o,0,0,0,100,false,frame_011.00.png
100,HJ,64o,0,0,0,100,false,frame_011.00.png
100,HJ,54o,0,0,0,100,false,frame_011.00.png
100,HJ,44,0,100,0,0,false,frame_011.00.png
100,HJ,43s,0,0,0,100,false,frame_011.00.png
100,HJ,42s,0,0,0,100,false,frame_011.00.png
100,HJ,A3o,0,0,0,100,false,frame_011.00.png
100,HJ,K3o,0,0,0,100,false,frame_011.00.png
100,HJ,Q3o,0,0,0,100,false,frame_011.00.png
100,HJ,J3o,0,0,0,100,false,frame_011.00.png
100,HJ,T3o,0,0,0,100,false,frame_011.00.png
100,HJ,93o,0,0,0,100,false,frame_011.00.png
100,HJ,83o,0,0,0,100,false,frame_011.00.png
100,HJ,73o,0,0,0,100,false,frame_011.00.png
100,HJ,63o,0,0,0,100,false,frame_011.00.png
100,HJ,53o,0,0,0,100,false,frame_011.00.png
100,HJ,43o,0,0,0,100,false,frame_011.00.png
100,HJ,33,0,100,0,0,false,frame_011.00.png
100,HJ,32s,0,0,0,100,false,frame_011.00.png
100,HJ,A2o,0,0,0,100,false,frame_011.00.png
100,HJ,K2o,0,0,0,100,false,frame_011.00.png
100,HJ,Q2o,0,0,0,100,false,frame_011.00.png
100,HJ,J2o,0,0,0,100,false,frame_011.00.png
100,HJ,T2o,0,0,0,100,false,frame_011.00.png
100,HJ,92o,0,0,0,100,false,frame_011.00.png
100,HJ,82o,0,0,0,100,false,frame_011.00.png
100,HJ,72o,0,0,0,100,false,frame_011.00.png
100,HJ,62o,0,0,0,100,false,frame_011.00.png
100,HJ,52o,0,0,0,100,false,frame_011.00.png
100,HJ,42o,0,0,0,100,false,frame_011.00.png
100,HJ,32o,0,0,0,100,false,frame_011.00.png
100,HJ,22,0,100,0,0,false,frame_011.00.png
100,CO,AA,3,97,0,0,false,frame_012.00.png
100,CO,AKs,3,97,0,0,false,frame_012.00.png
100,CO,AQs,3,97,0,0,false,frame_012.00.png
100,CO,AJs,2,98,0,0,false,frame_012.00.png
100,CO,ATs,2,98,0,0,false,frame_012.00.png
100,CO,A9s,3,97,0,0,false,frame_012.00.png
100,CO,A8s,2,98,0,0,false,frame_012.00.png
100,CO,A7s,2,98,0,0,false,frame_012.00.png
100,CO,A6s,3,97,0,0,false,frame_012.00.png
100,CO,A5s,2,98,0,0,false,frame_012.00.png
100,CO,A4s,2,98,0,0,false,frame_012.00.png
100,CO,A3s,2,98,0,0,false,frame_012.00.png
100,CO,A2s,2,98,0,0,false,frame_012.00.png
100,CO,AKo,3,97,0,0,false,frame_012.00.png
100,CO,KK,0,100,0,0,false,frame_012.00.png
100,CO,KQs,3,97,0,0,false,frame_012.00.png
100,CO,KJs,2,98,0,0,false,frame_012.00.png
100,CO,KTs,2,98,0,0,false,frame_012.00.png
100,CO,K9s,3,97,0,0,false,frame_012.00.png
100,CO,K8s,3,97,0,0,false,frame_012.00.png
100,CO,K7s,2,98,0,0,false,frame_012.00.png
100,CO,K6s,3,97,0,0,false,frame_012.00.png
100,CO,K5s,2,98,0,0,false,frame_012.00.png
100,CO,K4s,3,97,0,0,false,frame_012.00.png
100,CO,K3s,5,82,0,13,false,frame_012.00.png
100,CO,K2s,0,0,0,100,false,frame_012.00.png
100,CO,AQo,4,96,0,0,false,frame_012.00.png
100,CO,KQo,3,97,0,0,false,frame_012.00.png
100,CO,QQ,3,97,0,0,false,frame_012.00.png
100,CO,QJs,2,98,0,0,false,frame_012.00.png
100,CO,QTs,2,98,0,0,false,frame_012.00.png
100,CO,Q9s,4,96,0,0,false,frame_012.00.png
100,CO,Q8s,3,97,0,0,false,frame_012.00.png
100,CO,Q7s,2,98,0,0,false,frame_012.00.png
100,CO,Q6s,3,62,0,35,true,frame_012.00.png
100,CO,Q5s,2,42,0,56,true,frame_012.00.png
100,CO,Q4s,0,0,0,100,false,frame_012.00.png
100,CO,Q3s,0,0,0,100,false,frame_012.00.png
100,CO,Q2s,0,0,0,100,false,frame_012.00.png
100,CO,AJo,3,97,0,0,false,frame_012.00.png
100,CO,KJo,2,98,0,0,false,frame_012.00.png
100,CO,QJo,3,97,0,0,false,frame_012.00.png
100,CO,JJ,0,100,0,0,false,frame_012.00.png
100,CO,JTs,0,100,0,0,false,frame_012.00.png
100,CO,J9s,2,98,0,0,false,frame_012.00.png
100,CO,J8s,2,98,0,0,false,frame_012.00.png
100,CO,J7s,0,0,0,100,false,frame_012.00.png
100,CO,J6s,0,0,0,100,false,frame_012.00.png
100,CO,J5s,0,0,0,100,false,frame_012.00.png
100,CO,J4s,0,0,0,100,false,frame_012.00.png
100,CO,J3s,0,0,0,100,false,frame_012.00.png
100,CO,J2s,0,0,0,100,false,frame_012.00.png
100,CO,ATo,3,97,0,0,false,frame_012.00.png
100,CO,KTo,2,98,0,0,false,frame_012.00.png
100,CO,QTo,3,97,0,0,false,frame_012.00.png
100,CO,JTo,0,100,0,0,false,frame_012.00.png
100,CO,TT,0,100,0,0,false,frame_012.00.png
100,CO,T9s,3,97,0,0,false,frame_012.00.png
100,CO,T8s,2,98,0,0,false,frame_012.00.png
100,CO,T7s,0,100,0,0,false,frame_012.00.png
100,CO,T6s,0,0,0,100,false,frame_012.00.png
100,CO,T5s,0,0,0,100,false,frame_012.00.png
100,CO,T4s,0,0,0,100,false,frame_012.00.png
100,CO,T3s,0,0,0,100,false,frame_012.00.png
100,CO,T2s,0,0,0,100,false,frame_012.00.png
100,CO,A9o,3,97,0,0,false,frame_012.00.png
100,CO,K9o,0,0,0,100,false,frame_012.00.png
100,CO,Q9o,0,0,0,100,false,frame_012.00.png
100,CO,J9o,0,0,0,100,false,frame_012.00.png
100,CO,T9o,0,0,0,100,false,frame_012.00.png
100,CO,99,2,98,0,0,false,frame_012.00.png
100,CO,98s,3,97,0,0,false,frame_012.00.png
100,CO,97s,0,100,0,0,false,frame_012.00.png
100,CO,96s,0,0,0,100,false,frame_012.00.png
100,CO,95s,0,0,0,100,false,frame_012.00.png
100,CO,94s,0,0,0,100,false,frame_012.00.png
100,CO,93s,0,0,0,100,false,frame_012.00.png
100,CO,92s,0,0,0,100,false,frame_012.00.png
100,CO,A8o,3,32,0,65,true,frame_012.00.png
100,CO,K8o,0,0,0,100,false,frame_012.00.png
100,CO,Q8o,0,0,0,100,false,frame_012.00.png
100,CO,J8o,0,0,0,100,false,frame_012.00.png
100,CO,T8o,0,0,0,100,false,frame_012.00.png
100,CO,98o,0,0,0,100,false,frame_012.00.png
100,CO,88,0,100,0,0,false,frame_012.00.png
100,CO,87s,0,100,0,0,false,frame_012.00.png
100,CO,86s,3,63,0,34,true,frame_012.00.png
100,CO,85s,0,0,0,100,false,frame_012.00.png
100,CO,84s,0,0,0,100,false,frame_012.00.png
100,CO,83s,0,0,0,100,false,frame_012.00.png
100,CO,82s,0,0,0,100,false,frame_012.00.png
100,CO,A7o,0,0,0,100,false,frame_012.00.png
100,CO,K7o,0,0,0,100,false,frame_012.00.png
100,CO,Q7o,0,0,0,100,false,frame_012.00.png
100,CO,J7o,0,0,0,100,false,frame_012.00.png
100,CO,T7o,0,0,0,100,false,frame_012.00.png
100,CO,97o,0,0,0,100,false,frame_012.00.png
100,CO,87o,0,0,0,100,false,frame_012.00.png
100,CO,77,0,100,0,0,false,frame_012.00.png
100,CO,76s,2,98,0,0,false,frame_012.00.png
100,CO,75s,0,38,0,62,true,frame_012.00.png
100,CO,74s,0,0,0,100,false,frame_012.00.png
100,CO,73s,0,0,0,100,false,frame_012.00.png
100,CO,72s,0,0,0,100,false,frame_012.00.png
100,CO,A6o,0,0,0,100,false,frame_012.00.png
100,CO,K6o,0,0,0,100,false,frame_012.00.png
100,CO,Q6o,0,0,0,100,false,frame_012.00.png
100,CO,J6o,0,0,0,100,false,frame_012.00.png
100,CO,T6o,0,0,0,100,false,frame_012.00.png
100,CO,96o,0,0,0,100,false,frame_012.00.png
100,CO,86o,0,0,0,100,false,frame_012.00.png
100,CO,76o,0,0,0,100,false,frame_012.00.png
100,CO,66,2,98,0,0,false,frame_012.00.png
100,CO,65s,2,98,0,0,false,frame_012.00.png
100,CO,64s,0,0,0,100,false,frame_012.00.png
100,CO,63s,0,0,0,100,false,frame_012.00.png
100,CO,62s,0,0,0,100,false,frame_012.00.png
100,CO,A5o,0,0,0,100,false,frame_012.00.png
100,CO,K5o,0,0,0,100,false,frame_012.00.png
100,CO,Q5o,0,0,0,100,false,frame_012.00.png
100,CO,J5o,0,0,0,100,false,frame_012.00.png
100,CO,T5o,0,0,0,100,false,frame_012.00.png
100,CO,95o,0,0,0,100,false,frame_012.00.png
100,CO,85o,0,0,0,100,false,frame_012.00.png
100,CO,75o,0,0,0,100,false,frame_012.00.png
100,CO,65o,0,0,0,100,false,frame_012.00.png
100,CO,55,0,100,0,0,false,frame_012.00.png
100,CO,54s,2,98,0,0,false,frame_012.00.png
100,CO,53s,0,0,0,100,false,frame_012.00.png
100,CO,52s,0,0,0,100,false,frame_012.00.png
100,CO,A4o,0,0,0,100,false,frame_012.00.png
100,CO,K4o,0,0,0,100,false,frame_012.00.png
100,CO,Q4o,0,0,0,100,false,frame_012.00.png
100,CO,J4o,0,0,0,100,false,frame_012.00.png
100,CO,T4o,0,0,0,100,false,frame_012.00.png
100,CO,94o,0,0,0,100,false,frame_012.00.png
100,CO,84o,0,0,0,100,false,frame_012.00.png
100,CO,74o,0,0,0,100,false,frame_012.00.png
100,CO,64o,0,0,0,100,false,frame_012.00.png
100,CO,54o,0,0,0,100,false,frame_012.00.png
100,CO,44,0,100,0,0,false,frame_012.00.png
100,CO,43s,0,0,0,100,false,frame_012.00.png
100,CO,42s,0,0,0,100,false,frame_012.00.png
100,CO,A3o,0,0,0,100,false,frame_012.00.png
100,CO,K3o,0,0,0,100,false,frame_012.00.png
100,CO,Q3o,0,0,0,100,false,frame_012.00.png
100,CO,J3o,0,0,0,100,false,frame_012.00.png
100,CO,T3o,0,0,0,100,false,frame_012.00.png
100,CO,93o,0,0,0,100,false,frame_012.00.png
100,CO,83o,0,0,0,100,false,frame_012.00.png
100,CO,73o,0,0,0,100,false,frame_012.00.png
100,CO,63o,0,0,0,100,false,frame_012.00.png
100,CO,53o,0,0,0,100,false,frame_012.00.png
100,CO,43o,0,0,0,100,false,frame_012.00.png
100,CO,33,0,100,0,0,false,frame_012.00.png
100,CO,32s,0,0,0,100,false,frame_012.00.png
100,CO,A2o,0,0,0,100,false,frame_012.00.png
100,CO,K2o,0,0,0,100,false,frame_012.00.png
100,CO,Q2o,0,0,0,100,false,frame_012.00.png
100,CO,J2o,0,0,0,100,false,frame_012.00.png
100,CO,T2o,0,0,0,100,false,frame_012.00.png
100,CO,92o,0,0,0,100,false,frame_012.00.png
100,CO,82o,0,0,0,100,false,frame_012.00.png
100,CO,72o,0,0,0,100,false,frame_012.00.png
100,CO,62o,0,0,0,100,false,frame_012.00.png
100,CO,52o,0,0,0,100,false,frame_012.00.png
100,CO,42o,0,0,0,100,false,frame_012.00.png
100,CO,32o,0,0,0,100,false,frame_012.00.png
100,CO,22,0,100,0,0,false,frame_012.00.png
100,BTN,AA,3,97,0,0,false,frame_014.00.png
100,BTN,AKs,3,97,0,0,false,frame_014.00.png
100,BTN,AQs,3,97,0,0,false,frame_014.00.png
100,BTN,AJs,2,98,0,0,false,frame_014.00.png
100,BTN,ATs,2,98,0,0,false,frame_014.00.png
100,BTN,A9s,3,97,0,0,false,frame_014.00.png
100,BTN,A8s,2,98,0,0,false,frame_014.00.png
100,BTN,A7s,2,98,0,0,false,frame_014.00.png
100,BTN,A6s,3,97,0,0,false,frame_014.00.png
100,BTN,A5s,2,98,0,0,false,frame_014.00.png
100,BTN,A4s,2,98,0,0,false,frame_014.00.png
100,BTN,A3s,2,98,0,0,false,frame_014.00.png
100,BTN,A2s,2,98,0,0,false,frame_014.00.png
100,BTN,AKo,3,97,0,0,false,frame_014.00.png
100,BTN,KK,0,100,0,0,false,frame_014.00.png
100,BTN,KQs,3,97,0,0,false,frame_014.00.png
100,BTN,KJs,2,98,0,0,false,frame_014.00.png
100,BTN,KTs,2,98,0,0,false,frame_014.00.png
100,BTN,K9s,3,97,0,0,false,frame_014.00.png
100,BTN,K8s,3,97,0,0,false,frame_014.00.png
100,BTN,K7s,2,98,0,0,false,frame_014.00.png
100,BTN,K6s,3,97,0,0,false,frame_014.00.png
100,BTN,K5s,2,98,0,0,false,frame_014.00.png
100,BTN,K4s,3,97,0,0,false,frame_014.00.png
100,BTN,K3s,3,97,0,0,false,frame_014.00.png
100,BTN,K2s,2,98,0,0,false,frame_014.00.png
100,BTN,AQo,4,96,0,0,false,frame_014.00.png
100,BTN,KQo,3,97,0,0,false,frame_014.00.png
100,BTN,QQ,3,97,0,0,false,frame_014.00.png
100,BTN,QJs,2,98,0,0,false,frame_014.00.png
100,BTN,QTs,2,98,0,0,false,frame_014.00.png
100,BTN,Q9s,4,96,0,0,false,frame_014.00.png
100,BTN,Q8s,3,97,0,0,false,frame_014.00.png
100,BTN,Q7s,2,98,0,0,false,frame_014.00.png
100,BTN,Q6s,3,97,0,0,false,frame_014.00.png
100,BTN,Q5s,3,97,0,0,false,frame_014.00.png
100,BTN,Q4s,2,98,0,0,false,frame_014.00.png
100,BTN,Q3s,3,97,0,0,false,frame_014.00.png
100,BTN,Q2s,0,0,0,100,false,frame_014.00.png
100,BTN,AJo,3,97,0,0,false,frame_014.00.png
100,BTN,KJo,2,98,0,0,false,frame_014.00.png
100,BTN,QJo,3,97,0,0,false,frame_014.00.png
100,BTN,JJ,0,100,0,0,false,frame_014.00.png
100,BTN,JTs,0,100,0,0,false,frame_014.00.png
100,BTN,J9s,2,98,0,0,false,frame_014.00.png
100,BTN,J8s,2,98,0,0,false,frame_014.00.png
100,BTN,J7s,0,100,0,0,false,frame_014.00.png
100,BTN,J6s,3,97,0,0,false,frame_014.00.png
100,BTN,J5s,2,98,0,0,false,frame_014.00.png
100,BTN,J4s,0,0,0,100,false,frame_014.00.png
100,BTN,J3s,0,0,0,100,false,frame_014.00.png
100,BTN,J2s,0,0,0,100,false,frame_014.00.png
100,BTN,ATo,3,97,0,0,false,frame_014.00.png
100,BTN,KTo,2,98,0,0,false,frame_014.00.png
100,BTN,QTo,3,97,0,0,false,frame_014.00.png
100,BTN,JTo,2,98,0,0,false,frame_014.00.png
100,BTN,TT,0,100,0,0,false,frame_014.00.png
100,BTN,T9s,3,97,0,0,false,frame_014.00.png
100,BTN,T8s,2,98,0,0,false,frame_014.00.png
100,BTN,T7s,0,100,0,0,false,frame_014.00.png
100,BTN,T6s,4,96,0,0,false,frame_014.00.png
100,BTN,T5s,0,0,0,100,false,frame_014.00.png
100,BTN,T4s,0,0,0,100,false,frame_014.00.png
100,BTN,T3s,0,0,0,100,false,frame_014.00.png
100,BTN,T2s,0,0,0,100,false,frame_014.00.png
100,BTN,A9o,3,97,0,0,false,frame_014.00.png
100,BTN,K9o,3,97,0,0,false,frame_014.00.png
100,BTN,Q9o,5,47,0,48,true,frame_014.00.png
100,BTN,J9o,0,34,0,66,true,frame_014.00.png
100,BTN,T9o,0,100,0,0,false,frame_014.00.png
100,BTN,99,2,98,0,0,false,frame_014.00.png
100,BTN,98s,3,97,0,0,false,frame_014.00.png
100,BTN,97s,0,100,0,0,false,frame_014.00.png
100,BTN,96s,3,97,0,0,false,frame_014.00.png
100,BTN,95s,0,0,0,100,false,frame_014.00.png
100,BTN,94s,0,0,0,100,false,frame_014.00.png
100,BTN,93s,0,0,0,100,false,frame_014.00.png
100,BTN,92s,0,0,0,100,false,frame_014.00.png
100,BTN,A8o,4,96,0,0,false,frame_014.00.png
100,BTN,K8o,0,0,0,100,false,frame_014.00.png
100,BTN,Q8o,0,0,0,100,false,frame_014.00.png
100,BTN,J8o,0,0,0,100,false,frame_014.00.png
100,BTN,T8o,0,0,0,100,false,frame_014.00.png
100,BTN,98o,0,0,0,100,false,frame_014.00.png
100,BTN,88,0,100,0,0,false,frame_014.00.png
100,BTN,87s,0,100,0,0,false,frame_014.00.png
100,BTN,86s,3,97,0,0,false,frame_014.00.png
100,BTN,85s,2,94,0,4,false,frame_014.00.png
100,BTN,84s,0,0,0,100,false,frame_014.00.png
100,BTN,83s,0,0,0,100,false,frame_014.00.png
100,BTN,82s,0,0,0,100,false,frame_014.00.png
100,BTN,A7o,3,97,0,0,false,frame_014.00.png
100,BTN,K7o,0,0,0,100,false,frame_014.00.png
100,BTN,Q7o,0,0,0,100,false,frame_014.00.png
100,BTN,J7o,0,0,0,100,false,frame_014.00.png
100,BTN,T7o,0,0,0,100,false,frame_014.00.png
100,BTN,97o,0,0,0,100,false,frame_014.00.png
100,BTN,87o,0,0,0,100,false,frame_014.00.png
100,BTN,77,0,100,0,0,false,frame_014.00.png
100,BTN,76s,2,98,0,0,false,frame_014.00.png
100,BTN,75s,0,100,0,0,false,frame_014.00.png
100,BTN,74s,0,0,0,100,false,frame_014.00.png
100,BTN,73s,0,0,0,100,false,frame_014.00.png
100,BTN,72s,0,0,0,100,false,frame_014.00.png
100,BTN,A6o,0,9,0,91,false,frame_014.00.png
100,BTN,K6o,0,0,0,100,false,frame_014.00.png
100,BTN,Q6o,0,0,0,100,false,frame_014.00.png
100,BTN,J6o,0,0,0,100,false,frame_014.00.png
100,BTN,T6o,0,0,0,100,false,frame_014.00.png
100,BTN,96o,0,0,0,100,false,frame_014.00.png
100,BTN,86o,0,0,0,100,false,frame_014.00.png
100,BTN,76o,0,0,0,100,false,frame_014.00.png
100,BTN,66,2,98,0,0,false,frame_014.00.png
100,BTN,65s,2,98,0,0,false,frame_014.00.png
100,BTN,64s,2,73,0,25,false,frame_014.00.png
100,BTN,63s,0,0,0,100,false,frame_014.00.png
100,BTN,62s,0,0,0,100,false,frame_014.00.png
100,BTN,A5o,3,97,0,0,false,frame_014.00.png
100,BTN,K5o,0,0,0,100,false,frame_014.00.png
100,BTN,Q5o,0,0,0,100,false,frame_014.00.png
100,BTN,J5o,0,0,0,100,false,frame_014.00.png
100,BTN,T5o,0,0,0,100,false,frame_014.00.png
100,BTN,95o,0,0,0,100,false,frame_014.00.png
100,BTN,85o,0,0,0,100,false,frame_014.00.png
100,BTN,75o,0,0,0,100,false,frame_014.00.png
100,BTN,65o,0,0,0,100,false,frame_014.00.png
100,BTN,55,0,100,0,0,false,frame_014.00.png
100,BTN,54s,2,98,0,0,false,frame_014.00.png
100,BTN,53s,0,0,0,100,false,frame_014.00.png
100,BTN,52s,0,0,0,100,false,frame_014.00.png
100,BTN,A4o,0,0,0,100,false,frame_014.00.png
100,BTN,K4o,0,0,0,100,false,frame_014.00.png
100,BTN,Q4o,0,0,0,100,false,frame_014.00.png
100,BTN,J4o,0,0,0,100,false,frame_014.00.png
100,BTN,T4o,0,0,0,100,false,frame_014.00.png
100,BTN,94o,0,0,0,100,false,frame_014.00.png
100,BTN,84o,0,0,0,100,false,frame_014.00.png
100,BTN,74o,0,0,0,100,false,frame_014.00.png
100,BTN,64o,0,0,0,100,false,frame_014.00.png
100,BTN,54o,0,0,0,100,false,frame_014.00.png
100,BTN,44,0,100,0,0,false,frame_014.00.png
100,BTN,43s,0,0,0,100,false,frame_014.00.png
100,BTN,42s,0,0,0,100,false,frame_014.00.png
100,BTN,A3o,0,0,0,100,false,frame_014.00.png
100,BTN,K3o,0,0,0,100,false,frame_014.00.png
100,BTN,Q3o,0,0,0,100,false,frame_014.00.png
100,BTN,J3o,0,0,0,100,false,frame_014.00.png
100,BTN,T3o,0,0,0,100,false,frame_014.00.png
100,BTN,93o,0,0,0,100,false,frame_014.00.png
100,BTN,83o,0,0,0,100,false,frame_014.00.png
100,BTN,73o,0,0,0,100,false,frame_014.00.png
100,BTN,63o,0,0,0,100,false,frame_014.00.png
100,BTN,53o,0,0,0,100,false,frame_014.00.png
100,BTN,43o,0,0,0,100,false,frame_014.00.png
100,BTN,33,0,100,0,0,false,frame_014.00.png
100,BTN,32s,0,0,0,100,false,frame_014.00.png
100,BTN,A2o,0,0,0,100,false,frame_014.00.png
100,BTN,K2o,0,0,0,100,false,frame_014.00.png
100,BTN,Q2o,0,0,0,100,false,frame_014.00.png
100,BTN,J2o,0,0,0,100,false,frame_014.00.png
100,BTN,T2o,0,0,0,100,false,frame_014.00.png
100,BTN,92o,0,0,0,100,false,frame_014.00.png
100,BTN,82o,0,0,0,100,false,frame_014.00.png
100,BTN,72o,0,0,0,100,false,frame_014.00.png
100,BTN,62o,0,0,0,100,false,frame_014.00.png
100,BTN,52o,0,0,0,100,false,frame_014.00.png
100,BTN,42o,0,0,0,100,false,frame_014.00.png
100,BTN,32o,0,0,0,100,false,frame_014.00.png
100,BTN,22,0,100,0,0,false,frame_014.00.png
100,SB,AA,0,18,82,0,false,frame_020.00.png
100,SB,AKs,2,66,32,0,false,frame_020.00.png
100,SB,AQs,2,33,65,0,false,frame_020.00.png
100,SB,AJs,2,81,17,0,false,frame_020.00.png
100,SB,ATs,2,65,33,0,false,frame_020.00.png
100,SB,A9s,4,39,57,0,false,frame_020.00.png
100,SB,A8s,2,50,48,0,false,frame_020.00.png
100,SB,A7s,0,25,75,0,false,frame_020.00.png
100,SB,A6s,0,0,100,0,false,frame_020.00.png
100,SB,A5s,2,51,47,0,false,frame_020.00.png
100,SB,A4s,0,0,100,0,false,frame_020.00.png
100,SB,A3s,0,0,100,0,false,frame_020.00.png
100,SB,A2s,0,0,100,0,false,frame_020.00.png
100,SB,AKo,0,7,93,0,false,frame_020.00.png
100,SB,KK,0,16,84,0,false,frame_020.00.png
100,SB,KQs,3,97,0,0,false,frame_020.00.png
100,SB,KJs,2,49,49,0,false,frame_020.00.png
100,SB,KTs,2,50,48,0,false,frame_020.00.png
100,SB,K9s,2,8,90,0,false,frame_020.00.png
100,SB,K8s,0,15,85,0,false,frame_020.00.png
100,SB,K7s,0,0,100,0,false,frame_020.00.png
100,SB,K6s,0,0,100,0,false,frame_020.00.png
100,SB,K5s,0,3,97,0,false,frame_020.00.png
100,SB,K4s,0,0,100,0,false,frame_020.00.png
100,SB,K3s,0,0,100,0,false,frame_020.00.png
100,SB,K2s,0,0,100,0,false,frame_020.00.png
100,SB,AQo,0,10,90,0,false,frame_020.00.png
100,SB,KQo,0,3,97,0,false,frame_020.00.png
100,SB,QQ,0,15,85,0,false,frame_020.00.png
100,SB,QJs,2,64,34,0,false,frame_020.00.png
100,SB,QTs,2,41,57,0,false,frame_020.00.png
100,SB,Q9s,0,0,100,0,false,frame_020.00.png
100,SB,Q8s,0,0,100,0,false,frame_020.00.png
100,SB,Q7s,0,0,100,0,false,frame_020.00.png
100,SB,Q6s,0,0,100,0,false,frame_020.00.png
100,SB,Q5s,0,0,100,0,false,frame_020.00.png
100,SB,Q4s,0,0,100,0,false,frame_020.00.png
100,SB,Q3s,0,0,100,0,false,frame_020.00.png
100,SB,Q2s,0,0,100,0,false,frame_020.00.png
100,SB,AJo,0,4,96,0,false,frame_020.00.png
100,SB,KJo,0,4,96,0,false,frame_020.00.png
100,SB,QJo,0,0,100,0,false,frame_020.00.png
100,SB,JJ,0,19,81,0,false,frame_020.00.png
100,SB,JTs,0,57,43,0,false,frame_020.00.png
100,SB,J9s,2,35,63,0,false,frame_020.00.png
100,SB,J8s,0,0,100,0,false,frame_020.00.png
100,SB,J7s,0,0,100,0,false,frame_020.00.png
100,SB,J6s,0,6,94,0,false,frame_020.00.png
100,SB,J5s,0,8,92,0,false,frame_020.00.png
100,SB,J4s,0,4,96,0,false,frame_020.00.png
100,SB,J3s,0,13,87,0,false,frame_020.00.png
100,SB,J2s,0,28,72,0,false,frame_020.00.png
100,SB,ATo,0,7,93,0,false,frame_020.00.png
100,SB,KTo,0,0,100,0,false,frame_020.00.png
100,SB,QTo,0,0,100,0,false,frame_020.00.png
100,SB,JTo,0,0,100,0,false,frame_020.00.png
100,SB,TT,0,25,75,0,false,frame_020.00.png
100,SB,T9s,4,38,58,0,false,frame_020.00.png
100,SB,T8s,0,16,84,0,false,frame_020.00.png
100,SB,T7s,0,0,100,0,false,frame_020.00.png
100,SB,T6s,0,0,100,0,false,frame_020.00.png
100,SB,T5s,0,3,97,0,false,frame_020.00.png
100,SB,T4s,0,48,52,0,false,frame_020.00.png
100,SB,T3s,0,14,86,0,false,frame_020.00.png
100,SB,T2s,0,33,67,0,false,frame_020.00.png
100,SB,A9o,0,7,93,0,false,frame_020.00.png
100,SB,K9o,0,12,88,0,false,frame_020.00.png
100,SB,Q9o,3,27,70,0,false,frame_020.00.png
100,SB,J9o,0,0,100,0,false,frame_020.00.png
100,SB,T9o,0,0,100,0,false,frame_020.00.png
100,SB,99,0,22,78,0,false,frame_020.00.png
100,SB,98s,0,9,91,0,false,frame_020.00.png
100,SB,97s,0,0,100,0,false,frame_020.00.png
100,SB,96s,0,0,100,0,false,frame_020.00.png
100,SB,95s,2,39,59,0,false,frame_020.00.png
100,SB,94s,0,6,94,0,false,frame_020.00.png
100,SB,93s,0,0,100,0,false,frame_020.00.png
100,SB,92s,0,0,100,0,false,frame_020.00.png
100,SB,A8o,0,4,96,0,false,frame_020.00.png
100,SB,K8o,0,15,85,0,false,frame_020.00.png
100,SB,Q8o,0,25,75,0,false,frame_020.00.png
100,SB,J8o,0,23,77,0,false,frame_020.00.png
100,SB,T8o,0,10,90,0,false,frame_020.00.png
100,SB,98o,0,18,82,0,false,frame_020.00.png
100,SB,88,0,22,78,0,false,frame_020.00.png
100,SB,87s,0,6,94,0,false,frame_020.00.png
100,SB,86s,0,12,88,0,false,frame_020.00.png
100,SB,85s,0,0,100,0,false,frame_020.00.png
100,SB,84s,0,19,81,0,false,frame_020.00.png
100,SB,83s,0,0,100,0,false,frame_020.00.png
100,SB,82s,0,0,100,0,false,frame_020.00.png
100,SB,A7o,0,16,84,0,false,frame_020.00.png
100,SB,K7o,0,25,75,0,false,frame_020.00.png
100,SB,Q7o,0,7,93,0,false,frame_020.00.png
100,SB,J7o,0,0,100,0,false,frame_020.00.png
100,SB,T7o,0,13,87,0,false,frame_020.00.png
100,SB,97o,0,11,89,0,false,frame_020.00.png
100,SB,87o,0,9,91,0,false,frame_020.00.png
100,SB,77,0,13,87,0,false,frame_020.00.png
100,SB,76s,0,0,100,0,false,frame_020.00.png
100,SB,75s,0,12,88,0,false,frame_020.00.png
100,SB,74s,0,9,91,0,false,frame_020.00.png
100,SB,73s,0,0,100,0,false,frame_020.00.png
100,SB,72s,0,0,100,0,false,frame_020.00.png
100,SB,A6o,0,21,79,0,false,frame_020.00.png
100,SB,K6o,0,9,91,0,false,frame_020.00.png
100,SB,Q6o,0,0,100,0,false,frame_020.00.png
100,SB,J6o,0,0,100,0,false,frame_020.00.png
100,SB,T6o,0,0,100,0,false,frame_020.00.png
100,SB,96o,0,0,100,0,false,frame_020.00.png
100,SB,86o,0,0,100,0,false,frame_020.00.png
100,SB,76o,0,13,87,0,false,frame_020.00.png
100,SB,66,0,13,87,0,false,frame_020.00.png
100,SB,65s,0,19,81,0,false,frame_020.00.png
100,SB,64s,0,0,100,0,false,frame_020.00.png
100,SB,63s,0,35,65,0,false,frame_020.00.png
100,SB,62s,0,0,100,0,false,frame_020.00.png
100,SB,A5o,0,4,96,0,false,frame_020.00.png
100,SB,K5o,0,11,89,0,false,frame_020.00.png
100,SB,Q5o,0,0,100,0,false,frame_020.00.png
100,SB,J5o,0,0,100,0,false,frame_020.00.png
100,SB,T5o,0,0,100,0,false,frame_020.00.png
100,SB,95o,0,0,100,0,false,frame_020.00.png
100,SB,85o,0,0,100,0,false,frame_020.00.png
100,SB,75o,0,0,100,0,false,frame_020.00.png
100,SB,65o,0,8,92,0,false,frame_020.00.png
100,SB,55,0,10,90,0,false,frame_020.00.png
100,SB,54s,2,50,48,0,false,frame_020.00.png
100,SB,53s,0,0,100,0,false,frame_020.00.png
100,SB,52s,0,33,67,0,false,frame_020.00.png
100,SB,A4o,0,12,88,0,false,frame_020.00.png
100,SB,K4o,0,0,100,0,false,frame_020.00.png
100,SB,Q4o,0,0,100,0,false,frame_020.00.png
100,SB,J4o,0,0,100,0,false,frame_020.00.png
100,SB,T4o,0,0,100,0,false,frame_020.00.png
100,SB,94o,0,0,100,0,false,frame_020.00.png
100,SB,84o,0,0,100,0,false,frame_020.00.png
100,SB,74o,0,0,100,0,false,frame_020.00.png
100,SB,64o,0,0,100,0,false,frame_020.00.png
100,SB,54o,0,0,100,0,false,frame_020.00.png
100,SB,44,0,0,100,0,false,frame_020.00.png
100,SB,43s,0,3,97,0,false,frame_020.00.png
100,SB,42s,0,0,100,0,false,frame_020.00.png
100,SB,A3o,0,17,83,0,false,frame_020.00.png
100,SB,K3o,0,0,100,0,false,frame_020.00.png
100,SB,Q3o,0,0,100,0,false,frame_020.00.png
100,SB,J3o,0,0,100,0,false,frame_020.00.png
100,SB,T3o,0,0,100,0,false,frame_020.00.png
100,SB,93o,0,0,39,61,false,frame_020.00.png
100,SB,83o,0,0,0,100,false,frame_020.00.png
100,SB,73o,0,0,0,100,false,frame_020.00.png
100,SB,63o,0,0,7,93,false,frame_020.00.png
100,SB,53o,0,0,100,0,false,frame_020.00.png
100,SB,43o,0,0,91,9,false,frame_020.00.png
100,SB,33,0,0,100,0,false,frame_020.00.png
100,SB,32s,0,0,100,0,false,frame_020.00.png
100,SB,A2o,0,0,100,0,false,frame_020.00.png
100,SB,K2o,0,0,100,0,false,frame_020.00.png
100,SB,Q2o,0,0,100,0,false,frame_020.00.png
100,SB,J2o,0,0,100,0,false,frame_020.00.png
100,SB,T2o,0,0,100,0,false,frame_020.00.png
100,SB,92o,0,0,0,100,false,frame_020.00.png
100,SB,82o,0,0,0,100,false,frame_020.00.png
100,SB,72o,0,0,0,100,false,frame_020.00.png
100,SB,62o,0,0,0,100,false,frame_020.00.png
100,SB,52o,0,0,0,100,false,frame_020.00.png
100,SB,42o,0,0,0,100,false,frame_020.00.png
100,SB,32o,0,0,0,100,false,frame_020.00.png
100,SB,22,0,0,100,0,false,frame_020.00.png
